seed,feature,baseline_mean,contribution_mean,mean_difference_contribution_minus_baseline,baseline_median,contribution_median,median_difference_contribution_minus_baseline,baseline_std,contribution_std,cohens_d_contribution_minus_baseline,ks_statistic,ks_p_value,wasserstein_distance,wasserstein_distance_over_pooled_std,histogram_overlap
1001,fitness,6.234001249999986,6.620069374999985,0.38606812499999865,5.687999999999998,5.8619999999999965,0.1739999999999986,4.4502985471199885,4.803782133414454,0.08337136582768058,0.03649999999999998,4.577553054941723e-05,0.39027662499999827,0.08428019090378798,0.958125
1001,steps,193.866875,195.941875,2.075000000000017,187.0,187.0,0.0,42.61878286312709,43.76495740297681,0.048034217668469506,0.023125000000000062,0.02730542289848703,2.1582500000000007,0.04996137363034867,0.93975
1001,food_collected,1.236375,1.339875,0.10349999999999993,1.0,1.0,0.0,1.0905282478574319,1.1747808239731357,0.09130941646946301,0.03237500000000004,0.00044606057197282096,0.10349999999999993,0.09130941646946301,0.967625
1001,wall_collisions,20.32925,20.184875,-0.1443749999999966,12.0,12.0,0.0,26.82427248663978,26.09123792069619,-0.005455947603776424,0.02037499999999992,0.071237958516288,0.4718749999999997,0.017832209700654956,0.96
1001,hazard_contacts,1.77175,2.21075,0.43900000000000006,0.0,0.0,0.0,3.6737789723253633,4.165643340169679,0.1117712643993172,0.04425000000000001,3.0382243286500377e-07,0.44299999999999984,0.11278968138701025,0.95325
1001,path_length,5.677475756130727,5.7982557464640125,0.12077999033328535,5.806673526763916,5.9039716720581055,0.09729814529418945,2.3457517736639852,2.392888281214594,0.050970939042554494,0.027249999999999996,0.005163329029411919,0.1223045953184701,0.05161434485463801,0.9597500000000001
1001,displacement,1.0728899408814176,1.0955285456237616,0.022638604742343915,1.1347535252571106,1.183700442314148,0.048946917057037354,0.5477271033734858,0.5419308525317693,0.04154857844457608,0.031125000000000014,0.0008426387974841324,0.026553263148423864,0.04873314188034778,0.9564999999999999
1001,loop_score,6.071940996991699,6.148364515378993,0.07642351838729411,5.918341612670151,6.1503956201195376,0.23205400744938665,3.2498797810054256,3.2543744110225696,0.02349807411155505,0.028874999999999984,0.002485955847712231,0.11743005027170261,0.03610642486026746,0.9600000000000002
1001,bbox_area,1.4287243198518167,1.5435773333846645,0.11485301353284783,1.1476428508758545,1.2032225728034973,0.05557972192764282,1.0983847496573265,1.1387704528175908,0.10265459117836302,0.07087500000000002,6.446186088816061e-18,0.11490321614532109,0.1026994618221625,0.932
1002,fitness,6.6817199999999835,6.900753624999982,0.2190336249999989,5.977499999999997,6.275499999999997,0.29800000000000004,4.960129144120121,5.197486767099473,0.04311251080333341,0.03200000000000003,0.000541264602561744,0.2937216249999978,0.05781339157850817,0.939875
1002,steps,197.69625,202.136625,4.440375000000017,187.0,191.0,4.0,45.6629552913245,47.32885175671785,0.09547906006023323,0.05862500000000004,2.1606529780963683e-12,4.469124999999999,0.09609725626589828,0.9218749999999999
1002,food_collected,1.3645,1.46975,0.10524999999999984,1.0,1.0,0.0,1.1853859076267104,1.234437093374952,0.08696653122237948,0.03974999999999995,6.28336601573899e-06,0.10649999999999987,0.08799938788772843,0.9602499999999999
1002,wall_collisions,26.339375,27.20625,0.8668750000000003,14.0,13.0,-1.0,31.62151086854287,33.67132624262816,0.026538714058051516,0.02862500000000001,0.002789493136092877,1.394625,0.04269537602677443,0.9472499999999999
1002,hazard_contacts,1.4815,1.59725,0.11575000000000002,0.0,0.0,0.0,3.3420663892268805,3.522150257655116,0.03371191789411876,0.017625000000000002,0.16458642420249414,0.16225,0.047254934585924564,0.9786250000000001
1002,path_length,6.393750656588003,6.150271526054246,-0.24347913053375692,6.501625299453735,6.285128355026245,-0.21649694442749023,2.5098788905344,2.2502309039430144,-0.10214156223513453,0.06800000000000006,1.5857614931892373e-16,0.2670159553934354,0.11201546007579155,0.91725
1002,displacement,1.104878716280451,1.0772957778446726,-0.027582938435778415,1.1917153000831604,1.1362059712409973,-0.055509328842163086,0.5413259853008786,0.5616770780950286,-0.05000261900969189,0.03862500000000002,1.2736536842194818e-05,0.03631451879563974,0.06583131279092909,0.94825
1002,loop_score,6.663904614956624,6.726826832116326,0.06292221715970214,6.315212031123465,6.681992885989187,0.36678085486572165,3.8441161237085724,3.9254070171339626,0.016195290163523692,0.02862500000000001,0.002789493136092877,0.1473683940280992,0.03793054361323552,0.95
1002,bbox_area,1.5088345894113881,1.5591985240910986,0.050363934679710454,1.1914872527122498,1.1869927048683167,-0.0044945478439331055,1.0684859161292364,1.1429921961039158,0.04551908472376347,0.036250000000000004,5.295773351396206e-05,0.0872237331307874,0.078833088072897,0.9297500000000001
1003,fitness,6.5044614999999855,5.742965499999989,-0.7614959999999966,5.934999999999997,5.437499999999995,-0.4975000000000023,4.531747105506617,4.4595115067470825,-0.1693697991022165,0.07800000000000001,1.2969676734888872e-21,0.769858499999998,0.17122976283806346,0.9135
1003,steps,196.621125,191.155375,-5.465750000000014,187.0,185.0,-2.0,43.110011351591815,41.979968242119654,-0.12845052950659433,0.06862500000000005,7.99424803774945e-17,5.5335,0.13004272149745927,0.8995000000000001
1003,food_collected,1.333,1.166,-0.16700000000000004,1.0,1.0,0.0,1.0908074990574643,1.032203468314266,-0.15725399322746395,0.05687500000000001,1.0923259758891672e-11,0.16699999999999987,0.1572539932274638,0.943125
1003,wall_collisions,24.655125,31.151125,6.495999999999999,13.0,14.0,1.0,31.690640356963048,38.819950234826095,0.18330986958097673,0.08824999999999994,1.4838857581408712e-27,6.7115,0.18939103905368312,0.8959999999999999
1003,hazard_contacts,1.719375,1.643125,-0.07625000000000015,0.0,0.0,0.0,3.7771516529489517,3.5498612979065816,-0.020802085652072325,0.004750000000000032,0.999987933600284,0.07625000000000004,0.020802085652072297,0.99425
1003,path_length,6.3136078947259335,5.853826499272365,-0.4597813954535681,6.4247636795043945,5.807379722595215,-0.6173839569091797,2.4773542503824864,2.615493448509873,-0.1804819833901622,0.11162499999999997,7.233876297541215e-44,0.49514256760144604,0.19436261133065152,0.8912500000000001
1003,displacement,1.1137039249492118,1.069440621650657,-0.04426330329855488,1.193624198436737,1.1510224342346191,-0.04260176420211792,0.5466847144596361,0.5304735951932474,-0.08217088373980021,0.040750000000000064,3.2963296138809764e-06,0.045357929579861775,0.08420296002414601,0.9477500000000001
1003,loop_score,6.659076603019239,5.619968570809404,-1.0391080322098345,6.736863893705402,5.361445629678737,-1.3754182640266643,3.5137980320763735,3.220506383503162,-0.30828991692128616,0.15662500000000001,3.618589698122997e-86,1.0416183581287097,0.30903469816152884,0.84825
1003,bbox_area,1.3885576347482462,1.2779045875922883,-0.11065304715595792,1.1635466814041138,1.1494986414909363,-0.01404803991317749,0.9924209196351462,0.9099183181102405,-0.11621714976561186,0.05862500000000004,2.1606529780963683e-12,0.11078686580304414,0.11635769737952376,0.91675
1004,fitness,5.199991374999991,5.4492176249999895,0.24922624999999865,5.072999999999999,5.228999999999999,0.15600000000000058,4.084428923521684,4.598057285176449,0.05730518837306774,0.042749999999999955,8.645997588655412e-07,0.4341924999999983,0.09983492109147112,0.9301250000000001
1004,steps,183.32025,186.053375,2.733125000000001,180.0,180.0,0.0,40.4043338014315,43.28376457875834,0.06527422652371952,0.04112499999999997,2.5773575980843245e-06,3.195125,0.076308003849659,0.93675
1004,food_collected,0.974875,1.089875,0.11499999999999988,1.0,1.0,0.0,0.9942302220185222,1.1107643694208957,0.10909006687659135,0.043875,3.9594790675208296e-07,0.11499999999999994,0.1090900668765914,0.9561250000000001
1004,wall_collisions,23.6855,28.92875,5.24325,12.0,15.0,3.0,30.201437709983278,34.264492166636586,0.16233504805346471,0.08874999999999994,7.289777355410312e-28,5.24375,0.16235052843758274,0.9071250000000001
1004,hazard_contacts,1.51775,1.674375,0.15662500000000001,0.0,0.0,0.0,3.2192289352421026,3.5947313334065734,0.04589928168387381,0.015124999999999944,0.3163012838515121,0.1566249999999998,0.04589928168387374,0.983625
1004,path_length,5.572395919689908,5.892625816095037,0.3202298964051282,5.544167995452881,6.036275386810303,0.4921073913574219,2.4537787176553136,2.5747661539069453,0.12732002863367614,0.08499999999999996,1.3648474578214631e-25,0.34249282397947034,0.13617153378061816,0.914
1004,displacement,1.0885668870810405,1.063341923032337,-0.025224964048703447,1.1688205003738403,1.1351034045219421,-0.03371709585189819,0.5711479714372935,0.5753559514827825,-0.04400022894981416,0.03237500000000004,0.00044606057197282096,0.02579294832422329,0.04499097122062632,0.95325
1004,loop_score,5.71411489188255,5.69177126825694,-0.022343623625610043,5.560552929519725,5.641353763837012,0.08080083431728724,3.255330747770699,3.268289839021308,-0.006849626745049388,0.023625000000000007,0.02264002340857364,0.1512223597110508,0.046358493003751174,0.9452499999999999
1004,bbox_area,1.3042759095105165,1.3671490981562069,0.06287318864569036,1.0591838955879211,1.056589126586914,-0.00259476900100708,1.034220371019807,1.101428570100108,0.05884689176951995,0.043875,3.9594790675208296e-07,0.06892149864126038,0.06450787781722235,0.93625
1005,fitness,4.769194624999991,4.690431374999993,-0.07876324999999795,4.6904999999999974,3.7429999999999968,-0.9475000000000007,4.491172433340319,4.603737133546018,-0.017317884268930304,0.045999999999999985,8.56868260670419e-08,0.2703847499999993,0.05945021070846826,0.933
1005,steps,179.773625,176.899,-2.874625000000009,175.0,172.0,-3.0,40.19121955551206,39.81269959447613,-0.0718568087494921,0.04824999999999999,1.5660036516456916e-08,3.1621249999999996,0.07904342700943148,0.9432499999999999
1005,food_collected,0.9145,0.843625,-0.07087500000000002,1.0,1.0,0.0,1.0075662509234815,1.0414758083484226,-0.06916487363319926,0.05299999999999999,3.316254062616825e-10,0.09312499999999996,0.09087800856566738,0.9470000000000001
1005,wall_collisions,37.80425,38.20025,0.3959999999999937,21.0,24.0,3.0,38.144435137218906,36.2509124014486,0.010641715260339444,0.08912499999999995,4.266262348968308e-28,2.60125,0.06990343894181418,0.89575
1005,hazard_contacts,1.443875,0.9875,-0.456375,0.0,0.0,0.0,3.281592598781116,2.3846055753520328,-0.15909561097662517,0.04512499999999997,1.6234320043464836e-07,0.4586250000000006,0.15987997717700317,0.9548749999999999
1005,path_length,5.877757736576895,6.050506156692048,0.1727484201151528,5.797459840774536,5.876445293426514,0.07898545265197754,2.6754028538299135,2.964726601828448,0.0611726377468345,0.040874999999999995,3.03753151148775e-06,0.23798821990523722,0.08427496560936747,0.9404999999999999
1005,displacement,1.121061342647299,1.1276391912525288,0.006577848605229697,1.195418357849121,1.1923015117645264,-0.0031168460845947266,0.5860414833068526,0.6071830037848961,0.011022913751261515,0.03500000000000003,0.00010811454099820667,0.027128006977378393,0.04546010391870681,0.95
1005,loop_score,4.439551056361183,3.7623231721944057,-0.6772278841667774,3.78704816980352,2.9014124499837246,-0.8856357198197955,2.9287350415616102,2.7909557268816445,-0.23672229740604508,0.1442500000000001,4.269589751240806e-73,0.6885775419960651,0.24068952489170464,0.8567500000000001
1005,bbox_area,1.5544930494100593,1.7551772039730023,0.20068415456294297,1.2121856212615967,1.2998979687690735,0.0877123475074768,1.1421503726051714,1.2777418355442287,0.1655919527945956,0.08737499999999998,5.097740325446882e-27,0.20079349111468742,0.16568217044608194,0.9035000000000001
