rank_within_seed,seed,evaluation,fitness,latent_0,latent_1,euclidean_cell,geodesic_cell,euclidean_centroid_index,geodesic_centroid_index,euclidean_distance_to_euclidean_choice,euclidean_distance_to_geodesic_choice,geodesic_distance_to_geodesic_choice,geodesic_distance_to_euclidean_choice,geodesic_gap_euclidean_choice_minus_geodesic_choice,geodesic_blowup_ratio_euclidean_choice_over_geodesic_choice,centroid_cell_displacement,actual_run_inserted,actual_run_replaced,final_euclidean_cell_occupied,final_euclidean_cell_fitness,candidate_minus_final_euclidean_cell_fitness,final_geodesic_cell_occupied,final_geodesic_cell_fitness,candidate_minus_final_geodesic_cell_fitness,global_rank
1,1003,12598,22.949999999999992,0.7394869923591614,-25.696067810058594,"(11,4)","(10,6)",279,256,1.513832878333747,4.895285786671053,5.15730943472243,167.78088814604257,162.62357871132014,32.532639406204765,2.23606797749979,True,False,False,nan,nan,True,26.389999999999958,-3.4399999999999658,1
2,1003,17983,30.779999999999895,-13.555269241333008,-23.627544403076172,"(5,5)","(7,6)",130,181,0.8813163868702376,4.581929613087624,5.493689896938098,167.77046026187384,162.27677036493574,30.53875690278414,2.23606797749979,True,True,True,30.294999999999877,0.4850000000000172,True,30.779999999999895,0.0,2
3,1003,11632,15.828000000000017,4.7347493171691895,-20.751293182373047,"(13,6)","(12,8)",331,308,1.2255043080718944,4.579648284195665,5.626428491420471,167.86577054982718,162.2393420584067,29.835226877192053,2.23606797749979,False,False,True,16.10200000000001,-0.2739999999999938,True,22.109999999999992,-6.281999999999975,3
1,1001,10501,20.348,-6.927069187164307,-22.35885238647461,"(10,5)","(12,7)",255,307,0.7621691583683567,5.109541359903171,5.336054578739512,135.13273269031023,129.7966781115707,25.3244659881705,2.8284271247461903,True,False,True,22.44499999999994,-2.096999999999941,True,20.799999999999986,-0.4519999999999875,4
4,1003,6534,29.294999999999973,-7.628303050994873,-26.19779396057129,"(8,4)","(6,5)",204,155,0.9776144844205821,4.327938657483643,6.907124697500868,168.42450322951098,161.5173785320101,24.384170057107877,2.23606797749979,False,False,True,30.62499999999994,-1.3299999999999663,True,32.96499999999989,-3.6699999999999164,5
5,1003,6355,26.184999999999974,-7.680899620056152,-26.434120178222656,"(8,4)","(6,5)",204,155,0.8528880837506285,4.3818903190398215,6.964381239388134,168.48175977139823,161.5173785320101,24.191920858456687,2.23606797749979,False,False,True,30.62499999999994,-4.439999999999966,True,32.96499999999989,-6.779999999999916,6
2,1001,7212,3.471999999999998,-3.817187547683716,-28.78978729248047,"(12,2)","(12,5)",302,305,0.938886688280074,5.757522765616583,5.853207462503463,135.32766059634648,129.474453133843,23.120256963942598,3.0,False,False,True,16.67499999999998,-13.202999999999982,True,15.656000000000018,-12.18400000000002,7
3,1001,11657,6.6649999999999965,1.1163787841796875,-26.742141723632812,"(15,3)","(12,4)",378,304,0.7450670663151193,4.765421739988545,5.884291544603242,135.41762561639845,129.53333407179522,23.013411995297254,3.1622776601683795,True,False,True,6.020999999999997,0.6439999999999992,True,6.6649999999999965,0.0,8
4,1001,14799,25.064999999999937,-18.618701934814453,-26.456844329833984,"(2,3)","(4,5)",53,105,1.2349615144649648,4.194702792981065,6.0166262257534875,135.4070152192361,129.3903889934826,22.505472359183905,2.8284271247461903,True,False,True,23.774999999999956,1.2899999999999814,True,25.62999999999994,-0.5650000000000013,9
5,1001,18296,27.569999999999922,-19.433061599731445,-22.5352725982666,"(2,5)","(5,5)",55,130,0.515742713129749,4.880255093407344,6.498713784894045,135.67102602170615,129.1723122368121,20.87659658701497,3.0,True,True,True,28.344999999999942,-0.7750000000000199,True,27.569999999999922,0.0,10
6,1003,11755,23.43999999999997,-7.044179439544678,-27.332096099853516,"(8,4)","(9,7)",204,232,0.389712397155747,8.222170958295866,8.258235009426995,170.89705886463565,162.63882385520867,20.694138477477587,3.1622776601683795,False,False,True,30.62499999999994,-7.18499999999997,True,30.664999999999992,-7.225000000000023,11
6,1001,10006,18.53499999999995,-8.378617286682129,-29.906349182128906,"(9,2)","(10,5)",227,255,0.3280245573075075,7.086497376703575,7.119215770167424,136.83376840665488,129.71455263648747,19.220342917551008,3.1622776601683795,False,False,True,20.97499999999995,-2.4400000000000013,True,22.44499999999994,-3.9099999999999895,12
7,1003,3270,31.474999999999955,-9.931927680969238,-30.9809627532959,"(7,2)","(6,5)",177,155,1.1544314636612831,6.74036755097844,8.97307288389975,170.49045141590986,161.5173785320101,19.000230313722106,3.1622776601683795,True,True,False,nan,nan,True,32.96499999999989,-1.4899999999999345,13
8,1003,11828,28.659999999999954,-8.12501335144043,-28.330303192138672,"(8,3)","(7,7)",203,182,1.584067527265949,8.95667322574153,9.433317511585528,172.00271147071066,162.56939395912514,18.233533564354804,4.123105625617661,True,True,False,nan,nan,True,28.659999999999954,0.0,14
7,1001,10276,24.949999999999953,-14.766073226928711,-4.416286468505859,"(5,13)","(5,14)",138,139,1.0803120846854153,1.1469417193007108,1.163672235381746,3.1344851581869113,1.9708129228051654,2.6936151459853597,1.0,False,False,True,30.804999999999954,-5.855,True,28.864999999999952,-3.914999999999999,15
9,1003,10607,12.003999999999973,-1.2506822347640991,-11.838397026062012,"(11,10)","(10,10)",285,260,1.1408244139773454,1.1650477244574142,1.3091690075178748,3.3657527289314277,2.0565837214135527,2.5709077358260584,1.0,False,False,True,22.36999999999996,-10.365999999999985,True,23.689999999999987,-11.686000000000014,16
8,1001,16148,3.1899999999999973,-3.266434907913208,-24.202884674072266,"(12,4)","(12,5)",304,305,1.0492796879279906,1.1645043541202975,1.455842713662491,3.628168106832638,2.172325393170147,2.4921429168025897,1.0,False,False,True,6.6649999999999965,-3.474999999999999,True,15.656000000000018,-12.46600000000002,17
1,1002,4325,4.372999999999997,-3.9117207527160645,-19.517574310302734,"(16,6)","(16,7)",406,407,1.4642456463703104,1.4906015533247912,1.4933145123760811,3.706531647695771,2.21321713531969,2.4820837251478514,1.0,False,False,True,12.266999999999985,-7.893999999999989,True,15.354999999999967,-10.981999999999971,18
9,1001,4624,24.499999999999947,-15.246904373168945,-4.53804874420166,"(5,13)","(5,14)",138,139,1.1546386440383198,1.4199737985376386,1.421891082487812,3.3927040052929773,1.9708129228051654,2.386050554137334,1.0,False,False,True,30.804999999999954,-6.305000000000007,True,28.864999999999952,-4.3650000000000055,19
2,1002,7885,-1.9899999999999975,14.481691360473633,-9.874298095703125,"(22,10)","(21,10)",560,535,1.659522401308882,1.8614930370545437,1.9953749215068923,4.750567671919875,2.7551927504129825,2.38078950512833,1.0,False,False,True,-2.146999999999998,0.15700000000000047,True,6.699999999999999,-8.689999999999998,20
10,1003,5669,8.97999999999999,20.589658737182617,-0.715954065322876,"(20,14)","(20,15)",514,515,1.246795650763161,1.2543471981771628,1.257347960940786,2.9912719577123896,1.7339239967716036,2.379032734482051,1.0,False,False,True,14.35899999999997,-5.37899999999998,True,13.238999999999988,-4.258999999999999,21
3,1002,12657,17.894999999999925,-16.857219696044922,9.689457893371582,"(12,17)","(12,16)",317,316,1.4645615181787404,1.9318615502050551,1.9884399619881916,4.664576722714408,2.676136760726216,2.34584740393691,1.0,False,False,True,25.194999999999997,-7.300000000000072,True,25.119999999999948,-7.225000000000023,22
10,1001,16667,17.026999999999937,-4.951269626617432,-21.633573532104492,"(11,6)","(11,5)",281,280,0.7842049990316895,1.4142713618503682,1.4175530830318752,3.319730777807311,1.9021776947754356,2.341874048700202,1.0,True,True,True,16.924999999999994,0.10199999999994347,True,19.549999999999926,-2.522999999999989,23
4,1002,4183,0.41400000000000214,14.53668212890625,-9.56233024597168,"(22,10)","(21,10)",560,535,1.5404992537968276,1.8590447313877612,2.0535553370911552,4.808748087504138,2.7551927504129825,2.3416695915853385,1.0,False,False,True,-2.146999999999998,2.561,True,6.699999999999999,-6.285999999999997,24
5,1002,293,2.2739999999999982,1.2422819137573242,-16.746509552001953,"(18,7)","(17,8)",457,433,1.8490270289618844,2.609833955227255,3.2302965038298654,7.549363943178315,4.31906743934845,2.3370498448757653,1.4142135623730951,False,False,True,7.795999999999997,-5.5219999999999985,True,18.629999999999967,-16.35599999999997,25
11,1003,12458,7.824999999999997,24.0948429107666,10.672734260559082,"(22,19)","(21,19)",569,544,1.0339880891826827,1.2778520397384248,1.376096540492549,3.215831895919152,1.839735355426603,2.3369231745674637,1.0,False,False,True,4.280999999999997,3.5439999999999996,True,8.084999999999988,-0.2599999999999918,26
11,1001,13471,3.1039999999999983,8.430255889892578,2.2220559120178223,"(19,17)","(19,16)",492,491,1.2687553650082146,1.2980382856641106,1.3575467911118695,3.1602415751918524,1.802694784079983,2.3279061877517493,1.0,False,False,True,7.944999999999997,-4.840999999999998,True,13.176999999999998,-10.073,27
6,1002,10846,18.040999999999997,-16.164636611938477,-13.301263809204102,"(12,9)","(13,9)",309,334,1.877255787774694,2.080006889324552,2.155583011338652,4.983471007794562,2.8278879964559103,2.3118900926481816,1.0,False,False,True,23.79,-5.749000000000002,True,23.92999999999999,-5.888999999999992,28
7,1002,5054,2.293,1.2978180646896362,-16.76513671875,"(18,7)","(17,8)",457,433,1.7968615308024443,2.665377044480833,3.2871776582521957,7.588781558982376,4.30160390073018,2.308600978694093,1.4142135623730951,False,False,True,7.795999999999997,-5.502999999999997,True,18.629999999999967,-16.336999999999968,29
12,1003,17308,5.121999999999997,-5.893380641937256,4.372506141662598,"(8,17)","(8,16)",217,216,1.6027491195191497,1.7344043336404007,1.8762418669554168,4.306428678243708,2.4301868112882907,2.2952417564542262,1.0,False,False,True,15.083999999999975,-9.961999999999978,True,17.519999999999936,-12.39799999999994,30
12,1001,15901,17.378999999999998,-5.577594757080078,-15.67774486541748,"(11,8)","(10,9)",283,259,0.9701154802655841,1.7445184279337882,1.8200895902990553,4.141069309799661,2.320979719500606,2.2752008098234606,1.4142135623730951,False,False,True,20.053999999999995,-2.674999999999997,True,24.240000000000013,-6.861000000000015,31
8,1002,2901,18.9449999999999,-23.235692977905273,0.46146321296691895,"(10,13)","(11,13)",263,288,1.7188642328922272,2.419927959007098,2.6709731606726947,6.0512038701487425,3.3802307094760478,2.2655427464590185,1.0,True,False,True,26.80999999999992,-7.86500000000002,True,28.73999999999995,-9.795000000000048,32
9,1002,3275,2.611999999999999,-2.684507369995117,-14.394434928894043,"(16,8)","(17,8)",408,433,1.7140850855160494,2.004335715512497,2.0541417923850043,4.538265967430808,2.484124175045804,2.2093245871608307,1.0,False,False,True,15.597999999999969,-12.985999999999969,True,18.629999999999967,-16.01799999999997,33
10,1002,10013,19.119999999999905,-23.635759353637695,-1.0588761568069458,"(10,13)","(11,13)",263,288,0.9301466306994114,2.54389407887747,2.807358475370774,6.187589184846821,3.3802307094760473,2.2040609487997833,1.0,False,False,True,26.80999999999992,-7.6900000000000155,True,28.73999999999995,-9.620000000000044,34
11,1002,5646,2.457999999999999,-2.6236202716827393,-16.4383602142334,"(16,8)","(17,8)",408,433,2.0373492608826758,2.195093607113478,2.2501075047390375,4.928028492058187,2.67792098731915,2.190130241190289,1.0,False,False,True,15.597999999999969,-13.13999999999997,True,18.629999999999967,-16.17199999999997,35
12,1002,5513,6.227999999999997,-4.392051696777344,-19.636775970458984,"(16,6)","(16,7)",406,407,1.3251721954439382,1.588521737668726,1.592290128182615,3.4559543232602623,1.8636641950776474,2.1704300379006742,1.0,False,False,True,12.266999999999985,-6.038999999999988,True,15.354999999999967,-9.12699999999997,36
