evaluation,event,filled_cells,coverage,qd_score,raw_qd_score,qd_score_fitness_floor,max_fitness,mean_fitness,occupancy_entropy,mean_pairwise_descriptor_euclidean,mean_pairwise_descriptor_knn_geodesic,pairwise_geodesic_k,pairwise_geodesic_finite_fraction,pairwise_geodesic_disconnected_pairs,geodesic_graph_support_points,geodesic_graph_visited_points,geodesic_graph_reservoir_points,geodesic_graph_rolling_buffer_points,geodesic_graph_centroids,geodesic_graph_k,geodesic_graph_refresh_count,geodesic_graph_finite_centroid_fraction,geodesic_graph_connected_components,geodesic_graph_largest_component_fraction,geodesic_graph_penalized_centroid_distances,geodesic_graph_cumulative_penalized_centroid_distances,geodesic_graph_refreshes_with_penalty,geodesic_graph_penalty_distance,geodesic_graph_reservoir_strategy,geodesic_graph_reservoir_seed
2000,bootstrap,125,0.2,1266.1509999999985,641.1509999999984,-5.0,17.80499999999991,5.129207999999987,0.7500000000000001,17.513854673050606,17.64261346688634,20,1.0,0,1625,2000,1000,1000,625,20,2,0.44771249230769233,4,0.997,560917,560917,1,170.44317542421894,rolling_recent_buffer,1004
2100,log,125,0.2,1325.1109999999983,700.1109999999983,-5.0,17.80499999999991,5.600887999999986,0.7500000000000001,nan,nan,20,nan,-1,1625,2100,1000,1000,625,20,2,0.44771249230769233,4,0.997,560917,560917,1,170.44317542421894,rolling_recent_buffer,1004
2200,log,125,0.2,1351.1979999999983,726.1979999999982,-5.0,17.80499999999991,5.809583999999985,0.7500000000000001,nan,nan,20,nan,-1,1625,2200,1000,1000,625,20,2,0.44771249230769233,4,0.997,560917,560917,1,170.44317542421894,rolling_recent_buffer,1004
2300,log,133,0.2128,1473.208999999998,808.2089999999982,-5.0,17.80499999999991,6.076759398496227,0.7596361888893296,nan,nan,20,nan,-1,1625,2300,1000,1000,625,20,3,0.5167783384615384,3,0.997,490772,1051689,2,176.80043733666807,rolling_recent_buffer,1004
2400,log,141,0.2256,1604.8409999999976,899.8409999999981,-5.0,21.819999999999943,6.381851063829774,0.7687093506598378,nan,nan,20,nan,-1,1625,2400,1000,1000,625,20,3,0.5167783384615384,3,0.997,490772,1051689,2,176.80043733666807,rolling_recent_buffer,1004
2500,log,153,0.2448,1785.3139999999976,1020.3139999999978,-5.0,21.819999999999943,6.668718954248352,0.7813967041736396,nan,nan,20,nan,-1,1625,2500,1000,1000,625,20,4,0.6129693538461538,1,1.0,393078,1444767,3,176.80043733666807,rolling_recent_buffer,1004
2600,log,159,0.2544,1875.8319999999974,1080.8319999999976,-5.0,21.819999999999943,6.79768553459118,0.7873718151938622,nan,nan,20,nan,-1,1625,2600,1000,1000,625,20,4,0.6129693538461538,1,1.0,393078,1444767,3,176.80043733666807,rolling_recent_buffer,1004
2700,log,163,0.2608,1959.290999999997,1144.2909999999974,-5.0,21.819999999999943,7.020190184049064,0.7912312369203198,nan,nan,20,nan,-1,1625,2700,1000,1000,625,20,4,0.6129693538461538,1,1.0,393078,1444767,3,176.80043733666807,rolling_recent_buffer,1004
2800,log,172,0.2752,2060.7369999999974,1200.7369999999974,-5.0,21.819999999999943,6.981029069767427,0.7995795359742125,nan,nan,20,nan,-1,1625,2800,1000,1000,625,20,5,0.6074633846153846,1,1.0,398670,1843437,4,176.80043733666807,rolling_recent_buffer,1004
2900,log,179,0.2864,2170.8229999999967,1275.8229999999971,-5.0,21.819999999999943,7.127502793296073,0.8057760050518812,nan,nan,20,nan,-1,1625,2900,1000,1000,625,20,5,0.6074633846153846,1,1.0,398670,1843437,4,176.80043733666807,rolling_recent_buffer,1004
3000,log,182,0.2912,2230.574999999997,1320.5749999999969,-5.0,21.819999999999943,7.255906593406576,0.8083577885906608,19.189849503566816,19.336575511474585,20,1.0,0,1625,3000,1000,1000,625,20,6,0.6111320615384616,1,1.0,394944,2238381,5,179.35197491798738,rolling_recent_buffer,1004
3100,log,188,0.3008,2320.2139999999968,1380.2139999999968,-5.0,21.819999999999943,7.3415638297872166,0.813396081075038,nan,nan,20,nan,-1,1625,3100,1000,1000,625,20,6,0.6111320615384616,1,1.0,394944,2238381,5,179.35197491798738,rolling_recent_buffer,1004
3200,log,197,0.3152,2459.265999999996,1474.2659999999964,-5.0,21.819999999999943,7.483583756345159,0.8206597607651288,nan,nan,20,nan,-1,1625,3200,1000,1000,625,20,6,0.6111320615384616,1,1.0,394944,2238381,5,179.35197491798738,rolling_recent_buffer,1004
3300,log,202,0.3232,2560.604999999996,1550.6049999999962,-5.0,21.819999999999943,7.676262376237605,0.8245530405974199,nan,nan,20,nan,-1,1625,3300,1000,1000,625,20,7,0.6203382153846154,1,1.0,385594,2623975,6,170.44317542421894,rolling_recent_buffer,1004
3400,log,203,0.3248,2605.519999999996,1590.519999999996,-5.0,21.819999999999943,7.835073891625595,0.8253201223224168,nan,nan,20,nan,-1,1625,3400,1000,1000,625,20,7,0.6203382153846154,1,1.0,385594,2623975,6,170.44317542421894,rolling_recent_buffer,1004
3500,log,206,0.3296,2681.454999999996,1651.4549999999958,-5.0,21.819999999999943,8.016771844660173,0.8275988976691475,nan,nan,20,nan,-1,1625,3500,1000,1000,625,20,8,0.5846912,2,0.996,421798,3045773,7,211.3901797313864,rolling_recent_buffer,1004
3600,log,207,0.3312,2702.5779999999954,1667.5779999999957,-5.0,21.819999999999943,8.055932367149737,0.8283511206095876,nan,nan,20,nan,-1,1625,3600,1000,1000,625,20,8,0.5846912,2,0.996,421798,3045773,7,211.3901797313864,rolling_recent_buffer,1004
3700,log,210,0.336,2739.712999999996,1689.7129999999956,-5.0,21.819999999999943,8.04625238095236,0.8305861769203865,nan,nan,20,nan,-1,1625,3700,1000,1000,625,20,8,0.5846912,2,0.996,421798,3045773,7,211.3901797313864,rolling_recent_buffer,1004
3800,log,216,0.3456,2816.5859999999952,1736.5859999999955,-5.0,21.819999999999943,8.039749999999978,0.8349620644195339,nan,nan,20,nan,-1,1625,3800,1000,1000,625,20,9,0.596689723076923,2,0.994,409612,3455385,8,211.3901797313864,rolling_recent_buffer,1004
3900,log,220,0.352,2888.5319999999956,1788.5319999999952,-5.0,21.819999999999943,8.129690909090886,0.8378123046379412,nan,nan,20,nan,-1,1625,3900,1000,1000,625,20,9,0.596689723076923,2,0.994,409612,3455385,8,211.3901797313864,rolling_recent_buffer,1004
4000,log,221,0.3536,2942.1159999999954,1837.115999999995,-5.0,25.739999999999924,8.312742081447942,0.8385167672224175,21.426921043113406,21.634063620609044,20,1.0,0,1625,4000,1000,1000,625,20,10,0.6295936,1,1.0,376194,3831579,9,225.72402227982744,rolling_recent_buffer,1004
4100,log,224,0.3584,2984.148999999995,1864.1489999999949,-5.0,25.739999999999924,8.322093749999977,0.8406111863722832,nan,nan,20,nan,-1,1625,4100,1000,1000,625,20,10,0.6295936,1,1.0,376194,3831579,9,225.72402227982744,rolling_recent_buffer,1004
4200,log,227,0.3632,3022.941999999995,1887.941999999995,-5.0,25.739999999999924,8.316925110132136,0.8426777410252432,nan,nan,20,nan,-1,1625,4200,1000,1000,625,20,10,0.6295936,1,1.0,376194,3831579,9,225.72402227982744,rolling_recent_buffer,1004
4300,log,231,0.3696,3109.890999999995,1954.8909999999946,-5.0,25.739999999999924,8.462731601731578,0.8453910630032827,nan,nan,20,nan,-1,1625,4300,1000,1000,625,20,11,0.6463773538461538,1,1.0,359148,4190727,10,225.72402227982744,rolling_recent_buffer,1004
4400,log,233,0.3728,3187.7189999999946,2022.7189999999946,-5.0,25.739999999999924,8.68119742489268,0.846730155207043,nan,nan,20,nan,-1,1625,4400,1000,1000,625,20,11,0.6463773538461538,1,1.0,359148,4190727,10,225.72402227982744,rolling_recent_buffer,1004
4500,log,233,0.3728,3210.485999999995,2045.4859999999946,-5.0,25.739999999999924,8.778909871244613,0.846730155207043,nan,nan,20,nan,-1,1625,4500,1000,1000,625,20,12,0.6633206153846154,1,1.0,341940,4532667,11,225.72402227982744,rolling_recent_buffer,1004
4600,log,236,0.3776,3261.4689999999946,2081.4689999999946,-5.0,25.739999999999924,8.819783898305062,0.8487173942550784,nan,nan,20,nan,-1,1625,4600,1000,1000,625,20,12,0.6633206153846154,1,1.0,341940,4532667,11,225.72402227982744,rolling_recent_buffer,1004
4700,log,238,0.3808,3305.9869999999946,2115.986999999994,-5.0,25.739999999999924,8.890701680672244,0.8500282352295372,nan,nan,20,nan,-1,1625,4700,1000,1000,625,20,12,0.6633206153846154,1,1.0,341940,4532667,11,225.72402227982744,rolling_recent_buffer,1004
4800,log,240,0.384,3353.969999999994,2153.9699999999943,-5.0,25.739999999999924,8.974874999999976,0.8513281066948895,nan,nan,20,nan,-1,1625,4800,1000,1000,625,20,13,0.6576551384615384,1,1.0,347694,4880361,12,225.72402227982744,rolling_recent_buffer,1004
4900,log,241,0.3856,3392.820999999994,2187.8209999999945,-5.0,25.739999999999924,9.078095435684624,0.8519739859357939,nan,nan,20,nan,-1,1625,4900,1000,1000,625,20,13,0.6576551384615384,1,1.0,347694,4880361,12,225.72402227982744,rolling_recent_buffer,1004
5000,log,241,0.3856,3401.5699999999943,2196.5699999999943,-5.0,25.739999999999924,9.11439834024894,0.8519739859357939,22.490053474981796,22.707512747823117,20,1.0,0,1625,5000,1000,1000,625,20,14,0.6557705846153846,1,1.0,349608,5229969,13,173.6642822301726,rolling_recent_buffer,1004
5100,log,242,0.3872,3431.689999999994,2221.689999999994,-5.0,25.739999999999924,9.180537190082621,0.8526171907208374,nan,nan,20,nan,-1,1625,5100,1000,1000,625,20,14,0.6557705846153846,1,1.0,349608,5229969,13,173.6642822301726,rolling_recent_buffer,1004
5200,log,245,0.392,3492.170999999994,2267.170999999994,-5.0,25.739999999999924,9.253759183673445,0.8545309775610839,nan,nan,20,nan,-1,1625,5200,1000,1000,625,20,14,0.6557705846153846,1,1.0,349608,5229969,13,173.6642822301726,rolling_recent_buffer,1004
5300,log,248,0.3968,3539.482999999994,2299.482999999994,-5.0,25.739999999999924,9.272108870967717,0.8564214722993756,nan,nan,20,nan,-1,1625,5300,1000,1000,625,20,15,0.6919138461538461,1,1.0,312900,5542869,14,174.68914189110353,rolling_recent_buffer,1004
5400,log,249,0.3984,3554.1869999999935,2309.1869999999935,-5.0,25.739999999999924,9.27384337349395,0.85704655859016,nan,nan,20,nan,-1,1625,5400,1000,1000,625,20,15,0.6919138461538461,1,1.0,312900,5542869,14,174.68914189110353,rolling_recent_buffer,1004
5500,log,250,0.4,3576.4699999999934,2326.469999999994,-5.0,25.739999999999924,9.305879999999975,0.8576691395183482,nan,nan,20,nan,-1,1625,5500,1000,1000,625,20,16,0.6880758153846154,1,1.0,316798,5859667,15,174.68914189110353,rolling_recent_buffer,1004
5600,log,254,0.4064,3637.2629999999936,2367.262999999994,-5.0,25.739999999999924,9.319933070866119,0.8601348061081646,nan,nan,20,nan,-1,1625,5600,1000,1000,625,20,16,0.6880758153846154,1,1.0,316798,5859667,15,174.68914189110353,rolling_recent_buffer,1004
5700,log,255,0.408,3679.2579999999934,2404.2579999999934,-5.0,25.739999999999924,9.428462745098013,0.8607451555521433,nan,nan,20,nan,-1,1625,5700,1000,1000,625,20,16,0.6880758153846154,1,1.0,316798,5859667,15,174.68914189110353,rolling_recent_buffer,1004
5800,log,258,0.4128,3726.085999999994,2436.085999999994,-5.0,25.739999999999924,9.442193798449589,0.8625619450773606,nan,nan,20,nan,-1,1625,5800,1000,1000,625,20,17,0.6880758153846154,1,1.0,316798,6176465,16,178.38066487401693,rolling_recent_buffer,1004
5900,log,261,0.4176,3802.4959999999933,2497.4959999999937,-5.0,25.739999999999924,9.568950191570858,0.8643577307848677,nan,nan,20,nan,-1,1625,5900,1000,1000,625,20,17,0.6880758153846154,1,1.0,316798,6176465,16,178.38066487401693,rolling_recent_buffer,1004
6000,log,262,0.4192,3839.7309999999934,2529.7309999999934,-5.0,25.739999999999924,9.655461832061043,0.8649517419624438,23.062926890721723,23.283370652779208,20,1.0,0,1625,6000,1000,1000,625,20,18,0.6996135384615385,1,1.0,305080,6481545,17,178.38066487401693,rolling_recent_buffer,1004
6100,log,263,0.4208,3873.081999999993,2558.081999999993,-5.0,25.739999999999924,9.726547528517084,0.8655434902348121,nan,nan,20,nan,-1,1625,6100,1000,1000,625,20,18,0.6996135384615385,1,1.0,305080,6481545,17,178.38066487401693,rolling_recent_buffer,1004
6200,log,264,0.4224,3921.694999999993,2601.694999999993,-5.0,25.739999999999924,9.854905303030277,0.8661329927777857,nan,nan,20,nan,-1,1625,6200,1000,1000,625,20,18,0.6996135384615385,1,1.0,305080,6481545,17,178.38066487401693,rolling_recent_buffer,1004
6300,log,264,0.4224,3930.894999999993,2610.894999999993,-5.0,25.739999999999924,9.889753787878762,0.8661329927777857,nan,nan,20,nan,-1,1625,6300,1000,1000,625,20,19,0.6388982153846153,1,1.0,366744,6848289,18,181.91479805216497,rolling_recent_buffer,1004
6400,log,266,0.4256,3973.9109999999932,2643.910999999993,-5.0,25.739999999999924,9.939515037593958,0.8673053284076778,nan,nan,20,nan,-1,1625,6400,1000,1000,625,20,19,0.6388982153846153,1,1.0,366744,6848289,18,181.91479805216497,rolling_recent_buffer,1004
6500,log,267,0.4272,3993.015999999993,2658.015999999993,-5.0,25.739999999999924,9.955116104868887,0.8678881948838495,nan,nan,20,nan,-1,1625,6500,1000,1000,625,20,20,0.653888,1,1.0,351520,7199809,19,181.91479805216497,rolling_recent_buffer,1004
6600,log,268,0.4288,4019.3209999999926,2679.320999999993,-5.0,25.739999999999924,9.997466417910422,0.8684688824148388,nan,nan,20,nan,-1,1625,6600,1000,1000,625,20,20,0.653888,1,1.0,351520,7199809,19,181.91479805216497,rolling_recent_buffer,1004
6700,log,268,0.4288,4027.6849999999927,2687.684999999993,-5.0,25.739999999999924,10.028675373134302,0.8684688824148388,nan,nan,20,nan,-1,1625,6700,1000,1000,625,20,20,0.653888,1,1.0,351520,7199809,19,181.91479805216497,rolling_recent_buffer,1004
6800,log,269,0.4304,4058.4329999999927,2713.432999999993,-5.0,25.739999999999924,10.087111524163543,0.8690474072312061,nan,nan,20,nan,-1,1625,6800,1000,1000,625,20,21,0.6785152,1,1.0,326508,7526317,20,181.91479805216497,rolling_recent_buffer,1004
6900,log,270,0.432,4088.3549999999923,2738.3549999999927,-5.0,25.739999999999924,10.142055555555528,0.8696237853828374,nan,nan,20,nan,-1,1625,6900,1000,1000,625,20,21,0.6785152,1,1.0,326508,7526317,20,181.91479805216497,rolling_recent_buffer,1004
7000,log,270,0.432,4114.315999999993,2764.3159999999925,-5.0,25.739999999999924,10.23820740740738,0.8696237853828374,23.265513379444656,23.475756507681087,20,1.0,0,1625,7000,1000,1000,625,20,22,0.6614301538461539,1,1.0,343860,7870177,21,181.91479805216497,rolling_recent_buffer,1004
7100,log,271,0.4336,4147.434999999992,2792.4349999999927,-5.0,25.739999999999924,10.304188191881892,0.8701980327416148,nan,nan,20,nan,-1,1625,7100,1000,1000,625,20,22,0.6614301538461539,1,1.0,343860,7870177,21,181.91479805216497,rolling_recent_buffer,1004
7200,log,272,0.4352,4154.742999999993,2794.7429999999927,-5.0,25.739999999999924,10.274790441176444,0.8707701650040401,nan,nan,20,nan,-1,1625,7200,1000,1000,625,20,22,0.6614301538461539,1,1.0,343860,7870177,21,181.91479805216497,rolling_recent_buffer,1004
7300,log,273,0.4368,4176.708999999993,2811.7089999999926,-5.0,25.739999999999924,10.299300366300338,0.8713401976938089,nan,nan,20,nan,-1,1625,7300,1000,1000,625,20,23,0.6785152,1,1.0,326508,8196685,22,193.90660722402794,rolling_recent_buffer,1004
7400,log,276,0.4416,4231.509999999992,2851.509999999993,-5.0,25.739999999999924,10.331557971014467,0.8730378510247877,nan,nan,20,nan,-1,1625,7400,1000,1000,625,20,23,0.6785152,1,1.0,326508,8196685,22,193.90660722402794,rolling_recent_buffer,1004
7500,log,276,0.4416,4242.969999999992,2862.9699999999925,-5.0,25.739999999999924,10.3730797101449,0.8730378510247877,nan,nan,20,nan,-1,1625,7500,1000,1000,625,20,24,0.6938358153846154,1,1.0,310948,8507633,23,193.90660722402794,rolling_recent_buffer,1004
7600,log,279,0.4464,4277.077999999992,2882.0779999999922,-5.0,25.739999999999924,10.330028673835098,0.8747171509873233,nan,nan,20,nan,-1,1625,7600,1000,1000,625,20,24,0.6938358153846154,1,1.0,310948,8507633,23,193.90660722402794,rolling_recent_buffer,1004
7700,log,280,0.448,4298.164999999992,2898.1649999999922,-5.0,25.739999999999924,10.350589285714259,0.8752729073355867,nan,nan,20,nan,-1,1625,7700,1000,1000,625,20,24,0.6938358153846154,1,1.0,310948,8507633,23,193.90660722402794,rolling_recent_buffer,1004
7800,log,280,0.448,4308.415999999992,2908.415999999992,-5.0,25.739999999999924,10.387199999999972,0.8752729073355867,nan,nan,20,nan,-1,1625,7800,1000,1000,625,20,25,0.6766089846153847,1,1.0,328444,8836077,24,193.90660722402794,rolling_recent_buffer,1004
7900,log,280,0.448,4328.899999999992,2928.8999999999924,-5.0,25.739999999999924,10.460357142857115,0.8752729073355867,nan,nan,20,nan,-1,1625,7900,1000,1000,625,20,25,0.6766089846153847,1,1.0,328444,8836077,24,193.90660722402794,rolling_recent_buffer,1004
8000,log,281,0.4496,4358.584999999992,2953.5849999999923,-5.0,25.739999999999924,10.510978647686805,0.8758266823735912,23.62104238686121,23.848338620265924,20,1.0,0,1625,8000,1000,1000,625,20,26,0.6728024615384616,1,1.0,332310,9168387,25,193.90660722402794,rolling_recent_buffer,1004
8100,log,281,0.4496,4370.116999999993,2965.1169999999925,-5.0,26.37499999999986,10.55201779359428,0.8758266823735912,nan,nan,20,nan,-1,1625,8100,1000,1000,625,20,26,0.6728024615384616,1,1.0,332310,9168387,25,193.90660722402794,rolling_recent_buffer,1004
8200,log,281,0.4496,4375.6639999999925,2970.6639999999925,-5.0,26.37499999999986,10.571758007117412,0.8758266823735912,nan,nan,20,nan,-1,1625,8200,1000,1000,625,20,26,0.6728024615384616,1,1.0,332310,9168387,25,193.90660722402794,rolling_recent_buffer,1004
8300,log,281,0.4496,4384.043999999993,2979.043999999992,-5.0,26.37499999999986,10.601580071174348,0.8758266823735912,nan,nan,20,nan,-1,1625,8300,1000,1000,625,20,27,0.6804233846153847,1,1.0,324570,9492957,26,189.45371747814815,rolling_recent_buffer,1004
8400,log,282,0.4512,4404.485999999993,2994.485999999992,-5.0,26.37499999999986,10.618744680851036,0.876378490178186,nan,nan,20,nan,-1,1625,8400,1000,1000,625,20,27,0.6804233846153847,1,1.0,324570,9492957,26,189.45371747814815,rolling_recent_buffer,1004
8500,log,282,0.4512,4410.729999999992,3000.7299999999923,-5.0,26.37499999999986,10.640886524822667,0.876378490178186,nan,nan,20,nan,-1,1625,8500,1000,1000,625,20,28,0.6690038153846154,1,1.0,336168,9829125,27,187.4083736399795,rolling_recent_buffer,1004
8600,log,282,0.4512,4424.561999999993,3014.561999999992,-5.0,26.37499999999986,10.689936170212738,0.876378490178186,nan,nan,20,nan,-1,1625,8600,1000,1000,625,20,28,0.6690038153846154,1,1.0,336168,9829125,27,187.4083736399795,rolling_recent_buffer,1004
8700,log,282,0.4512,4442.351999999992,3032.351999999992,-5.0,26.37499999999986,10.753021276595717,0.876378490178186,nan,nan,20,nan,-1,1625,8700,1000,1000,625,20,28,0.6690038153846154,1,1.0,336168,9829125,27,187.4083736399795,rolling_recent_buffer,1004
8800,log,282,0.4512,4446.698999999991,3036.698999999992,-5.0,26.37499999999986,10.768436170212738,0.876378490178186,nan,nan,20,nan,-1,1625,8800,1000,1000,625,20,29,0.6709021538461538,1,1.0,334240,10163365,28,173.88455397546954,rolling_recent_buffer,1004
8900,log,282,0.4512,4461.529999999992,3051.529999999992,-5.0,26.37499999999986,10.821028368794298,0.876378490178186,nan,nan,20,nan,-1,1625,8900,1000,1000,625,20,29,0.6709021538461538,1,1.0,334240,10163365,28,173.88455397546954,rolling_recent_buffer,1004
9000,log,282,0.4512,4471.407999999992,3061.407999999992,-5.0,26.37499999999986,10.856056737588625,0.876378490178186,23.68778659463767,23.93761348675958,20,1.0,0,1625,9000,1000,1000,625,20,30,0.6785152,1,1.0,326508,10489873,29,173.88455397546954,rolling_recent_buffer,1004
9100,log,283,0.4528,4488.792999999992,3073.7929999999924,-5.0,26.37499999999986,10.86145936395757,0.8769283446767312,nan,nan,20,nan,-1,1625,9100,1000,1000,625,20,30,0.6785152,1,1.0,326508,10489873,29,173.88455397546954,rolling_recent_buffer,1004
9200,log,284,0.4544,4526.398999999992,3106.398999999992,-5.0,26.37499999999986,10.938024647887296,0.8774762596492066,nan,nan,20,nan,-1,1625,9200,1000,1000,625,20,30,0.6785152,1,1.0,326508,10489873,29,173.88455397546954,rolling_recent_buffer,1004
9300,log,285,0.456,4558.431999999992,3133.4319999999916,-5.0,26.37499999999986,10.994498245614006,0.878022248730284,nan,nan,20,nan,-1,1625,9300,1000,1000,625,20,31,0.6576551384615384,1,1.0,347694,10837567,30,170.44317542421894,rolling_recent_buffer,1004
9400,log,285,0.456,4572.773999999992,3147.7739999999917,-5.0,26.37499999999986,11.04482105263155,0.878022248730284,nan,nan,20,nan,-1,1625,9400,1000,1000,625,20,31,0.6576551384615384,1,1.0,347694,10837567,30,170.44317542421894,rolling_recent_buffer,1004
9500,log,287,0.4592,4612.1679999999915,3177.1679999999915,-5.0,26.37499999999986,11.070271777003455,0.8791085030425728,nan,nan,20,nan,-1,1625,9500,1000,1000,625,20,32,0.6861597538461538,1,1.0,318744,11156311,31,172.198922620535,rolling_recent_buffer,1004
9600,log,288,0.4608,4624.0789999999915,3184.0789999999915,-5.0,26.37499999999986,11.055829861111082,0.879648794834734,nan,nan,20,nan,-1,1625,9600,1000,1000,625,20,32,0.6861597538461538,1,1.0,318744,11156311,31,172.198922620535,rolling_recent_buffer,1004
9700,log,288,0.4608,4635.237999999992,3195.2379999999916,-5.0,26.37499999999986,11.09457638888886,0.879648794834734,nan,nan,20,nan,-1,1625,9700,1000,1000,625,20,32,0.6861597538461538,1,1.0,318744,11156311,31,172.198922620535,rolling_recent_buffer,1004
9800,log,288,0.4608,4647.121999999991,3207.1219999999917,-5.0,26.37499999999986,11.13584027777775,0.879648794834734,nan,nan,20,nan,-1,1625,9800,1000,1000,625,20,33,0.6766089846153847,1,1.0,328444,11484755,32,172.198922620535,rolling_recent_buffer,1004
9900,log,288,0.4608,4659.010999999991,3219.0109999999913,-5.0,26.37499999999986,11.177121527777748,0.879648794834734,nan,nan,20,nan,-1,1625,9900,1000,1000,625,20,33,0.6766089846153847,1,1.0,328444,11484755,32,172.198922620535,rolling_recent_buffer,1004
10000,retrain,93,0.1488,1703.1279999999967,1238.1279999999967,-5.0,26.37499999999986,13.313204301075233,0.704065602365827,17.63169193862781,17.711088492681647,20,1.0,0,1625,10000,1000,1000,625,20,2,0.27788012307692306,3,0.998,733403,733403,1,197.31310133630998,rolling_recent_buffer,1004
10000,log,93,0.1488,1703.1279999999967,1238.1279999999967,-5.0,26.37499999999986,13.313204301075233,0.704065602365827,17.63169193862781,17.711088492681647,20,1.0,0,1625,10000,1000,1000,625,20,2,0.27788012307692306,3,0.998,733403,733403,1,197.31310133630998,rolling_recent_buffer,1004
10100,log,93,0.1488,1704.3349999999966,1239.3349999999969,-5.0,26.37499999999986,13.326182795698891,0.704065602365827,nan,nan,20,nan,-1,1625,10100,1000,1000,625,20,2,0.27788012307692306,3,0.998,733403,733403,1,197.31310133630998,rolling_recent_buffer,1004
10200,log,93,0.1488,1709.606999999997,1244.6069999999968,-5.0,26.37499999999986,13.382870967741901,0.704065602365827,nan,nan,20,nan,-1,1625,10200,1000,1000,625,20,2,0.27788012307692306,3,0.998,733403,733403,1,197.31310133630998,rolling_recent_buffer,1004
10300,log,95,0.152,1747.0569999999966,1272.0569999999966,-5.0,26.37499999999986,13.39007368421049,0.7073707001087877,nan,nan,20,nan,-1,1625,10300,1000,1000,625,20,3,0.3229193846153846,1,1.0,687660,1421063,2,197.31310133630998,rolling_recent_buffer,1004
10400,log,98,0.1568,1784.0959999999966,1294.0959999999966,-5.0,26.37499999999986,13.20506122448976,0.7122001170794321,nan,nan,20,nan,-1,1625,10400,1000,1000,625,20,3,0.3229193846153846,1,1.0,687660,1421063,2,197.31310133630998,rolling_recent_buffer,1004
10500,log,99,0.1584,1800.6509999999964,1305.6509999999964,-5.0,26.37499999999986,13.188393939393903,0.7137771228442372,nan,nan,20,nan,-1,1625,10500,1000,1000,625,20,4,0.3289176615384615,1,1.0,681568,2102631,3,197.31310133630998,rolling_recent_buffer,1004
10600,log,103,0.1648,1865.2009999999964,1350.2009999999962,-5.0,26.37499999999986,13.108747572815497,0.7199297581507992,nan,nan,20,nan,-1,1625,10600,1000,1000,625,20,4,0.3289176615384615,1,1.0,681568,2102631,3,197.31310133630998,rolling_recent_buffer,1004
10700,log,106,0.1696,1906.6489999999962,1376.6489999999962,-5.0,26.37499999999986,12.987254716981097,0.7243894060907141,nan,nan,20,nan,-1,1625,10700,1000,1000,625,20,4,0.3289176615384615,1,1.0,681568,2102631,3,197.31310133630998,rolling_recent_buffer,1004
10800,log,108,0.1728,1949.465999999996,1409.465999999996,-5.0,26.37499999999986,13.050611111111074,0.7272929249011856,nan,nan,20,nan,-1,1625,10800,1000,1000,625,20,5,0.36247138461538464,1,1.0,647490,2750121,4,197.31310133630998,rolling_recent_buffer,1004
10900,log,110,0.176,1972.555999999996,1422.555999999996,-5.0,26.37499999999986,12.932327272727235,0.7301431651195929,nan,nan,20,nan,-1,1625,10900,1000,1000,625,20,5,0.36247138461538464,1,1.0,647490,2750121,4,197.31310133630998,rolling_recent_buffer,1004
11000,log,111,0.1776,1991.1569999999958,1436.1569999999958,-5.0,26.37499999999986,12.938351351351313,0.7315489098597286,20.08520209880379,20.18996875473295,20,1.0,0,1625,11000,1000,1000,625,20,6,0.36247138461538464,1,1.0,647490,3397611,5,197.31310133630998,rolling_recent_buffer,1004
11100,log,116,0.1856,2079.9269999999956,1499.9269999999956,-5.0,26.37499999999986,12.930405172413755,0.7383929125785714,nan,nan,20,nan,-1,1625,11100,1000,1000,625,20,6,0.36247138461538464,1,1.0,647490,3397611,5,197.31310133630998,rolling_recent_buffer,1004
11200,log,119,0.1904,2141.5539999999955,1546.5539999999955,-5.0,26.75499999999988,12.996252100840298,0.742359095711189,nan,nan,20,nan,-1,1625,11200,1000,1000,625,20,6,0.36247138461538464,1,1.0,647490,3397611,5,197.31310133630998,rolling_recent_buffer,1004
11300,log,119,0.1904,2143.695999999996,1548.6959999999958,-5.0,26.75499999999988,13.0142521008403,0.742359095711189,nan,nan,20,nan,-1,1625,11300,1000,1000,625,20,7,0.3640192,1,1.0,645918,4043529,6,197.31310133630998,rolling_recent_buffer,1004
11400,log,120,0.192,2183.156999999996,1583.156999999996,-5.0,26.75499999999988,13.192974999999967,0.7436589671765411,nan,nan,20,nan,-1,1625,11400,1000,1000,625,20,7,0.3640192,1,1.0,645918,4043529,6,197.31310133630998,rolling_recent_buffer,1004
11500,log,122,0.1952,2209.279999999996,1599.2799999999959,-5.0,26.75499999999988,13.10885245901636,0.7462265253630841,nan,nan,20,nan,-1,1625,11500,1000,1000,625,20,8,0.3953890461538462,1,1.0,614058,4657587,7,197.31310133630998,rolling_recent_buffer,1004
11600,log,125,0.2,2264.6139999999964,1639.6139999999957,-5.0,26.75499999999988,13.116911999999965,0.7500000000000001,nan,nan,20,nan,-1,1625,11600,1000,1000,625,20,8,0.3953890461538462,1,1.0,614058,4657587,7,197.31310133630998,rolling_recent_buffer,1004
11700,log,125,0.2,2265.438999999996,1640.4389999999958,-5.0,26.75499999999988,13.123511999999966,0.7500000000000001,nan,nan,20,nan,-1,1625,11700,1000,1000,625,20,8,0.3953890461538462,1,1.0,614058,4657587,7,197.31310133630998,rolling_recent_buffer,1004
11800,log,125,0.2,2272.034999999996,1647.0349999999955,-5.0,26.75499999999988,13.176279999999965,0.7500000000000001,nan,nan,20,nan,-1,1625,11800,1000,1000,625,20,9,0.36877686153846156,2,0.999,641086,5298673,8,197.31310133630998,rolling_recent_buffer,1004
11900,log,125,0.2,2274.6319999999964,1649.6319999999957,-5.0,26.75499999999988,13.197055999999966,0.7500000000000001,nan,nan,20,nan,-1,1625,11900,1000,1000,625,20,9,0.36877686153846156,2,0.999,641086,5298673,8,197.31310133630998,rolling_recent_buffer,1004
12000,log,126,0.2016,2319.846999999996,1689.8469999999957,-5.0,26.91499999999999,13.411484126984092,0.7512377255418828,21.464790694267965,21.58087347817151,20,1.0,0,1625,12000,1000,1000,625,20,10,0.3369088,3,0.996,673452,5972125,9,197.31310133630998,rolling_recent_buffer,1004
12100,log,127,0.2032,2347.789999999996,1712.7899999999956,-5.0,26.91499999999999,13.486535433070832,0.7524656665898164,nan,nan,20,nan,-1,1625,12100,1000,1000,625,20,10,0.3369088,3,0.996,673452,5972125,9,197.31310133630998,rolling_recent_buffer,1004
12200,log,128,0.2048,2372.6149999999957,1732.6149999999957,-5.0,26.91499999999999,13.536054687499966,0.7536839766284379,nan,nan,20,nan,-1,1625,12200,1000,1000,625,20,10,0.3369088,3,0.996,673452,5972125,9,197.31310133630998,rolling_recent_buffer,1004
12300,log,130,0.208,2430.4989999999952,1780.4989999999952,-5.0,26.91499999999999,13.696146153846117,0.7560922998101188,nan,nan,20,nan,-1,1625,12300,1000,1000,625,20,11,0.31010953846153844,3,0.996,700670,6672795,10,197.31310133630998,rolling_recent_buffer,1004
12400,log,130,0.208,2431.6989999999955,1781.6989999999955,-5.0,26.91499999999999,13.705376923076889,0.7560922998101188,nan,nan,20,nan,-1,1625,12400,1000,1000,625,20,11,0.31010953846153844,3,0.996,700670,6672795,10,197.31310133630998,rolling_recent_buffer,1004
12500,log,131,0.2096,2460.7919999999954,1805.7919999999954,-5.0,26.91499999999999,13.784671755725155,0.7572826024440955,nan,nan,20,nan,-1,1625,12500,1000,1000,625,20,12,0.33529403076923076,2,0.999,675092,7347887,11,197.31310133630998,rolling_recent_buffer,1004
12600,log,133,0.2128,2495.357999999995,1830.3579999999952,-5.0,26.91499999999999,13.762090225563874,0.7596361888893296,nan,nan,20,nan,-1,1625,12600,1000,1000,625,20,12,0.33529403076923076,2,0.999,675092,7347887,11,197.31310133630998,rolling_recent_buffer,1004
12700,log,133,0.2128,2500.202999999995,1835.202999999995,-5.0,26.91499999999999,13.798518796992443,0.7596361888893296,nan,nan,20,nan,-1,1625,12700,1000,1000,625,20,12,0.33529403076923076,2,0.999,675092,7347887,11,197.31310133630998,rolling_recent_buffer,1004
12800,log,136,0.2176,2567.5749999999953,1887.5749999999948,-5.0,26.91499999999999,13.879227941176433,0.7631010254856919,nan,nan,20,nan,-1,1625,12800,1000,1000,625,20,13,0.38274658461538463,1,1.0,626898,7974785,12,197.31310133630998,rolling_recent_buffer,1004
12900,log,136,0.2176,2569.542999999995,1889.5429999999951,-5.0,26.91499999999999,13.89369852941173,0.7631010254856919,nan,nan,20,nan,-1,1625,12900,1000,1000,625,20,13,0.38274658461538463,1,1.0,626898,7974785,12,197.31310133630998,rolling_recent_buffer,1004
13000,log,137,0.2192,2579.797999999995,1894.797999999995,-5.0,26.91499999999999,13.830642335766386,0.7642390066459892,21.831289778815474,21.971211326890778,20,1.0,0,1625,13000,1000,1000,625,20,14,0.37178781538461536,1,1.0,638028,8612813,13,197.31310133630998,rolling_recent_buffer,1004
13100,log,137,0.2192,2581.876999999995,1896.8769999999947,-5.0,26.91499999999999,13.845817518248136,0.7642390066459892,nan,nan,20,nan,-1,1625,13100,1000,1000,625,20,14,0.37178781538461536,1,1.0,638028,8612813,13,197.31310133630998,rolling_recent_buffer,1004
13200,log,138,0.2208,2609.1349999999948,1919.134999999995,-5.0,26.91499999999999,13.906775362318804,0.7653687115064396,nan,nan,20,nan,-1,1625,13200,1000,1000,625,20,14,0.37178781538461536,1,1.0,638028,8612813,13,197.31310133630998,rolling_recent_buffer,1004
13300,log,140,0.224,2635.6769999999947,1935.6769999999947,-5.0,26.91499999999999,13.826264285714247,0.7676037678172384,nan,nan,20,nan,-1,1625,13300,1000,1000,625,20,15,0.38274658461538463,1,1.0,626898,9239711,14,197.31310133630998,rolling_recent_buffer,1004
13400,log,141,0.2256,2645.1249999999945,1940.1249999999945,-5.0,26.91499999999999,13.759751773049606,0.7687093506598378,nan,nan,20,nan,-1,1625,13400,1000,1000,625,20,15,0.38274658461538463,1,1.0,626898,9239711,14,197.31310133630998,rolling_recent_buffer,1004
13500,log,141,0.2256,2648.8959999999947,1943.8959999999947,-5.0,26.91499999999999,13.786496453900671,0.7687093506598378,nan,nan,20,nan,-1,1625,13500,1000,1000,625,20,16,0.37803815384615386,1,1.0,631680,9871391,15,197.31310133630998,rolling_recent_buffer,1004
13600,log,141,0.2256,2649.0799999999945,1944.0799999999947,-5.0,26.91499999999999,13.78780141843968,0.7687093506598378,nan,nan,20,nan,-1,1625,13600,1000,1000,625,20,16,0.37803815384615386,1,1.0,631680,9871391,15,197.31310133630998,rolling_recent_buffer,1004
13700,log,143,0.2288,2667.293999999995,1952.2939999999949,-5.0,26.91499999999999,13.65240559440556,0.770897185893015,nan,nan,20,nan,-1,1625,13700,1000,1000,625,20,16,0.37803815384615386,1,1.0,631680,9871391,15,197.31310133630998,rolling_recent_buffer,1004
13800,log,143,0.2288,2667.293999999995,1952.2939999999949,-5.0,26.91499999999999,13.65240559440556,0.770897185893015,nan,nan,20,nan,-1,1625,13800,1000,1000,625,20,17,0.37803815384615386,1,1.0,631680,10503071,16,197.31310133630998,rolling_recent_buffer,1004
13900,log,143,0.2288,2676.3079999999954,1961.3079999999952,-5.0,26.91499999999999,13.715440559440527,0.770897185893015,nan,nan,20,nan,-1,1625,13900,1000,1000,625,20,17,0.37803815384615386,1,1.0,631680,10503071,16,197.31310133630998,rolling_recent_buffer,1004
14000,log,143,0.2288,2679.854999999995,1964.854999999995,-5.0,26.91499999999999,13.74024475524472,0.770897185893015,22.28336347288312,22.443082948434668,20,1.0,0,1625,14000,1000,1000,625,20,18,0.3764726153846154,1,1.0,633270,11136341,17,197.31310133630998,rolling_recent_buffer,1004
14100,log,145,0.232,2717.5619999999944,1992.5619999999947,-5.0,26.91499999999999,13.741806896551687,0.7730546335418749,nan,nan,20,nan,-1,1625,14100,1000,1000,625,20,18,0.3764726153846154,1,1.0,633270,11136341,17,197.31310133630998,rolling_recent_buffer,1004
14200,log,146,0.2336,2734.9439999999945,2004.9439999999945,-5.0,26.91499999999999,13.732493150684894,0.7741222235424994,nan,nan,20,nan,-1,1625,14200,1000,1000,625,20,18,0.3764726153846154,1,1.0,633270,11136341,17,197.31310133630998,rolling_recent_buffer,1004
14300,log,148,0.2368,2778.3309999999947,2038.3309999999947,-5.0,26.91499999999999,13.772506756756721,0.7762356402749289,nan,nan,20,nan,-1,1625,14300,1000,1000,625,20,19,0.3580868923076923,2,0.999,651943,11788284,18,197.31310133630998,rolling_recent_buffer,1004
14400,log,148,0.2368,2778.910999999995,2038.9109999999946,-5.0,26.91499999999999,13.77642567567564,0.7762356402749289,nan,nan,20,nan,-1,1625,14400,1000,1000,625,20,19,0.3580868923076923,2,0.999,651943,11788284,18,197.31310133630998,rolling_recent_buffer,1004
14500,log,148,0.2368,2779.7719999999945,2039.7719999999947,-5.0,26.91499999999999,13.782243243243208,0.7762356402749289,nan,nan,20,nan,-1,1625,14500,1000,1000,625,20,20,0.35962781538461536,2,0.999,650378,12438662,19,197.31310133630998,rolling_recent_buffer,1004
14600,log,148,0.2368,2784.0039999999944,2044.0039999999947,-5.0,26.91499999999999,13.810837837837802,0.7762356402749289,nan,nan,20,nan,-1,1625,14600,1000,1000,625,20,20,0.35962781538461536,2,0.999,650378,12438662,19,197.31310133630998,rolling_recent_buffer,1004
14700,log,148,0.2368,2794.899999999995,2054.8999999999946,-5.0,26.91499999999999,13.884459459459423,0.7762356402749289,nan,nan,20,nan,-1,1625,14700,1000,1000,625,20,20,0.35962781538461536,2,0.999,650378,12438662,19,197.31310133630998,rolling_recent_buffer,1004
14800,log,151,0.2416,2823.9819999999945,2068.981999999995,-5.0,26.91499999999999,13.70186754966884,0.7793528097686653,nan,nan,20,nan,-1,1625,14800,1000,1000,625,20,21,0.38589538461538464,1,1.0,623700,13062362,20,197.31310133630998,rolling_recent_buffer,1004
14900,log,153,0.2448,2866.8429999999944,2101.8429999999944,-5.0,26.91499999999999,13.73753594771238,0.7813967041736396,nan,nan,20,nan,-1,1625,14900,1000,1000,625,20,21,0.38589538461538464,1,1.0,623700,13062362,20,197.31310133630998,rolling_recent_buffer,1004
15000,log,154,0.2464,2899.3069999999943,2129.3069999999943,-5.0,26.91499999999999,13.826668831168794,0.7824086539001348,22.811351801627257,22.986600418540615,20,1.0,0,1625,15000,1000,1000,625,20,22,0.3922166153846154,1,1.0,617280,13679642,21,197.31310133630998,rolling_recent_buffer,1004
15100,log,154,0.2464,2905.1969999999947,2135.1969999999947,-5.0,26.91499999999999,13.86491558441555,0.7824086539001348,nan,nan,20,nan,-1,1625,15100,1000,1000,625,20,22,0.3922166153846154,1,1.0,617280,13679642,21,197.31310133630998,rolling_recent_buffer,1004
15200,log,154,0.2464,2911.9599999999946,2141.959999999994,-5.0,26.91499999999999,13.908831168831131,0.7824086539001348,nan,nan,20,nan,-1,1625,15200,1000,1000,625,20,22,0.3922166153846154,1,1.0,617280,13679642,21,197.31310133630998,rolling_recent_buffer,1004
15300,log,154,0.2464,2918.3099999999945,2148.309999999994,-5.0,26.91499999999999,13.950064935064896,0.7824086539001348,nan,nan,20,nan,-1,1625,15300,1000,1000,625,20,23,0.38758006153846153,2,0.999,621989,14301631,22,197.31310133630998,rolling_recent_buffer,1004
15400,log,154,0.2464,2919.3189999999945,2149.318999999994,-5.0,26.91499999999999,13.956616883116844,0.7824086539001348,nan,nan,20,nan,-1,1625,15400,1000,1000,625,20,23,0.38758006153846153,2,0.999,621989,14301631,22,197.31310133630998,rolling_recent_buffer,1004
15500,log,157,0.2512,2963.1549999999943,2178.1549999999943,-5.0,26.91499999999999,13.873598726114613,0.7854055391458507,nan,nan,20,nan,-1,1625,15500,1000,1000,625,20,24,0.4194333538461538,1,1.0,589638,14891269,23,197.31310133630998,rolling_recent_buffer,1004
15600,log,159,0.2544,3004.0139999999947,2209.0139999999947,-5.0,26.91499999999999,13.893169811320721,0.7873718151938622,nan,nan,20,nan,-1,1625,15600,1000,1000,625,20,24,0.4194333538461538,1,1.0,589638,14891269,23,197.31310133630998,rolling_recent_buffer,1004
15700,log,160,0.256,3016.2669999999944,2216.2669999999944,-5.0,26.91499999999999,13.851668749999964,0.7883456975917413,nan,nan,20,nan,-1,1625,15700,1000,1000,625,20,24,0.4194333538461538,1,1.0,589638,14891269,23,197.31310133630998,rolling_recent_buffer,1004
15800,log,160,0.256,3018.903999999994,2218.9039999999945,-5.0,26.91499999999999,13.868149999999966,0.7883456975917413,nan,nan,20,nan,-1,1625,15800,1000,1000,625,20,25,0.42105206153846153,1,1.0,587994,15479263,24,197.31310133630998,rolling_recent_buffer,1004
15900,log,160,0.256,3024.809999999994,2224.8099999999945,-5.0,26.91499999999999,13.905062499999966,0.7883456975917413,nan,nan,20,nan,-1,1625,15900,1000,1000,625,20,25,0.42105206153846153,1,1.0,587994,15479263,24,197.31310133630998,rolling_recent_buffer,1004
16000,log,161,0.2576,3055.574999999994,2250.574999999994,-5.0,26.91499999999999,13.978726708074497,0.7893135121471369,23.209039492550364,23.392023512792683,20,1.0,0,1625,16000,1000,1000,625,20,26,0.4049536,1,1.0,604344,16083607,25,197.31310133630998,rolling_recent_buffer,1004
16100,log,161,0.2576,3060.8029999999944,2255.8029999999944,-5.0,26.91499999999999,14.01119875776394,0.7893135121471369,nan,nan,20,nan,-1,1625,16100,1000,1000,625,20,26,0.4049536,1,1.0,604344,16083607,25,197.31310133630998,rolling_recent_buffer,1004
16200,log,161,0.2576,3067.467999999994,2262.4679999999944,-5.0,26.91499999999999,14.05259627329189,0.7893135121471369,nan,nan,20,nan,-1,1625,16200,1000,1000,625,20,26,0.4049536,1,1.0,604344,16083607,25,197.31310133630998,rolling_recent_buffer,1004
16300,log,163,0.2608,3121.9199999999946,2306.919999999994,-5.0,26.91499999999999,14.152883435582787,0.7912312369203198,nan,nan,20,nan,-1,1625,16300,1000,1000,625,20,27,0.4049536,1,1.0,604344,16687951,26,197.31310133630998,rolling_recent_buffer,1004
16400,log,163,0.2608,3121.9199999999946,2306.919999999994,-5.0,26.91499999999999,14.152883435582787,0.7912312369203198,nan,nan,20,nan,-1,1625,16400,1000,1000,625,20,27,0.4049536,1,1.0,604344,16687951,26,197.31310133630998,rolling_recent_buffer,1004
16500,log,164,0.2624,3151.0099999999943,2331.009999999994,-5.0,26.91499999999999,14.21347560975606,0.7921812932987274,nan,nan,20,nan,-1,1625,16500,1000,1000,625,20,28,0.39856935384615383,1,1.0,610828,17298779,27,197.31310133630998,rolling_recent_buffer,1004
16600,log,165,0.264,3179.638999999994,2354.6389999999938,-5.0,26.91499999999999,14.270539393939355,0.7931255742227409,nan,nan,20,nan,-1,1625,16600,1000,1000,625,20,28,0.39856935384615383,1,1.0,610828,17298779,27,197.31310133630998,rolling_recent_buffer,1004
16700,log,165,0.264,3185.784999999994,2360.7849999999935,-5.0,26.91499999999999,14.30778787878784,0.7931255742227409,nan,nan,20,nan,-1,1625,16700,1000,1000,625,20,28,0.39856935384615383,1,1.0,610828,17298779,27,197.31310133630998,rolling_recent_buffer,1004
16800,log,165,0.264,3185.9849999999938,2360.9849999999938,-5.0,26.91499999999999,14.308999999999962,0.7931255742227409,nan,nan,20,nan,-1,1625,16800,1000,1000,625,20,29,0.4097624615384615,1,1.0,599460,17898239,28,197.31310133630998,rolling_recent_buffer,1004
16900,log,165,0.264,3190.820999999994,2365.820999999994,-5.0,26.91499999999999,14.338309090909055,0.7931255742227409,nan,nan,20,nan,-1,1625,16900,1000,1000,625,20,29,0.4097624615384615,1,1.0,599460,17898239,28,197.31310133630998,rolling_recent_buffer,1004
17000,log,166,0.2656,3221.125999999994,2391.125999999994,-5.0,26.91499999999999,14.404373493975866,0.794064149487012,23.49403305423289,23.675373718607286,20,1.0,0,1625,17000,1000,1000,625,20,30,0.4097624615384615,1,1.0,599460,18497699,29,197.31310133630998,rolling_recent_buffer,1004
17100,log,166,0.2656,3225.9379999999937,2395.9379999999937,-5.0,26.91499999999999,14.433361445783095,0.794064149487012,nan,nan,20,nan,-1,1625,17100,1000,1000,625,20,30,0.4097624615384615,1,1.0,599460,18497699,29,197.31310133630998,rolling_recent_buffer,1004
17200,log,166,0.2656,3227.4419999999936,2397.4419999999936,-5.0,26.91499999999999,14.44242168674695,0.794064149487012,nan,nan,20,nan,-1,1625,17200,1000,1000,625,20,30,0.4097624615384615,1,1.0,599460,18497699,29,197.31310133630998,rolling_recent_buffer,1004
17300,log,166,0.2656,3238.5129999999936,2408.5129999999936,-5.0,26.91499999999999,14.509114457831286,0.794064149487012,nan,nan,20,nan,-1,1625,17300,1000,1000,625,20,31,0.40991015384615387,2,0.999,599310,19097009,30,197.31310133630998,rolling_recent_buffer,1004
17400,log,166,0.2656,3241.0449999999937,2411.0449999999937,-5.0,26.91499999999999,14.524367469879481,0.794064149487012,nan,nan,20,nan,-1,1625,17400,1000,1000,625,20,31,0.40991015384615387,2,0.999,599310,19097009,30,197.31310133630998,rolling_recent_buffer,1004
17500,log,166,0.2656,3242.3619999999937,2412.3619999999937,-5.0,26.91499999999999,14.53230120481924,0.794064149487012,nan,nan,20,nan,-1,1625,17500,1000,1000,625,20,32,0.41156923076923074,2,0.999,597625,19694634,31,197.31310133630998,rolling_recent_buffer,1004
17600,log,167,0.2672,3252.8289999999934,2417.8289999999934,-5.0,26.91499999999999,14.478017964071816,0.7949970876286158,nan,nan,20,nan,-1,1625,17600,1000,1000,625,20,32,0.41156923076923074,2,0.999,597625,19694634,31,197.31310133630998,rolling_recent_buffer,1004
17700,log,168,0.2688,3287.3019999999938,2447.3019999999938,-5.0,26.91499999999999,14.567273809523773,0.795924455957083,nan,nan,20,nan,-1,1625,17700,1000,1000,625,20,32,0.41156923076923074,2,0.999,597625,19694634,31,197.31310133630998,rolling_recent_buffer,1004
17800,log,169,0.2704,3317.9149999999936,2472.9149999999936,-5.0,26.91499999999999,14.632633136094636,0.7968463205835412,nan,nan,20,nan,-1,1625,17800,1000,1000,625,20,33,0.394048,2,0.999,615420,20310054,32,197.31310133630998,rolling_recent_buffer,1004
17900,log,170,0.272,3334.2809999999936,2484.280999999993,-5.0,26.91499999999999,14.613417647058784,0.7977627464489954,nan,nan,20,nan,-1,1625,17900,1000,1000,625,20,33,0.394048,2,0.999,615420,20310054,32,197.31310133630998,rolling_recent_buffer,1004
18000,log,170,0.272,3334.7149999999933,2484.7149999999933,-5.0,26.91499999999999,14.615970588235255,0.7977627464489954,23.674691237714388,23.857448661534512,20,1.0,0,1625,18000,1000,1000,625,20,34,0.39089526153846155,2,0.998,618622,20928676,33,197.31310133630998,rolling_recent_buffer,1004
18100,log,170,0.272,3336.866999999994,2486.866999999993,-5.0,26.91499999999999,14.628629411764663,0.7977627464489954,nan,nan,20,nan,-1,1625,18100,1000,1000,625,20,34,0.39089526153846155,2,0.998,618622,20928676,33,197.31310133630998,rolling_recent_buffer,1004
18200,log,170,0.272,3338.1969999999937,2488.196999999993,-5.0,26.91499999999999,14.636452941176428,0.7977627464489954,nan,nan,20,nan,-1,1625,18200,1000,1000,625,20,34,0.39089526153846155,2,0.998,618622,20928676,33,197.31310133630998,rolling_recent_buffer,1004
18300,log,171,0.2736,3370.599999999993,2515.599999999993,-5.0,26.91499999999999,14.711111111111071,0.7986737973517803,nan,nan,20,nan,-1,1625,18300,1000,1000,625,20,35,0.41136935384615386,1,1.0,597828,21526504,34,197.31310133630998,rolling_recent_buffer,1004
18400,log,171,0.2736,3371.8049999999935,2516.804999999993,-5.0,26.91499999999999,14.718157894736802,0.7986737973517803,nan,nan,20,nan,-1,1625,18400,1000,1000,625,20,35,0.41136935384615386,1,1.0,597828,21526504,34,197.31310133630998,rolling_recent_buffer,1004
18500,log,171,0.2736,3374.086999999993,2519.086999999993,-5.0,26.91499999999999,14.731502923976569,0.7986737973517803,nan,nan,20,nan,-1,1625,18500,1000,1000,625,20,36,0.4129782153846154,1,1.0,596194,22122698,35,197.31310133630998,rolling_recent_buffer,1004
18600,log,172,0.2752,3403.8129999999937,2543.812999999993,-5.0,26.91499999999999,14.789610465116237,0.7995795359742125,nan,nan,20,nan,-1,1625,18600,1000,1000,625,20,36,0.4129782153846154,1,1.0,596194,22122698,35,197.31310133630998,rolling_recent_buffer,1004
18700,log,172,0.2752,3405.3939999999934,2545.393999999993,-5.0,26.91499999999999,14.798802325581354,0.7995795359742125,nan,nan,20,nan,-1,1625,18700,1000,1000,625,20,36,0.4129782153846154,1,1.0,596194,22122698,35,197.31310133630998,rolling_recent_buffer,1004
18800,log,173,0.2768,3432.3149999999932,2567.3149999999932,-5.0,26.91499999999999,14.839971098265856,0.8004800239084688,nan,nan,20,nan,-1,1625,18800,1000,1000,625,20,37,0.41136935384615386,1,1.0,597828,22720526,36,198.8722051008358,rolling_recent_buffer,1004
18900,log,173,0.2768,3432.8819999999932,2567.8819999999932,-5.0,26.91499999999999,14.843248554913256,0.8004800239084688,nan,nan,20,nan,-1,1625,18900,1000,1000,625,20,37,0.41136935384615386,1,1.0,597828,22720526,36,198.8722051008358,rolling_recent_buffer,1004
19000,log,173,0.2768,3432.9719999999934,2567.9719999999934,-5.0,26.91499999999999,14.843768786127129,0.8004800239084688,23.820771129464493,24.01785003472362,20,1.0,0,1625,19000,1000,1000,625,20,38,0.40175753846153844,1,1.0,607590,23328116,37,197.31310133630998,rolling_recent_buffer,1004
19100,log,173,0.2768,3432.9719999999934,2567.9719999999934,-5.0,26.91499999999999,14.843768786127129,0.8004800239084688,nan,nan,20,nan,-1,1625,19100,1000,1000,625,20,38,0.40175753846153844,1,1.0,607590,23328116,37,197.31310133630998,rolling_recent_buffer,1004
19200,log,174,0.2784,3441.344999999993,2571.3449999999934,-5.0,26.91499999999999,14.777844827586168,0.8013753216817195,nan,nan,20,nan,-1,1625,19200,1000,1000,625,20,38,0.40175753846153844,1,1.0,607590,23328116,37,197.31310133630998,rolling_recent_buffer,1004
19300,log,174,0.2784,3442.0809999999933,2572.0809999999933,-5.0,26.91499999999999,14.78207471264364,0.8013753216817195,nan,nan,20,nan,-1,1625,19300,1000,1000,625,20,39,0.40815753846153846,1,1.0,601090,23929206,38,197.31310133630998,rolling_recent_buffer,1004
19400,log,175,0.28,3473.683999999993,2598.6839999999934,-5.0,26.91499999999999,14.849622857142819,0.802265488780542,nan,nan,20,nan,-1,1625,19400,1000,1000,625,20,39,0.40815753846153846,1,1.0,601090,23929206,38,197.31310133630998,rolling_recent_buffer,1004
19500,log,175,0.28,3475.5739999999932,2600.5739999999932,-5.0,26.91499999999999,14.860422857142819,0.802265488780542,nan,nan,20,nan,-1,1625,19500,1000,1000,625,20,40,0.42267273846153847,1,1.0,586348,24515554,39,197.31963428126446,rolling_recent_buffer,1004
19600,log,175,0.28,3489.6139999999928,2614.613999999993,-5.0,26.91499999999999,14.940651428571389,0.802265488780542,nan,nan,20,nan,-1,1625,19600,1000,1000,625,20,40,0.42267273846153847,1,1.0,586348,24515554,39,197.31963428126446,rolling_recent_buffer,1004
19700,log,176,0.2816,3500.9299999999935,2620.929999999993,-5.0,26.91499999999999,14.891647727272687,0.8031505836746375,nan,nan,20,nan,-1,1625,19700,1000,1000,625,20,40,0.42267273846153847,1,1.0,586348,24515554,39,197.31963428126446,rolling_recent_buffer,1004
19800,log,176,0.2816,3507.7659999999933,2627.7659999999933,-5.0,26.91499999999999,14.930488636363599,0.8031505836746375,nan,nan,20,nan,-1,1625,19800,1000,1000,625,20,41,0.4291751384615385,1,1.0,579744,25095298,40,201.68633728021078,rolling_recent_buffer,1004
19900,log,177,0.2832,3536.1549999999934,2651.1549999999925,-5.0,26.91499999999999,14.97827683615815,0.8040306638398781,nan,nan,20,nan,-1,1625,19900,1000,1000,625,20,41,0.4291751384615385,1,1.0,579744,25095298,40,201.68633728021078,rolling_recent_buffer,1004
20000,log,177,0.2832,3536.1549999999934,2651.1549999999925,-5.0,26.91499999999999,14.97827683615815,0.8040306638398781,24.174058480370167,24.36650865237578,20,1.0,0,1625,20000,1000,1000,625,20,42,0.42754658461538464,1,1.0,581398,25676696,41,201.61154869109558,rolling_recent_buffer,1004
