map,seed,snapshot_evaluation,encoder_space,k,routing_point_count,archive_elite_point_count,rolling_point_count,component_count,largest_component_fraction,reachable_centroid_count,reachable_centroid_fraction,support_finite_pair_fraction,support_mean_euclidean_finite,support_mean_geodesic_finite,support_geodesic_to_euclidean_ratio
horseshoe,1001,2000,pre_retrain_encoder,3,584,115,469,56,0.6695205479452054,226,0.3616,0.12660427587793535,3.386025572912268,5.298497950498297,1.5648133294932978
horseshoe,1001,2000,pre_retrain_encoder,5,584,115,469,28,0.833904109589041,253,0.4048,0.22727857843217808,6.372170918733158,7.903920252418889,1.2403810809880562
horseshoe,1001,2000,pre_retrain_encoder,10,584,115,469,4,0.9828767123287672,281,0.4496,0.45084191959859554,14.038212344635895,16.670727104635414,1.187524928058623
horseshoe,1001,2000,pre_retrain_encoder,20,584,115,469,2,0.9982876712328768,379,0.6064,0.6034583340180435,17.25747182646685,19.0129318776658,1.1017217393631606
horseshoe,1001,2000,pre_retrain_encoder,30,584,115,469,2,0.9982876712328768,428,0.6848,0.6498638796224782,18.177588776896,19.308787559659702,1.0622304089198824
horseshoe,1001,10000,final_one_retrain_encoder,3,618,133,485,41,0.36084142394822005,225,0.36,0.06198965414048138,5.44364839428889,9.446498517977732,1.7353248839304836
horseshoe,1001,10000,final_one_retrain_encoder,5,618,133,485,11,0.8851132686084142,235,0.376,0.31520540793338025,11.948537799594467,15.79737951544265,1.3221182190157872
horseshoe,1001,10000,final_one_retrain_encoder,10,618,133,485,5,0.9902912621359223,262,0.4192,0.4601212846691877,14.927012472777383,17.331178950571697,1.1610614637174606
horseshoe,1001,10000,final_one_retrain_encoder,20,618,133,485,2,0.9919093851132686,335,0.536,0.5360880836063598,16.171067591881297,17.200979125923986,1.063688530654572
horseshoe,1001,10000,final_one_retrain_encoder,30,618,133,485,2,0.9919093851132686,385,0.616,0.5876683987495839,17.14934848767929,17.954401904919724,1.0469436735639732
horseshoe,1001,20000,final_one_retrain_encoder,3,683,192,491,48,0.45241581259150804,253,0.4048,0.09297501807486856,6.985155308180839,12.104040805309166,1.7328234335939843
horseshoe,1001,20000,final_one_retrain_encoder,5,683,192,491,5,0.9355783308931186,266,0.4256,0.41945861966498904,13.897530223873861,20.380994856685106,1.4665191964593558
horseshoe,1001,20000,final_one_retrain_encoder,10,683,192,491,2,0.9956076134699854,290,0.464,0.5397822592532798,17.723639182503952,19.64958137673947,1.1086651660194442
horseshoe,1001,20000,final_one_retrain_encoder,20,683,192,491,1,1.0,372,0.5952,0.650443740947942,20.35976458307908,21.29312014077521,1.0458431409600795
horseshoe,1001,20000,final_one_retrain_encoder,30,683,192,491,1,1.0,439,0.7024,0.7357243635189488,22.443822779720115,23.298276170189506,1.0380707599973327
horseshoe,1002,2000,pre_retrain_encoder,3,563,89,474,34,0.8099467140319716,168,0.2688,0.18211176635776466,5.391359251171967,8.325683856170848,1.5442643437943817
horseshoe,1002,2000,pre_retrain_encoder,5,563,89,474,17,0.9129662522202486,197,0.3152,0.26532099994610525,8.640140820537978,11.491071618257584,1.329963464361926
horseshoe,1002,2000,pre_retrain_encoder,10,563,89,474,7,0.9857904085257548,234,0.3744,0.3770632469031795,14.225940519415287,16.243659212332513,1.141833764183358
horseshoe,1002,2000,pre_retrain_encoder,20,563,89,474,5,0.9911190053285968,326,0.5216,0.47207401166963087,17.397763161722537,18.553774089953333,1.0664459515562426
horseshoe,1002,2000,pre_retrain_encoder,30,563,89,474,2,0.9982238010657194,394,0.6304,0.5930464430885661,21.424310465084886,22.919996986621868,1.0698125862194956
horseshoe,1002,10000,final_one_retrain_encoder,3,631,143,488,46,0.7147385103011094,216,0.3456,0.17748496460019794,10.549022643019086,18.62065585669687,1.7651546012197883
horseshoe,1002,10000,final_one_retrain_encoder,5,631,143,488,11,0.9477020602218701,242,0.3872,0.39239348339127567,14.831565883322051,20.06438666856513,1.3528164744308848
horseshoe,1002,10000,final_one_retrain_encoder,10,631,143,488,2,0.9984152139461173,272,0.4352,0.505408937498414,17.397266843466717,19.197463513858928,1.1034758325310305
horseshoe,1002,10000,final_one_retrain_encoder,20,631,143,488,2,0.9984152139461173,350,0.56,0.5891973507244905,19.26490265584605,20.10373459669158,1.0435419766105583
horseshoe,1002,10000,final_one_retrain_encoder,30,631,143,488,2,0.9984152139461173,398,0.6368,0.6395830689978937,20.243511949855495,20.883402191761835,1.0316096457715138
horseshoe,1002,20000,final_one_retrain_encoder,3,696,208,488,57,0.3031609195402299,260,0.416,0.061521345170096116,7.460699786099606,12.636576893450977,1.693752229113253
horseshoe,1002,20000,final_one_retrain_encoder,5,696,208,488,14,0.9109195402298851,288,0.4608,0.408036840777189,16.241537331977696,21.096498321977133,1.2989225028865083
horseshoe,1002,20000,final_one_retrain_encoder,10,696,208,488,3,0.9956896551724138,325,0.52,0.5719312733695777,20.042582489043873,22.244832579339622,1.1098785593872242
horseshoe,1002,20000,final_one_retrain_encoder,20,696,208,488,2,0.9971264367816092,401,0.6416,0.6710320464294727,21.978641113177627,22.9762186315812,1.0453884984638773
horseshoe,1002,20000,final_one_retrain_encoder,30,696,208,488,1,1.0,472,0.7552,0.7816943087192898,24.11959258873103,25.040307937675614,1.0381729229280081
horseshoe,1003,2000,pre_retrain_encoder,3,585,119,466,62,0.6341880341880342,204,0.3264,0.1164762900833282,3.59796572946548,6.647832977734853,1.8476643407947266
horseshoe,1003,2000,pre_retrain_encoder,5,585,119,466,24,0.9128205128205128,243,0.3888,0.290702650233442,8.501265925299721,13.909630754631312,1.636183466892422
horseshoe,1003,2000,pre_retrain_encoder,10,585,119,466,8,0.9846153846153847,291,0.4656,0.4498410680228862,12.939170713055326,15.038706185572387,1.1622619810092372
horseshoe,1003,2000,pre_retrain_encoder,20,585,119,466,2,0.9914529914529915,350,0.56,0.5347565435541975,15.10856155978474,16.233819381428596,1.0744781571158313
horseshoe,1003,2000,pre_retrain_encoder,30,585,119,466,1,1.0,419,0.6704,0.6883716479024397,18.755663483306094,20.273377260279347,1.0809202925998393
horseshoe,1003,10000,final_one_retrain_encoder,3,621,128,493,51,0.5877616747181964,229,0.3664,0.11628149838519407,7.094740199940214,11.70789015346624,1.6502211248785261
horseshoe,1003,10000,final_one_retrain_encoder,5,621,128,493,14,0.9452495974235104,235,0.376,0.36502865394160916,12.192679329712588,15.321604947187542,1.2566233009876682
horseshoe,1003,10000,final_one_retrain_encoder,10,621,128,493,6,0.9855072463768116,264,0.4224,0.44943175591612033,14.626473055775293,16.042614189076307,1.0968204110383157
horseshoe,1003,10000,final_one_retrain_encoder,20,621,128,493,3,0.9967793880837359,363,0.5808,0.5660871415034133,17.201991317454105,18.004387346789912,1.0466455315857328
horseshoe,1003,10000,final_one_retrain_encoder,30,621,128,493,3,0.9967793880837359,426,0.6816,0.6202775790159031,18.316559145561182,18.87755238428931,1.0306276541499924
horseshoe,1003,20000,final_one_retrain_encoder,3,701,212,489,63,0.3880171184022825,293,0.4688,0.07123139531574604,7.340657349443247,12.905577441179616,1.7580956073584393
horseshoe,1003,20000,final_one_retrain_encoder,5,701,212,489,14,0.8787446504992867,306,0.4896,0.3753368052591138,14.703744318421121,21.380362749708475,1.454076069788752
horseshoe,1003,20000,final_one_retrain_encoder,10,701,212,489,6,0.9728958630527818,328,0.5248,0.5304601724579527,19.736828054970385,21.673401246457754,1.0981197782183483
horseshoe,1003,20000,final_one_retrain_encoder,20,701,212,489,1,1.0,406,0.6496,0.6968564842482712,23.612679630212522,25.128142649379658,1.0641800525353375
horseshoe,1003,20000,final_one_retrain_encoder,30,701,212,489,1,1.0,449,0.7184,0.7520703491846666,24.651047754430838,25.771669963955944,1.0454594149785654
horseshoe,1004,2000,pre_retrain_encoder,3,581,125,456,62,0.5714285714285714,241,0.3856,0.08668001623968677,1.5476802635522628,2.0195508453955915,1.3048889314904637
horseshoe,1004,2000,pre_retrain_encoder,5,581,125,456,30,0.7951807228915663,270,0.432,0.21257749977636026,6.627374018235199,16.4577880199031,2.4833045448498225
horseshoe,1004,2000,pre_retrain_encoder,10,581,125,456,10,0.9707401032702238,304,0.4864,0.42050879764386917,12.423289171343194,15.368724313113724,1.237089799741985
horseshoe,1004,2000,pre_retrain_encoder,20,581,125,456,3,0.9965576592082617,397,0.6352,0.6106851633946451,16.582310591859972,18.02774750392872,1.0871674007106278
horseshoe,1004,2000,pre_retrain_encoder,30,581,125,456,2,0.9982788296041308,448,0.7168,0.6883122423842062,18.014325353274792,19.15968627177455,1.0635805613609364
horseshoe,1004,10000,final_one_retrain_encoder,3,585,93,492,35,0.4017094017094017,150,0.24,0.06569598534407918,5.072203418921469,8.497190048978778,1.6752463076068
horseshoe,1004,10000,final_one_retrain_encoder,5,585,93,492,14,0.9179487179487179,179,0.2864,0.28443013487001756,10.460641178693878,13.913074817777591,1.3300403464861783
horseshoe,1004,10000,final_one_retrain_encoder,10,585,93,492,5,0.9880341880341881,220,0.352,0.38276288716171414,13.183259897808213,15.251465179451381,1.1568811733725297
horseshoe,1004,10000,final_one_retrain_encoder,20,585,93,492,3,0.9965811965811966,289,0.4624,0.46667760392100566,16.07657372917236,16.957024857527117,1.0547660927749238
horseshoe,1004,10000,final_one_retrain_encoder,30,585,93,492,3,0.9965811965811966,341,0.5456,0.515974543540526,17.40676041229775,18.079780190285895,1.0386642753761728
horseshoe,1004,20000,final_one_retrain_encoder,3,665,177,488,41,0.3684210526315789,217,0.3472,0.06853218347255549,6.731718300625608,10.478263141477663,1.5565510429192904
horseshoe,1004,20000,final_one_retrain_encoder,5,665,177,488,7,0.9473684210526315,248,0.3968,0.42276748395787855,18.58022675761784,24.382404521842428,1.312277015771388
horseshoe,1004,20000,final_one_retrain_encoder,10,665,177,488,1,1.0,283,0.4528,0.5399029353924982,21.77851738684418,23.785091805012517,1.0921354921699333
horseshoe,1004,20000,final_one_retrain_encoder,20,665,177,488,1,1.0,347,0.5552,0.6153030111678424,23.524104693079387,24.467917969132028,1.0401211135712343
horseshoe,1004,20000,final_one_retrain_encoder,30,665,177,488,1,1.0,392,0.6272,0.6712685153445072,24.465910683039187,25.184321820708146,1.0293637603347825
horseshoe,1005,2000,pre_retrain_encoder,3,567,105,462,49,0.564373897707231,187,0.2992,0.08232464963738102,1.5757309214866773,2.248687939601433,1.4270761009626132
horseshoe,1005,2000,pre_retrain_encoder,5,567,105,462,21,0.9047619047619048,218,0.3488,0.2657923802117672,8.813319472170598,11.398329773642594,1.2933072277289575
horseshoe,1005,2000,pre_retrain_encoder,10,567,105,462,6,0.9858906525573192,251,0.4016,0.40590220839743263,13.577580337247172,15.645887102232836,1.1523325006085001
horseshoe,1005,2000,pre_retrain_encoder,20,567,105,462,3,0.9911816578483245,338,0.5408,0.5077186843158138,16.72556663299455,17.828569835277765,1.0659471350948027
horseshoe,1005,2000,pre_retrain_encoder,30,567,105,462,2,0.9964726631393298,395,0.632,0.6173130131466986,20.752147593603592,22.401987680274743,1.0795021372717915
horseshoe,1005,10000,final_one_retrain_encoder,3,635,141,494,46,0.3637795275590551,217,0.3472,0.06687595345260158,7.483329021943882,12.287273098087377,1.6419528076417005
horseshoe,1005,10000,final_one_retrain_encoder,5,635,141,494,13,0.8976377952755905,243,0.3888,0.33142075469319315,14.50603611549718,20.340116142548442,1.4021829244460906
horseshoe,1005,10000,final_one_retrain_encoder,10,635,141,494,5,0.988976377952756,261,0.4176,0.45957487045652257,17.256345065587297,19.481334375064915,1.1289374604541667
horseshoe,1005,10000,final_one_retrain_encoder,20,635,141,494,3,0.9968503937007874,338,0.5408,0.5581426428130162,19.69939032398045,20.678569146044268,1.0497060470380064
horseshoe,1005,10000,final_one_retrain_encoder,30,635,141,494,2,0.9984251968503937,385,0.616,0.6340091027144243,21.93910017571689,22.721138304110443,1.0356458615955062
horseshoe,1005,20000,final_one_retrain_encoder,3,684,192,492,58,0.3932748538011696,254,0.4064,0.06064694434904904,5.888611965628747,8.718205374843333,1.480519590309337
horseshoe,1005,20000,final_one_retrain_encoder,5,684,192,492,10,0.9371345029239766,278,0.4448,0.42710545435855746,16.8196886393658,24.81314969683808,1.475244294282827
horseshoe,1005,20000,final_one_retrain_encoder,10,684,192,492,2,0.9956140350877193,297,0.4752,0.5456834944152807,19.9509018580339,23.018137631494618,1.1537392041365584
horseshoe,1005,20000,final_one_retrain_encoder,20,684,192,492,2,0.9956140350877193,379,0.6064,0.6376006616157722,21.816050854622233,22.88704172606726,1.0490918763703796
horseshoe,1005,20000,final_one_retrain_encoder,30,684,192,492,1,1.0,431,0.6896,0.7254586571909831,23.835593823554095,24.773278583928597,1.0393396853175059
open,1001,2000,pre_retrain_encoder,3,571,98,473,37,0.7320490367775832,169,0.2704,0.14457536278529548,3.1413307809078153,4.698753989664219,1.495784531263633
open,1001,2000,pre_retrain_encoder,5,571,98,473,16,0.9299474605954466,173,0.2768,0.27662361287975257,7.737044000299711,9.989027545314842,1.2910651076726325
open,1001,2000,pre_retrain_encoder,10,571,98,473,5,0.989492119089317,207,0.3312,0.37898154237975956,10.944126045282712,12.107154102593924,1.1062696146315416
open,1001,2000,pre_retrain_encoder,20,571,98,473,2,0.9982486865148862,270,0.432,0.46463105749989503,13.336110939836328,14.082378549417399,1.0559584134346014
open,1001,2000,pre_retrain_encoder,30,571,98,473,2,0.9982486865148862,318,0.5088,0.5070989770644128,14.376776944994935,14.862626648634945,1.0337940628486382
open,1001,10000,final_one_retrain_encoder,3,645,160,485,48,0.5085271317829457,252,0.4032,0.1039332849351278,6.508860523702086,12.997750183205463,1.9969317418730999
open,1001,10000,final_one_retrain_encoder,5,645,160,485,11,0.9643410852713178,281,0.4496,0.44217717466167794,11.036789593590845,14.744355578168575,1.3359279392923051
open,1001,10000,final_one_retrain_encoder,10,645,160,485,5,0.9782945736434109,312,0.4992,0.4946644080837413,11.935701024560982,13.153414287530229,1.1020227685381416
open,1001,10000,final_one_retrain_encoder,20,645,160,485,1,1.0,400,0.64,0.6769419779974312,15.217600112640845,16.13093892685984,1.0600185842352574
open,1001,10000,final_one_retrain_encoder,30,645,160,485,1,1.0,459,0.7344,0.7555778931888834,16.14154956132614,16.862327018021904,1.044653547911081
open,1001,20000,final_one_retrain_encoder,3,750,264,486,77,0.4106666666666667,322,0.5152,0.07716924705570993,5.854447371614922,10.643608323831797,1.818038091082166
open,1001,20000,final_one_retrain_encoder,5,750,264,486,17,0.852,352,0.5632,0.39699986767235673,11.606039384151899,15.32028075102951,1.3200266037309356
open,1001,20000,final_one_retrain_encoder,10,750,264,486,1,1.0,390,0.624,0.6872886065899166,16.283212517103593,18.36121837852718,1.1276164552443744
open,1001,20000,final_one_retrain_encoder,20,750,264,486,1,1.0,479,0.7664,0.7988418684663227,17.47986239950747,18.1913137889153,1.0407012007959442
open,1001,20000,final_one_retrain_encoder,30,750,264,486,1,1.0,522,0.8352,0.8557427550615323,18.027763735971828,18.526241842087828,1.027650579041113
open,1002,2000,pre_retrain_encoder,3,580,103,477,45,0.7189655172413794,179,0.2864,0.13455563060889703,2.188404109276211,3.2700471598146996,1.4942611129058012
open,1002,2000,pre_retrain_encoder,5,580,103,477,16,0.9155172413793103,200,0.32,0.28598723480514465,7.669526257536474,10.92929801402698,1.4250290887637662
open,1002,2000,pre_retrain_encoder,10,580,103,477,7,0.9844827586206897,234,0.3744,0.38482513337285124,10.8513931598504,11.88462564730502,1.0952165747046683
open,1002,2000,pre_retrain_encoder,20,580,103,477,3,0.993103448275862,332,0.5312,0.4955004755931129,13.739834616611052,14.689270274650324,1.0691009524154995
open,1002,2000,pre_retrain_encoder,30,580,103,477,3,0.993103448275862,386,0.6176,0.5479921699452723,14.78303741674965,15.578983781319934,1.0538418690375804
open,1002,10000,final_one_retrain_encoder,3,626,139,487,50,0.23162939297124602,220,0.352,0.04515555555555555,5.157125225215341,8.280034787240764,1.6055524009299236
open,1002,10000,final_one_retrain_encoder,5,626,139,487,14,0.9009584664536742,252,0.4032,0.33516099120703435,15.548957794919296,21.804256696587842,1.402296988915392
open,1002,10000,final_one_retrain_encoder,10,626,139,487,3,0.9952076677316294,288,0.4608,0.5130359712230216,21.752032286719235,27.72553577535409,1.2746181786555177
open,1002,10000,final_one_retrain_encoder,20,626,139,487,1,1.0,363,0.5808,0.6248645883293366,24.92690530415168,26.405125195681713,1.0593021826613922
open,1002,10000,final_one_retrain_encoder,30,626,139,487,1,1.0,404,0.6464,0.6777745803357315,25.894877854576286,26.930796674369773,1.0400047772231686
open,1002,20000,final_one_retrain_encoder,3,685,196,489,55,0.472992700729927,238,0.3808,0.09387271910846226,9.273271714743148,17.74016479211672,1.9130427035705693
open,1002,20000,final_one_retrain_encoder,5,685,196,489,11,0.8525547445255475,264,0.4224,0.33593267980335784,17.37119874555205,23.452075113322664,1.3500550800691082
open,1002,20000,final_one_retrain_encoder,10,685,196,489,1,1.0,305,0.488,0.5709795368529091,24.714677064197012,27.59088124856554,1.1163763611758921
open,1002,20000,final_one_retrain_encoder,20,685,196,489,1,1.0,368,0.5888,0.6460009680485657,26.42532680133998,27.659939723511403,1.0467208194416282
open,1002,20000,final_one_retrain_encoder,30,685,196,489,1,1.0,412,0.6592,0.7011424139398994,27.2624492200188,28.150874010113917,1.0325878567595
open,1003,2000,pre_retrain_encoder,3,577,118,459,51,0.610051993067591,210,0.336,0.09805195614857835,1.4568571694647903,2.0993252362897588,1.4409959193604365
open,1003,2000,pre_retrain_encoder,5,577,118,459,21,0.9064124783362218,241,0.3856,0.28896745778961236,7.675356403920048,11.966802852458674,1.5591201532148848
open,1003,2000,pre_retrain_encoder,10,577,118,459,10,0.9826689774696707,278,0.4448,0.41948404061507255,10.54301381427971,12.084468622953965,1.1462062779986564
open,1003,2000,pre_retrain_encoder,20,577,118,459,4,0.9913344887348353,379,0.6064,0.5303802571622926,12.78871784970139,13.584650908767971,1.0622371271632336
open,1003,2000,pre_retrain_encoder,30,577,118,459,3,0.9965337954939342,437,0.6992,0.6223917672599512,14.482018149503187,15.439408207419781,1.0661088839989776
open,1003,10000,final_one_retrain_encoder,3,633,147,486,50,0.5608214849921012,206,0.3296,0.10776408867100991,6.769580831664084,10.179976307687605,1.5037823701094926
open,1003,10000,final_one_retrain_encoder,5,633,147,486,12,0.8546603475513428,244,0.3904,0.3058206318068736,11.576334122821578,15.262993761820704,1.3184652066781009
open,1003,10000,final_one_retrain_encoder,10,633,147,486,3,0.9968404423380727,293,0.4688,0.5187003653941742,15.513810650048281,17.424438447195,1.1231565757920845
open,1003,10000,final_one_retrain_encoder,20,633,147,486,2,0.9984202211690363,346,0.5536,0.5813308746061799,16.707881064518087,17.47169095544537,1.0457155451357238
open,1003,10000,final_one_retrain_encoder,30,633,147,486,2,0.9984202211690363,414,0.6624,0.6605691750995696,17.999373335271823,18.61700978602328,1.0343143307962355
open,1003,20000,final_one_retrain_encoder,3,686,198,488,53,0.19096209912536444,227,0.3632,0.04407101391048148,5.5074882783426,9.779596093019595,1.7756907684173275
open,1003,20000,final_one_retrain_encoder,5,686,198,488,10,0.9460641399416909,266,0.4256,0.4290414053720428,15.175517371841126,25.241109439059546,1.663278346338003
open,1003,20000,final_one_retrain_encoder,10,686,198,488,2,0.9854227405247813,310,0.496,0.5556029136898003,17.243799496773434,19.48687953133685,1.1300803825156474
open,1003,20000,final_one_retrain_encoder,20,686,198,488,1,1.0,358,0.5728,0.6340314776320156,18.587234550503588,19.62729124164508,1.0559554294274138
open,1003,20000,final_one_retrain_encoder,30,686,198,488,1,1.0,422,0.6752,0.7141893898370221,19.86758066550904,20.508857449940546,1.0322775477914525
