map,seed,evaluation,k,routing_point_count,archive_elite_point_count,rolling_point_count,component_count,largest_component_fraction,reachable_centroid_count,reachable_centroid_fraction
horseshoe,1001,10000,3,618,133,485,41,0.36084142394822005,225,0.36
horseshoe,1001,10000,5,618,133,485,11,0.8851132686084142,235,0.376
horseshoe,1001,10000,10,618,133,485,5,0.9902912621359223,262,0.4192
horseshoe,1001,10000,20,618,133,485,2,0.9919093851132686,335,0.536
horseshoe,1001,10000,30,618,133,485,2,0.9919093851132686,385,0.616
horseshoe,1001,10250,3,624,133,491,47,0.38782051282051283,229,0.3664
horseshoe,1001,10250,5,624,133,491,14,0.8990384615384616,237,0.3792
horseshoe,1001,10250,10,624,133,491,5,0.9903846153846154,262,0.4192
horseshoe,1001,10250,20,624,133,491,2,0.9919871794871795,333,0.5328
horseshoe,1001,10250,30,624,133,491,2,0.9919871794871795,381,0.6096
horseshoe,1001,10500,3,623,134,489,46,0.46869983948635635,231,0.3696
horseshoe,1001,10500,5,623,134,489,13,0.9293739967897271,243,0.3888
horseshoe,1001,10500,10,623,134,489,6,0.9887640449438202,274,0.4384
horseshoe,1001,10500,20,623,134,489,3,0.9903691813804173,352,0.5632
horseshoe,1001,10500,30,623,134,489,3,0.9903691813804173,417,0.6672
horseshoe,1001,10750,3,624,135,489,52,0.2516025641025641,229,0.3664
horseshoe,1001,10750,5,624,135,489,9,0.9743589743589743,243,0.3888
horseshoe,1001,10750,10,624,135,489,6,0.9903846153846154,273,0.4368
horseshoe,1001,10750,20,624,135,489,3,0.9919871794871795,350,0.56
horseshoe,1001,10750,30,624,135,489,3,0.9919871794871795,417,0.6672
horseshoe,1001,11000,3,624,138,486,41,0.4407051282051282,231,0.3696
horseshoe,1001,11000,5,624,138,486,9,0.9519230769230769,248,0.3968
horseshoe,1001,11000,10,624,138,486,5,0.9919871794871795,280,0.448
horseshoe,1001,11000,20,624,138,486,3,0.9919871794871795,353,0.5648
horseshoe,1001,11000,30,624,138,486,3,0.9919871794871795,423,0.6768
horseshoe,1001,11250,3,622,144,478,40,0.7122186495176849,237,0.3792
horseshoe,1001,11250,5,622,144,478,12,0.8971061093247589,252,0.4032
horseshoe,1001,11250,10,622,144,478,6,0.9903536977491961,284,0.4544
horseshoe,1001,11250,20,622,144,478,2,0.9983922829581994,356,0.5696
horseshoe,1001,11250,30,622,144,478,2,0.9983922829581994,424,0.6784
horseshoe,1001,11500,3,625,150,475,45,0.4384,239,0.3824
horseshoe,1001,11500,5,625,150,475,14,0.9328,254,0.4064
horseshoe,1001,11500,10,625,150,475,5,0.9888,282,0.4512
horseshoe,1001,11500,20,625,150,475,2,0.9984,355,0.568
horseshoe,1001,11500,30,625,150,475,2,0.9984,424,0.6784
horseshoe,1001,11750,3,631,155,476,46,0.48811410459587956,239,0.3824
horseshoe,1001,11750,5,631,155,476,12,0.9001584786053882,251,0.4016
horseshoe,1001,11750,10,631,155,476,4,0.993660855784469,274,0.4384
horseshoe,1001,11750,20,631,155,476,2,0.9984152139461173,352,0.5632
horseshoe,1001,11750,30,631,155,476,2,0.9984152139461173,418,0.6688
horseshoe,1001,12000,3,632,156,476,46,0.21835443037974683,234,0.3744
horseshoe,1001,12000,5,632,156,476,11,0.9335443037974683,245,0.392
horseshoe,1001,12000,10,632,156,476,4,0.9936708860759493,270,0.432
horseshoe,1001,12000,20,632,156,476,2,0.9984177215189873,349,0.5584
horseshoe,1001,12000,30,632,156,476,2,0.9984177215189873,410,0.656
horseshoe,1001,12250,3,637,157,480,40,0.4427001569858713,234,0.3744
horseshoe,1001,12250,5,637,157,480,11,0.9309262166405023,247,0.3952
horseshoe,1001,12250,10,637,157,480,5,0.989010989010989,270,0.432
horseshoe,1001,12250,20,637,157,480,2,0.9984301412872841,352,0.5632
horseshoe,1001,12250,30,637,157,480,2,0.9984301412872841,412,0.6592
horseshoe,1001,12500,3,641,162,479,45,0.5195007800312013,244,0.3904
horseshoe,1001,12500,5,641,162,479,16,0.8486739469578783,259,0.4144
horseshoe,1001,12500,10,641,162,479,5,0.984399375975039,279,0.4464
horseshoe,1001,12500,20,641,162,479,1,1.0,361,0.5776
horseshoe,1001,12500,30,641,162,479,1,1.0,420,0.672
horseshoe,1001,12750,3,646,164,482,53,0.5247678018575851,243,0.3888
horseshoe,1001,12750,5,646,164,482,15,0.9210526315789473,258,0.4128
horseshoe,1001,12750,10,646,164,482,5,0.9845201238390093,281,0.4496
horseshoe,1001,12750,20,646,164,482,1,1.0,361,0.5776
horseshoe,1001,12750,30,646,164,482,1,1.0,420,0.672
horseshoe,1001,13000,3,652,171,481,39,0.6702453987730062,245,0.392
horseshoe,1001,13000,5,652,171,481,11,0.9125766871165644,257,0.4112
horseshoe,1001,13000,10,652,171,481,6,0.9846625766871165,285,0.456
horseshoe,1001,13000,20,652,171,481,2,0.9969325153374233,361,0.5776
horseshoe,1001,13000,30,652,171,481,1,1.0,422,0.6752
horseshoe,1001,13250,3,654,176,478,48,0.41743119266055045,245,0.392
horseshoe,1001,13250,5,654,176,478,9,0.9403669724770642,258,0.4128
horseshoe,1001,13250,10,654,176,478,4,0.9785932721712538,284,0.4544
horseshoe,1001,13250,20,654,176,478,1,1.0,364,0.5824
horseshoe,1001,13250,30,654,176,478,1,1.0,423,0.6768
horseshoe,1001,13500,3,654,176,478,51,0.40214067278287463,245,0.392
horseshoe,1001,13500,5,654,176,478,12,0.8241590214067278,259,0.4144
horseshoe,1001,13500,10,654,176,478,4,0.9801223241590215,282,0.4512
horseshoe,1001,13500,20,654,176,478,1,1.0,363,0.5808
horseshoe,1001,13500,30,654,176,478,1,1.0,424,0.6784
horseshoe,1001,13750,3,660,179,481,47,0.5454545454545454,249,0.3984
horseshoe,1001,13750,5,660,179,481,12,0.896969696969697,267,0.4272
horseshoe,1001,13750,10,660,179,481,5,0.9787878787878788,293,0.4688
horseshoe,1001,13750,20,660,179,481,2,0.9954545454545455,377,0.6032
horseshoe,1001,13750,30,660,179,481,2,0.9954545454545455,443,0.7088
horseshoe,1001,14000,3,669,181,488,45,0.6083707025411061,248,0.3968
horseshoe,1001,14000,5,669,181,488,9,0.905829596412556,265,0.424
horseshoe,1001,14000,10,669,181,488,5,0.9790732436472347,290,0.464
horseshoe,1001,14000,20,669,181,488,2,0.9955156950672646,378,0.6048
horseshoe,1001,14000,30,669,181,488,2,0.9955156950672646,441,0.7056
horseshoe,1001,14250,3,671,182,489,51,0.4903129657228018,247,0.3952
horseshoe,1001,14250,5,671,182,489,6,0.9612518628912071,258,0.4128
horseshoe,1001,14250,10,671,182,489,2,0.9955290611028316,285,0.456
horseshoe,1001,14250,20,671,182,489,1,1.0,367,0.5872
horseshoe,1001,14250,30,671,182,489,1,1.0,427,0.6832
horseshoe,1001,14500,3,666,184,482,52,0.5540540540540541,252,0.4032
horseshoe,1001,14500,5,666,184,482,5,0.9594594594594594,263,0.4208
horseshoe,1001,14500,10,666,184,482,2,0.9954954954954955,286,0.4576
horseshoe,1001,14500,20,666,184,482,1,1.0,367,0.5872
horseshoe,1001,14500,30,666,184,482,1,1.0,424,0.6784
horseshoe,1001,14750,3,669,184,485,53,0.40657698056801195,254,0.4064
horseshoe,1001,14750,5,669,184,485,11,0.8490284005979073,264,0.4224
horseshoe,1001,14750,10,669,184,485,2,0.9955156950672646,288,0.4608
horseshoe,1001,14750,20,669,184,485,1,1.0,368,0.5888
horseshoe,1001,14750,30,669,184,485,1,1.0,425,0.68
horseshoe,1001,15000,3,677,185,492,56,0.5110782865583456,249,0.3984
horseshoe,1001,15000,5,677,185,492,11,0.896602658788774,264,0.4224
horseshoe,1001,15000,10,677,185,492,2,0.9940915805022157,288,0.4608
horseshoe,1001,15000,20,677,185,492,1,1.0,368,0.5888
horseshoe,1001,15000,30,677,185,492,1,1.0,425,0.68
horseshoe,1001,15250,3,674,186,488,59,0.37388724035608306,242,0.3872
horseshoe,1001,15250,5,674,186,488,11,0.6097922848664689,259,0.4144
horseshoe,1001,15250,10,674,186,488,2,0.9940652818991098,284,0.4544
horseshoe,1001,15250,20,674,186,488,1,1.0,362,0.5792
horseshoe,1001,15250,30,674,186,488,1,1.0,419,0.6704
horseshoe,1001,15500,3,675,187,488,49,0.5555555555555556,245,0.392
horseshoe,1001,15500,5,675,187,488,7,0.8918518518518519,262,0.4192
horseshoe,1001,15500,10,675,187,488,2,0.9955555555555555,287,0.4592
horseshoe,1001,15500,20,675,187,488,1,1.0,365,0.584
horseshoe,1001,15500,30,675,187,488,1,1.0,427,0.6832
horseshoe,1001,15750,3,676,188,488,51,0.39349112426035504,250,0.4
horseshoe,1001,15750,5,676,188,488,6,0.9482248520710059,264,0.4224
horseshoe,1001,15750,10,676,188,488,2,0.992603550295858,290,0.464
horseshoe,1001,15750,20,676,188,488,1,1.0,375,0.6
horseshoe,1001,15750,30,676,188,488,1,1.0,430,0.688
horseshoe,1001,16000,3,677,189,488,60,0.2688330871491876,252,0.4032
horseshoe,1001,16000,5,677,189,488,6,0.7828655834564254,265,0.424
horseshoe,1001,16000,10,677,189,488,2,0.9926144756277696,290,0.464
horseshoe,1001,16000,20,677,189,488,1,1.0,375,0.6
horseshoe,1001,16000,30,677,189,488,1,1.0,427,0.6832
horseshoe,1001,16250,3,678,189,489,67,0.29056047197640117,248,0.3968
horseshoe,1001,16250,5,678,189,489,8,0.9410029498525073,262,0.4192
horseshoe,1001,16250,10,678,189,489,2,0.995575221238938,288,0.4608
horseshoe,1001,16250,20,678,189,489,1,1.0,366,0.5856
horseshoe,1001,16250,30,678,189,489,1,1.0,425,0.68
horseshoe,1001,16500,3,677,189,488,60,0.5155096011816839,246,0.3936
horseshoe,1001,16500,5,677,189,488,9,0.9217134416543574,264,0.4224
horseshoe,1001,16500,10,677,189,488,2,0.9955686853766618,286,0.4576
horseshoe,1001,16500,20,677,189,488,1,1.0,365,0.584
horseshoe,1001,16500,30,677,189,488,1,1.0,424,0.6784
horseshoe,1001,16750,3,676,189,487,56,0.5177514792899408,249,0.3984
horseshoe,1001,16750,5,676,189,487,5,0.9689349112426036,267,0.4272
horseshoe,1001,16750,10,676,189,487,2,0.9955621301775148,288,0.4608
horseshoe,1001,16750,20,676,189,487,1,1.0,366,0.5856
horseshoe,1001,16750,30,676,189,487,1,1.0,425,0.68
horseshoe,1001,17000,3,676,189,487,45,0.5931952662721893,250,0.4
horseshoe,1001,17000,5,676,189,487,5,0.9822485207100592,267,0.4272
horseshoe,1001,17000,10,676,189,487,2,0.9955621301775148,290,0.464
horseshoe,1001,17000,20,676,189,487,1,1.0,366,0.5856
horseshoe,1001,17000,30,676,189,487,1,1.0,430,0.688
horseshoe,1001,17250,3,681,189,492,49,0.42584434654919234,250,0.4
horseshoe,1001,17250,5,681,189,492,9,0.8619676945668135,266,0.4256
horseshoe,1001,17250,10,681,189,492,2,0.9955947136563876,290,0.464
horseshoe,1001,17250,20,681,189,492,1,1.0,364,0.5824
horseshoe,1001,17250,30,681,189,492,1,1.0,430,0.688
horseshoe,1001,17500,3,678,189,489,54,0.3864306784660767,246,0.3936
horseshoe,1001,17500,5,678,189,489,7,0.9351032448377581,259,0.4144
horseshoe,1001,17500,10,678,189,489,2,0.995575221238938,286,0.4576
horseshoe,1001,17500,20,678,189,489,1,1.0,363,0.5808
horseshoe,1001,17500,30,678,189,489,1,1.0,425,0.68
horseshoe,1001,17750,3,677,191,486,53,0.5051698670605613,246,0.3936
horseshoe,1001,17750,5,677,191,486,10,0.8552437223042836,257,0.4112
horseshoe,1001,17750,10,677,191,486,2,0.9955686853766618,283,0.4528
horseshoe,1001,17750,20,677,191,486,1,1.0,363,0.5808
horseshoe,1001,17750,30,677,191,486,1,1.0,425,0.68
horseshoe,1001,18000,3,680,191,489,48,0.46911764705882353,247,0.3952
horseshoe,1001,18000,5,680,191,489,11,0.8735294117647059,260,0.416
horseshoe,1001,18000,10,680,191,489,2,0.9955882352941177,283,0.4528
horseshoe,1001,18000,20,680,191,489,1,1.0,364,0.5824
horseshoe,1001,18000,30,680,191,489,1,1.0,425,0.68
horseshoe,1001,18250,3,680,191,489,53,0.45,250,0.4
horseshoe,1001,18250,5,680,191,489,10,0.8661764705882353,264,0.4224
horseshoe,1001,18250,10,680,191,489,2,0.9955882352941177,288,0.4608
horseshoe,1001,18250,20,680,191,489,1,1.0,364,0.5824
horseshoe,1001,18250,30,680,191,489,1,1.0,432,0.6912
horseshoe,1001,18500,3,682,191,491,47,0.5645161290322581,245,0.392
horseshoe,1001,18500,5,682,191,491,8,0.9618768328445748,261,0.4176
horseshoe,1001,18500,10,682,191,491,2,0.9956011730205279,285,0.456
horseshoe,1001,18500,20,682,191,491,1,1.0,364,0.5824
horseshoe,1001,18500,30,682,191,491,1,1.0,427,0.6832
horseshoe,1001,18750,3,683,191,492,56,0.445095168374817,247,0.3952
horseshoe,1001,18750,5,683,191,492,8,0.9648609077598829,263,0.4208
horseshoe,1001,18750,10,683,191,492,2,0.9956076134699854,285,0.456
horseshoe,1001,18750,20,683,191,492,1,1.0,365,0.584
horseshoe,1001,18750,30,683,191,492,1,1.0,425,0.68
horseshoe,1001,19000,3,678,191,487,50,0.48525073746312686,252,0.4032
horseshoe,1001,19000,5,678,191,487,12,0.8982300884955752,266,0.4256
horseshoe,1001,19000,10,678,191,487,2,0.995575221238938,289,0.4624
horseshoe,1001,19000,20,678,191,487,1,1.0,375,0.6
horseshoe,1001,19000,30,678,191,487,1,1.0,440,0.704
horseshoe,1001,19250,3,679,191,488,55,0.2916053019145803,248,0.3968
horseshoe,1001,19250,5,679,191,488,9,0.9528718703976435,262,0.4192
horseshoe,1001,19250,10,679,191,488,2,0.9955817378497791,288,0.4608
horseshoe,1001,19250,20,679,191,488,1,1.0,374,0.5984
horseshoe,1001,19250,30,679,191,488,1,1.0,439,0.7024
horseshoe,1001,19500,3,683,191,492,58,0.37920937042459735,249,0.3984
horseshoe,1001,19500,5,683,191,492,7,0.9677891654465594,263,0.4208
horseshoe,1001,19500,10,683,191,492,2,0.9956076134699854,287,0.4592
horseshoe,1001,19500,20,683,191,492,1,1.0,369,0.5904
horseshoe,1001,19500,30,683,191,492,1,1.0,436,0.6976
horseshoe,1001,19750,3,682,192,490,61,0.4237536656891496,253,0.4048
horseshoe,1001,19750,5,682,192,490,8,0.8900293255131965,270,0.432
horseshoe,1001,19750,10,682,192,490,2,0.9956011730205279,291,0.4656
horseshoe,1001,19750,20,682,192,490,1,1.0,371,0.5936
horseshoe,1001,19750,30,682,192,490,1,1.0,438,0.7008
horseshoe,1001,20000,3,683,192,491,48,0.45241581259150804,253,0.4048
horseshoe,1001,20000,5,683,192,491,5,0.9355783308931186,266,0.4256
horseshoe,1001,20000,10,683,192,491,2,0.9956076134699854,290,0.464
horseshoe,1001,20000,20,683,192,491,1,1.0,372,0.5952
horseshoe,1001,20000,30,683,192,491,1,1.0,439,0.7024
horseshoe,1002,10000,3,631,143,488,46,0.7147385103011094,216,0.3456
horseshoe,1002,10000,5,631,143,488,11,0.9477020602218701,242,0.3872
horseshoe,1002,10000,10,631,143,488,2,0.9984152139461173,272,0.4352
horseshoe,1002,10000,20,631,143,488,2,0.9984152139461173,350,0.56
horseshoe,1002,10000,30,631,143,488,2,0.9984152139461173,398,0.6368
horseshoe,1002,10250,3,629,143,486,51,0.23370429252782193,220,0.352
horseshoe,1002,10250,5,629,143,486,11,0.9554848966613673,248,0.3968
horseshoe,1002,10250,10,629,143,486,3,0.9952305246422893,279,0.4464
horseshoe,1002,10250,20,629,143,486,2,0.9984101748807631,355,0.568
horseshoe,1002,10250,30,629,143,486,1,1.0,399,0.6384
horseshoe,1002,10500,3,631,148,483,48,0.34548335974643424,222,0.3552
horseshoe,1002,10500,5,631,148,483,11,0.9160063391442155,252,0.4032
horseshoe,1002,10500,10,631,148,483,4,0.9778129952456418,278,0.4448
horseshoe,1002,10500,20,631,148,483,2,0.9984152139461173,355,0.568
horseshoe,1002,10500,30,631,148,483,1,1.0,398,0.6368
horseshoe,1002,10750,3,629,152,477,58,0.4848966613672496,227,0.3632
horseshoe,1002,10750,5,629,152,477,12,0.8950715421303657,255,0.408
horseshoe,1002,10750,10,629,152,477,2,0.9984101748807631,281,0.4496
horseshoe,1002,10750,20,629,152,477,1,1.0,358,0.5728
horseshoe,1002,10750,30,629,152,477,1,1.0,401,0.6416
horseshoe,1002,11000,3,634,154,480,51,0.4968454258675079,236,0.3776
horseshoe,1002,11000,5,634,154,480,13,0.9511041009463722,268,0.4288
horseshoe,1002,11000,10,634,154,480,3,0.9952681388012619,293,0.4688
horseshoe,1002,11000,20,634,154,480,1,1.0,375,0.6
horseshoe,1002,11000,30,634,154,480,1,1.0,423,0.6768
horseshoe,1002,11250,3,642,158,484,54,0.22897196261682243,230,0.368
horseshoe,1002,11250,5,642,158,484,15,0.9392523364485982,262,0.4192
horseshoe,1002,11250,10,642,158,484,3,0.9953271028037384,289,0.4624
horseshoe,1002,11250,20,642,158,484,2,0.9984423676012462,371,0.5936
horseshoe,1002,11250,30,642,158,484,2,0.9984423676012462,423,0.6768
horseshoe,1002,11500,3,641,164,477,60,0.18252730109204368,236,0.3776
horseshoe,1002,11500,5,641,164,477,15,0.906396255850234,264,0.4224
horseshoe,1002,11500,10,641,164,477,3,0.9937597503900156,291,0.4656
horseshoe,1002,11500,20,641,164,477,1,1.0,371,0.5936
horseshoe,1002,11500,30,641,164,477,1,1.0,424,0.6784
horseshoe,1002,11750,3,646,166,480,54,0.25386996904024767,240,0.384
horseshoe,1002,11750,5,646,166,480,13,0.9024767801857585,266,0.4256
horseshoe,1002,11750,10,646,166,480,3,0.9938080495356038,296,0.4736
horseshoe,1002,11750,20,646,166,480,1,1.0,376,0.6016
horseshoe,1002,11750,30,646,166,480,1,1.0,427,0.6832
horseshoe,1002,12000,3,655,169,486,56,0.5343511450381679,239,0.3824
horseshoe,1002,12000,5,655,169,486,11,0.9099236641221374,265,0.424
horseshoe,1002,12000,10,655,169,486,2,0.9969465648854962,296,0.4736
horseshoe,1002,12000,20,655,169,486,1,1.0,376,0.6016
horseshoe,1002,12000,30,655,169,486,1,1.0,428,0.6848
horseshoe,1002,12250,3,654,172,482,61,0.38990825688073394,240,0.384
horseshoe,1002,12250,5,654,172,482,9,0.926605504587156,267,0.4272
horseshoe,1002,12250,10,654,172,482,2,0.9969418960244648,296,0.4736
horseshoe,1002,12250,20,654,172,482,1,1.0,377,0.6032
horseshoe,1002,12250,30,654,172,482,1,1.0,427,0.6832
horseshoe,1002,12500,3,659,175,484,56,0.2488619119878604,247,0.3952
horseshoe,1002,12500,5,659,175,484,9,0.9514415781487102,274,0.4384
horseshoe,1002,12500,10,659,175,484,2,0.9969650986342944,303,0.4848
horseshoe,1002,12500,20,659,175,484,1,1.0,384,0.6144
horseshoe,1002,12500,30,659,175,484,1,1.0,435,0.696
horseshoe,1002,12750,3,657,177,480,59,0.6621004566210046,245,0.392
horseshoe,1002,12750,5,657,177,480,13,0.9375951293759512,274,0.4384
horseshoe,1002,12750,10,657,177,480,2,0.9969558599695586,297,0.4752
horseshoe,1002,12750,20,657,177,480,1,1.0,382,0.6112
horseshoe,1002,12750,30,657,177,480,1,1.0,433,0.6928
horseshoe,1002,13000,3,653,179,474,54,0.5130168453292496,240,0.384
horseshoe,1002,13000,5,653,179,474,18,0.9081163859111792,269,0.4304
horseshoe,1002,13000,10,653,179,474,2,0.996937212863706,293,0.4688
horseshoe,1002,13000,20,653,179,474,1,1.0,378,0.6048
horseshoe,1002,13000,30,653,179,474,1,1.0,426,0.6816
horseshoe,1002,13250,3,660,180,480,56,0.24696969696969698,246,0.3936
horseshoe,1002,13250,5,660,180,480,11,0.9515151515151515,271,0.4336
horseshoe,1002,13250,10,660,180,480,3,0.9954545454545455,296,0.4736
horseshoe,1002,13250,20,660,180,480,1,1.0,379,0.6064
horseshoe,1002,13250,30,660,180,480,1,1.0,431,0.6896
horseshoe,1002,13500,3,666,181,485,62,0.24174174174174173,247,0.3952
horseshoe,1002,13500,5,666,181,485,17,0.9144144144144144,273,0.4368
horseshoe,1002,13500,10,666,181,485,3,0.9954954954954955,299,0.4784
horseshoe,1002,13500,20,666,181,485,1,1.0,379,0.6064
horseshoe,1002,13500,30,666,181,485,1,1.0,436,0.6976
horseshoe,1002,13750,3,667,181,486,53,0.5172413793103449,242,0.3872
horseshoe,1002,13750,5,667,181,486,10,0.9160419790104948,273,0.4368
horseshoe,1002,13750,10,667,181,486,3,0.9940029985007496,302,0.4832
horseshoe,1002,13750,20,667,181,486,1,1.0,386,0.6176
horseshoe,1002,13750,30,667,181,486,1,1.0,438,0.7008
horseshoe,1002,14000,3,667,184,483,57,0.47226386806596704,249,0.3984
horseshoe,1002,14000,5,667,184,483,8,0.9160419790104948,282,0.4512
horseshoe,1002,14000,10,667,184,483,4,0.9910044977511244,307,0.4912
horseshoe,1002,14000,20,667,184,483,1,1.0,391,0.6256
horseshoe,1002,14000,30,667,184,483,1,1.0,437,0.6992
horseshoe,1002,14250,3,667,187,480,55,0.5817091454272864,252,0.4032
horseshoe,1002,14250,5,667,187,480,15,0.9190404797601199,284,0.4544
horseshoe,1002,14250,10,667,187,480,5,0.9880059970014993,311,0.4976
horseshoe,1002,14250,20,667,187,480,1,1.0,386,0.6176
horseshoe,1002,14250,30,667,187,480,1,1.0,440,0.704
horseshoe,1002,14500,3,673,190,483,49,0.4115898959881129,250,0.4
horseshoe,1002,14500,5,673,190,483,13,0.8915304606240714,278,0.4448
horseshoe,1002,14500,10,673,190,483,3,0.9717682020802377,305,0.488
horseshoe,1002,14500,20,673,190,483,1,1.0,383,0.6128
horseshoe,1002,14500,30,673,190,483,1,1.0,440,0.704
horseshoe,1002,14750,3,669,190,479,54,0.5844544095665172,252,0.4032
horseshoe,1002,14750,5,669,190,479,15,0.7488789237668162,280,0.448
horseshoe,1002,14750,10,669,190,479,2,0.9970104633781763,305,0.488
horseshoe,1002,14750,20,669,190,479,1,1.0,390,0.624
horseshoe,1002,14750,30,669,190,479,1,1.0,439,0.7024
horseshoe,1002,15000,3,667,192,475,58,0.3073463268365817,253,0.4048
horseshoe,1002,15000,5,667,192,475,12,0.7916041979010495,278,0.4448
horseshoe,1002,15000,10,667,192,475,2,0.9955022488755623,306,0.4896
horseshoe,1002,15000,20,667,192,475,1,1.0,385,0.616
horseshoe,1002,15000,30,667,192,475,1,1.0,433,0.6928
horseshoe,1002,15250,3,673,193,480,51,0.46805349182763745,248,0.3968
horseshoe,1002,15250,5,673,193,480,13,0.8380386329866271,271,0.4336
horseshoe,1002,15250,10,673,193,480,1,1.0,298,0.4768
horseshoe,1002,15250,20,673,193,480,1,1.0,376,0.6016
horseshoe,1002,15250,30,673,193,480,1,1.0,430,0.688
horseshoe,1002,15500,3,679,194,485,54,0.4256259204712813,248,0.3968
horseshoe,1002,15500,5,679,194,485,9,0.9116347569955817,268,0.4288
horseshoe,1002,15500,10,679,194,485,1,1.0,295,0.472
horseshoe,1002,15500,20,679,194,485,1,1.0,373,0.5968
horseshoe,1002,15500,30,679,194,485,1,1.0,427,0.6832
horseshoe,1002,15750,3,684,194,490,47,0.6228070175438597,248,0.3968
horseshoe,1002,15750,5,684,194,490,12,0.9122807017543859,271,0.4336
horseshoe,1002,15750,10,684,194,490,2,0.9956140350877193,300,0.48
horseshoe,1002,15750,20,684,194,490,1,1.0,375,0.6
horseshoe,1002,15750,30,684,194,490,1,1.0,435,0.696
horseshoe,1002,16000,3,680,195,485,51,0.43970588235294117,247,0.3952
horseshoe,1002,16000,5,680,195,485,14,0.8691176470588236,271,0.4336
horseshoe,1002,16000,10,680,195,485,2,0.9955882352941177,298,0.4768
horseshoe,1002,16000,20,680,195,485,1,1.0,375,0.6
horseshoe,1002,16000,30,680,195,485,1,1.0,433,0.6928
horseshoe,1002,16250,3,679,196,483,56,0.35640648011782033,252,0.4032
horseshoe,1002,16250,5,679,196,483,11,0.9263622974963182,277,0.4432
horseshoe,1002,16250,10,679,196,483,3,0.9970544918998527,307,0.4912
horseshoe,1002,16250,20,679,196,483,2,0.9985272459499264,388,0.6208
horseshoe,1002,16250,30,679,196,483,1,1.0,457,0.7312
horseshoe,1002,16500,3,684,197,487,61,0.4444444444444444,259,0.4144
horseshoe,1002,16500,5,684,197,487,9,0.9312865497076024,280,0.448
horseshoe,1002,16500,10,684,197,487,3,0.9941520467836257,311,0.4976
horseshoe,1002,16500,20,684,197,487,1,1.0,393,0.6288
horseshoe,1002,16500,30,684,197,487,1,1.0,459,0.7344
horseshoe,1002,16750,3,684,197,487,65,0.2543859649122807,259,0.4144
horseshoe,1002,16750,5,684,197,487,10,0.9137426900584795,280,0.448
horseshoe,1002,16750,10,684,197,487,4,0.9751461988304093,315,0.504
horseshoe,1002,16750,20,684,197,487,1,1.0,395,0.632
horseshoe,1002,16750,30,684,197,487,1,1.0,458,0.7328
horseshoe,1002,17000,3,688,198,490,60,0.29941860465116277,259,0.4144
horseshoe,1002,17000,5,688,198,490,9,0.9244186046511628,282,0.4512
horseshoe,1002,17000,10,688,198,490,3,0.997093023255814,316,0.5056
horseshoe,1002,17000,20,688,198,490,2,0.998546511627907,395,0.632
horseshoe,1002,17000,30,688,198,490,1,1.0,461,0.7376
horseshoe,1002,17250,3,690,199,491,57,0.21014492753623187,258,0.4128
horseshoe,1002,17250,5,690,199,491,9,0.927536231884058,282,0.4512
horseshoe,1002,17250,10,690,199,491,3,0.9971014492753624,314,0.5024
horseshoe,1002,17250,20,690,199,491,2,0.9985507246376811,394,0.6304
horseshoe,1002,17250,30,690,199,491,1,1.0,464,0.7424
horseshoe,1002,17500,3,690,199,491,50,0.336231884057971,253,0.4048
horseshoe,1002,17500,5,690,199,491,11,0.908695652173913,282,0.4512
horseshoe,1002,17500,10,690,199,491,3,0.9971014492753624,311,0.4976
horseshoe,1002,17500,20,690,199,491,2,0.9985507246376811,392,0.6272
horseshoe,1002,17500,30,690,199,491,1,1.0,459,0.7344
horseshoe,1002,17750,3,691,200,491,62,0.30824891461649784,250,0.4
horseshoe,1002,17750,5,691,200,491,13,0.9131693198263386,279,0.4464
horseshoe,1002,17750,10,691,200,491,3,0.9971056439942113,310,0.496
horseshoe,1002,17750,20,691,200,491,2,0.9985528219971056,391,0.6256
horseshoe,1002,17750,30,691,200,491,1,1.0,454,0.7264
horseshoe,1002,18000,3,687,201,486,56,0.3071324599708879,254,0.4064
horseshoe,1002,18000,5,687,201,486,11,0.8908296943231441,283,0.4528
horseshoe,1002,18000,10,687,201,486,3,0.9970887918486172,314,0.5024
horseshoe,1002,18000,20,687,201,486,2,0.9985443959243085,402,0.6432
horseshoe,1002,18000,30,687,201,486,1,1.0,465,0.744
horseshoe,1002,18250,3,688,201,487,57,0.5261627906976745,255,0.408
horseshoe,1002,18250,5,688,201,487,10,0.9156976744186046,282,0.4512
horseshoe,1002,18250,10,688,201,487,3,0.997093023255814,312,0.4992
horseshoe,1002,18250,20,688,201,487,2,0.998546511627907,401,0.6416
horseshoe,1002,18250,30,688,201,487,1,1.0,465,0.744
horseshoe,1002,18500,3,690,201,489,53,0.4391304347826087,256,0.4096
horseshoe,1002,18500,5,690,201,489,11,0.9159420289855073,282,0.4512
horseshoe,1002,18500,10,690,201,489,2,0.9985507246376811,314,0.5024
horseshoe,1002,18500,20,690,201,489,2,0.9985507246376811,394,0.6304
horseshoe,1002,18500,30,690,201,489,1,1.0,462,0.7392
horseshoe,1002,18750,3,692,204,488,53,0.565028901734104,260,0.416
horseshoe,1002,18750,5,692,204,488,13,0.9335260115606936,290,0.464
horseshoe,1002,18750,10,692,204,488,3,0.9971098265895953,327,0.5232
horseshoe,1002,18750,20,692,204,488,2,0.9985549132947977,401,0.6416
horseshoe,1002,18750,30,692,204,488,1,1.0,470,0.752
horseshoe,1002,19000,3,693,205,488,45,0.5743145743145743,258,0.4128
horseshoe,1002,19000,5,693,205,488,12,0.950937950937951,284,0.4544
horseshoe,1002,19000,10,693,205,488,3,0.9971139971139971,323,0.5168
horseshoe,1002,19000,20,693,205,488,2,0.9985569985569985,398,0.6368
horseshoe,1002,19000,30,693,205,488,1,1.0,461,0.7376
horseshoe,1002,19250,3,693,206,487,49,0.6334776334776335,264,0.4224
horseshoe,1002,19250,5,693,206,487,13,0.8888888888888888,288,0.4608
horseshoe,1002,19250,10,693,206,487,5,0.9841269841269841,329,0.5264
horseshoe,1002,19250,20,693,206,487,2,0.9971139971139971,404,0.6464
horseshoe,1002,19250,30,693,206,487,1,1.0,467,0.7472
horseshoe,1002,19500,3,696,207,489,51,0.5014367816091954,265,0.424
horseshoe,1002,19500,5,696,207,489,10,0.9152298850574713,291,0.4656
horseshoe,1002,19500,10,696,207,489,5,0.9841954022988506,329,0.5264
horseshoe,1002,19500,20,696,207,489,2,0.9971264367816092,406,0.6496
horseshoe,1002,19500,30,696,207,489,1,1.0,472,0.7552
horseshoe,1002,19750,3,699,208,491,52,0.19313304721030042,263,0.4208
horseshoe,1002,19750,5,699,208,491,8,0.9656652360515021,291,0.4656
horseshoe,1002,19750,10,699,208,491,3,0.9957081545064378,327,0.5232
horseshoe,1002,19750,20,699,208,491,2,0.9971387696709585,404,0.6464
horseshoe,1002,19750,30,699,208,491,1,1.0,473,0.7568
horseshoe,1002,20000,3,696,208,488,57,0.3031609195402299,260,0.416
horseshoe,1002,20000,5,696,208,488,14,0.9109195402298851,288,0.4608
horseshoe,1002,20000,10,696,208,488,3,0.9956896551724138,325,0.52
horseshoe,1002,20000,20,696,208,488,2,0.9971264367816092,401,0.6416
horseshoe,1002,20000,30,696,208,488,1,1.0,472,0.7552
horseshoe,1003,10000,3,621,128,493,51,0.5877616747181964,229,0.3664
horseshoe,1003,10000,5,621,128,493,14,0.9452495974235104,235,0.376
horseshoe,1003,10000,10,621,128,493,6,0.9855072463768116,264,0.4224
horseshoe,1003,10000,20,621,128,493,3,0.9967793880837359,363,0.5808
horseshoe,1003,10000,30,621,128,493,3,0.9967793880837359,426,0.6816
horseshoe,1003,10250,3,623,129,494,45,0.507223113964687,223,0.3568
horseshoe,1003,10250,5,623,129,494,12,0.956661316211878,227,0.3632
horseshoe,1003,10250,10,623,129,494,5,0.9871589085072231,253,0.4048
horseshoe,1003,10250,20,623,129,494,2,0.9983948635634029,337,0.5392
horseshoe,1003,10250,30,623,129,494,2,0.9983948635634029,400,0.64
horseshoe,1003,10500,3,612,131,481,46,0.5833333333333334,235,0.376
horseshoe,1003,10500,5,612,131,481,11,0.9624183006535948,243,0.3888
horseshoe,1003,10500,10,612,131,481,6,0.9901960784313726,272,0.4352
horseshoe,1003,10500,20,612,131,481,3,0.9950980392156863,354,0.5664
horseshoe,1003,10500,30,612,131,481,2,0.9983660130718954,425,0.68
horseshoe,1003,10750,3,609,134,475,49,0.5730706075533661,237,0.3792
horseshoe,1003,10750,5,609,134,475,13,0.9638752052545156,244,0.3904
horseshoe,1003,10750,10,609,134,475,4,0.9950738916256158,274,0.4384
horseshoe,1003,10750,20,609,134,475,2,0.9983579638752053,359,0.5744
horseshoe,1003,10750,30,609,134,475,2,0.9983579638752053,428,0.6848
horseshoe,1003,11000,3,618,137,481,50,0.4029126213592233,240,0.384
horseshoe,1003,11000,5,618,137,481,15,0.9546925566343042,248,0.3968
horseshoe,1003,11000,10,618,137,481,3,0.9967637540453075,274,0.4384
horseshoe,1003,11000,20,618,137,481,3,0.9967637540453075,363,0.5808
horseshoe,1003,11000,30,618,137,481,3,0.9967637540453075,426,0.6816
horseshoe,1003,11250,3,626,143,483,48,0.5766773162939297,248,0.3968
horseshoe,1003,11250,5,626,143,483,14,0.9424920127795527,256,0.4096
horseshoe,1003,11250,10,626,143,483,5,0.9920127795527156,283,0.4528
horseshoe,1003,11250,20,626,143,483,3,0.9968051118210862,360,0.576
horseshoe,1003,11250,30,626,143,483,3,0.9968051118210862,424,0.6784
horseshoe,1003,11500,3,621,147,474,49,0.5136876006441223,250,0.4
horseshoe,1003,11500,5,621,147,474,16,0.8969404186795491,259,0.4144
horseshoe,1003,11500,10,621,147,474,5,0.9919484702093397,283,0.4528
horseshoe,1003,11500,20,621,147,474,3,0.9967793880837359,360,0.576
horseshoe,1003,11500,30,621,147,474,3,0.9967793880837359,430,0.688
horseshoe,1003,11750,3,627,153,474,49,0.42105263157894735,243,0.3888
horseshoe,1003,11750,5,627,153,474,14,0.9346092503987241,252,0.4032
horseshoe,1003,11750,10,627,153,474,3,0.9968102073365231,282,0.4512
horseshoe,1003,11750,20,627,153,474,3,0.9968102073365231,361,0.5776
horseshoe,1003,11750,30,627,153,474,3,0.9968102073365231,430,0.688
horseshoe,1003,12000,3,635,155,480,39,0.521259842519685,240,0.384
horseshoe,1003,12000,5,635,155,480,16,0.8708661417322835,251,0.4016
horseshoe,1003,12000,10,635,155,480,4,0.9952755905511811,280,0.448
horseshoe,1003,12000,20,635,155,480,3,0.9968503937007874,357,0.5712
horseshoe,1003,12000,30,635,155,480,3,0.9968503937007874,425,0.68
horseshoe,1003,12250,3,643,158,485,46,0.671850699844479,243,0.3888
horseshoe,1003,12250,5,643,158,485,14,0.9097978227060654,253,0.4048
horseshoe,1003,12250,10,643,158,485,5,0.9906687402799378,277,0.4432
horseshoe,1003,12250,20,643,158,485,3,0.9968895800933126,358,0.5728
horseshoe,1003,12250,30,643,158,485,3,0.9968895800933126,425,0.68
horseshoe,1003,12500,3,644,158,486,44,0.5248447204968945,244,0.3904
horseshoe,1003,12500,5,644,158,486,15,0.9192546583850931,254,0.4064
horseshoe,1003,12500,10,644,158,486,5,0.9906832298136646,282,0.4512
horseshoe,1003,12500,20,644,158,486,3,0.9968944099378882,359,0.5744
horseshoe,1003,12500,30,644,158,486,3,0.9968944099378882,422,0.6752
horseshoe,1003,12750,3,642,162,480,55,0.35202492211838005,257,0.4112
horseshoe,1003,12750,5,642,162,480,14,0.897196261682243,267,0.4272
horseshoe,1003,12750,10,642,162,480,6,0.9875389408099688,295,0.472
horseshoe,1003,12750,20,642,162,480,3,0.9953271028037384,361,0.5776
horseshoe,1003,12750,30,642,162,480,2,0.9984423676012462,427,0.6832
horseshoe,1003,13000,3,646,165,481,48,0.43343653250773995,256,0.4096
horseshoe,1003,13000,5,646,165,481,10,0.9721362229102167,264,0.4224
horseshoe,1003,13000,10,646,165,481,6,0.9876160990712074,293,0.4688
horseshoe,1003,13000,20,646,165,481,3,0.9953560371517027,361,0.5776
horseshoe,1003,13000,30,646,165,481,2,0.9984520123839009,427,0.6832
horseshoe,1003,13250,3,650,166,484,57,0.4153846153846154,261,0.4176
horseshoe,1003,13250,5,650,166,484,14,0.8738461538461538,269,0.4304
horseshoe,1003,13250,10,650,166,484,6,0.9861538461538462,296,0.4736
horseshoe,1003,13250,20,650,166,484,2,0.9984615384615385,363,0.5808
horseshoe,1003,13250,30,650,166,484,2,0.9984615384615385,427,0.6832
horseshoe,1003,13500,3,648,166,482,60,0.3626543209876543,262,0.4192
horseshoe,1003,13500,5,648,166,482,15,0.8472222222222222,270,0.432
horseshoe,1003,13500,10,648,166,482,4,0.9922839506172839,296,0.4736
horseshoe,1003,13500,20,648,166,482,2,0.9984567901234568,366,0.5856
horseshoe,1003,13500,30,648,166,482,2,0.9984567901234568,429,0.6864
horseshoe,1003,13750,3,656,168,488,45,0.573170731707317,260,0.416
horseshoe,1003,13750,5,656,168,488,10,0.9070121951219512,266,0.4256
horseshoe,1003,13750,10,656,168,488,3,0.9939024390243902,290,0.464
horseshoe,1003,13750,20,656,168,488,3,0.9939024390243902,372,0.5952
horseshoe,1003,13750,30,656,168,488,2,0.9984756097560976,429,0.6864
horseshoe,1003,14000,3,657,172,485,50,0.4642313546423135,265,0.424
horseshoe,1003,14000,5,657,172,485,12,0.9101978691019786,271,0.4336
horseshoe,1003,14000,10,657,172,485,4,0.9923896499238964,296,0.4736
horseshoe,1003,14000,20,657,172,485,3,0.9939117199391172,374,0.5984
horseshoe,1003,14000,30,657,172,485,2,0.9984779299847792,436,0.6976
horseshoe,1003,14250,3,660,174,486,48,0.6015151515151516,265,0.424
horseshoe,1003,14250,5,660,174,486,13,0.9166666666666666,272,0.4352
horseshoe,1003,14250,10,660,174,486,3,0.9939393939393939,299,0.4784
horseshoe,1003,14250,20,660,174,486,3,0.9939393939393939,371,0.5936
horseshoe,1003,14250,30,660,174,486,2,0.9984848484848485,437,0.6992
horseshoe,1003,14500,3,665,175,490,57,0.3263157894736842,263,0.4208
horseshoe,1003,14500,5,665,175,490,11,0.9112781954887218,271,0.4336
horseshoe,1003,14500,10,665,175,490,3,0.9939849624060151,299,0.4784
horseshoe,1003,14500,20,665,175,490,3,0.9939849624060151,373,0.5968
horseshoe,1003,14500,30,665,175,490,2,0.9984962406015038,435,0.696
horseshoe,1003,14750,3,666,178,488,55,0.5420420420420421,262,0.4192
horseshoe,1003,14750,5,666,178,488,11,0.9354354354354354,272,0.4352
horseshoe,1003,14750,10,666,178,488,3,0.993993993993994,300,0.48
horseshoe,1003,14750,20,666,178,488,3,0.993993993993994,371,0.5936
horseshoe,1003,14750,30,666,178,488,2,0.9984984984984985,431,0.6896
horseshoe,1003,15000,3,667,178,489,50,0.4122938530734633,265,0.424
horseshoe,1003,15000,5,667,178,489,6,0.9700149925037481,273,0.4368
horseshoe,1003,15000,10,667,178,489,4,0.9910044977511244,303,0.4848
horseshoe,1003,15000,20,667,178,489,3,0.9940029985007496,377,0.6032
horseshoe,1003,15000,30,667,178,489,2,0.9985007496251874,436,0.6976
horseshoe,1003,15250,3,668,179,489,42,0.6167664670658682,273,0.4368
horseshoe,1003,15250,5,668,179,489,10,0.9191616766467066,280,0.448
horseshoe,1003,15250,10,668,179,489,4,0.9850299401197605,310,0.496
horseshoe,1003,15250,20,668,179,489,3,0.9910179640718563,389,0.6224
horseshoe,1003,15250,30,668,179,489,2,0.9970059880239521,441,0.7056
horseshoe,1003,15500,3,661,181,480,54,0.4599092284417549,276,0.4416
horseshoe,1003,15500,5,661,181,480,13,0.9077155824508321,287,0.4592
horseshoe,1003,15500,10,661,181,480,3,0.9954614220877458,316,0.5056
horseshoe,1003,15500,20,661,181,480,2,0.9954614220877458,388,0.6208
horseshoe,1003,15500,30,661,181,480,2,0.9954614220877458,439,0.7024
horseshoe,1003,15750,3,655,182,473,51,0.48854961832061067,269,0.4304
horseshoe,1003,15750,5,655,182,473,12,0.9083969465648855,285,0.456
horseshoe,1003,15750,10,655,182,473,5,0.9908396946564886,313,0.5008
horseshoe,1003,15750,20,655,182,473,3,0.9954198473282443,386,0.6176
horseshoe,1003,15750,30,655,182,473,2,0.9969465648854962,439,0.7024
horseshoe,1003,16000,3,664,183,481,56,0.2710843373493976,267,0.4272
horseshoe,1003,16000,5,664,183,481,13,0.9156626506024096,282,0.4512
horseshoe,1003,16000,10,664,183,481,6,0.983433734939759,310,0.496
horseshoe,1003,16000,20,664,183,481,4,0.9879518072289156,387,0.6192
horseshoe,1003,16000,30,664,183,481,2,0.9969879518072289,440,0.704
horseshoe,1003,16250,3,671,187,484,60,0.37555886736214605,273,0.4368
horseshoe,1003,16250,5,671,187,484,16,0.879284649776453,286,0.4576
horseshoe,1003,16250,10,671,187,484,7,0.9791356184798807,318,0.5088
horseshoe,1003,16250,20,671,187,484,4,0.9850968703427719,390,0.624
horseshoe,1003,16250,30,671,187,484,2,0.9970193740685543,440,0.704
horseshoe,1003,16500,3,669,189,480,56,0.5455904334828101,278,0.4448
horseshoe,1003,16500,5,669,189,480,13,0.8893871449925261,291,0.4656
horseshoe,1003,16500,10,669,189,480,7,0.976083707025411,320,0.512
horseshoe,1003,16500,20,669,189,480,3,0.9880418535127056,392,0.6272
horseshoe,1003,16500,30,669,189,480,1,1.0,442,0.7072
horseshoe,1003,16750,3,672,192,480,61,0.4538690476190476,277,0.4432
horseshoe,1003,16750,5,672,192,480,11,0.8913690476190477,294,0.4704
horseshoe,1003,16750,10,672,192,480,7,0.9776785714285714,321,0.5136
horseshoe,1003,16750,20,672,192,480,3,0.9895833333333334,392,0.6272
horseshoe,1003,16750,30,672,192,480,1,1.0,444,0.7104
horseshoe,1003,17000,3,681,193,488,60,0.2790014684287812,277,0.4432
horseshoe,1003,17000,5,681,193,488,13,0.9265785609397944,297,0.4752
horseshoe,1003,17000,10,681,193,488,7,0.9750367107195301,325,0.52
horseshoe,1003,17000,20,681,193,488,2,0.9882525697503671,393,0.6288
horseshoe,1003,17000,30,681,193,488,1,1.0,447,0.7152
horseshoe,1003,17250,3,683,197,486,54,0.5622254758418741,285,0.456
horseshoe,1003,17250,5,683,197,486,15,0.9048316251830161,300,0.48
horseshoe,1003,17250,10,683,197,486,5,0.9824304538799414,326,0.5216
horseshoe,1003,17250,20,683,197,486,2,0.986822840409956,398,0.6368
horseshoe,1003,17250,30,683,197,486,1,1.0,447,0.7152
horseshoe,1003,17500,3,684,198,486,62,0.5906432748538012,293,0.4688
horseshoe,1003,17500,5,684,198,486,16,0.9415204678362573,308,0.4928
horseshoe,1003,17500,10,684,198,486,6,0.97953216374269,336,0.5376
horseshoe,1003,17500,20,684,198,486,1,1.0,403,0.6448
horseshoe,1003,17500,30,684,198,486,1,1.0,453,0.7248
horseshoe,1003,17750,3,688,201,487,59,0.5872093023255814,295,0.472
horseshoe,1003,17750,5,688,201,487,15,0.9418604651162791,311,0.4976
horseshoe,1003,17750,10,688,201,487,4,0.9738372093023255,337,0.5392
horseshoe,1003,17750,20,688,201,487,1,1.0,404,0.6464
horseshoe,1003,17750,30,688,201,487,1,1.0,452,0.7232
horseshoe,1003,18000,3,686,203,483,56,0.5626822157434402,292,0.4672
horseshoe,1003,18000,5,686,203,483,16,0.9402332361516035,305,0.488
horseshoe,1003,18000,10,686,203,483,4,0.9854227405247813,331,0.5296
horseshoe,1003,18000,20,686,203,483,1,1.0,402,0.6432
horseshoe,1003,18000,30,686,203,483,1,1.0,447,0.7152
horseshoe,1003,18250,3,685,204,481,55,0.4846715328467153,294,0.4704
horseshoe,1003,18250,5,685,204,481,20,0.8189781021897811,306,0.4896
horseshoe,1003,18250,10,685,204,481,5,0.983941605839416,334,0.5344
horseshoe,1003,18250,20,685,204,481,3,0.9854014598540146,403,0.6448
horseshoe,1003,18250,30,685,204,481,1,1.0,447,0.7152
horseshoe,1003,18500,3,692,205,487,61,0.1994219653179191,293,0.4688
horseshoe,1003,18500,5,692,205,487,16,0.9277456647398844,304,0.4864
horseshoe,1003,18500,10,692,205,487,6,0.9725433526011561,333,0.5328
horseshoe,1003,18500,20,692,205,487,2,0.9985549132947977,402,0.6432
horseshoe,1003,18500,30,692,205,487,1,1.0,446,0.7136
horseshoe,1003,18750,3,694,206,488,54,0.4668587896253602,295,0.472
horseshoe,1003,18750,5,694,206,488,17,0.9178674351585014,305,0.488
horseshoe,1003,18750,10,694,206,488,6,0.9654178674351584,326,0.5216
horseshoe,1003,18750,20,694,206,488,2,0.9985590778097982,402,0.6432
horseshoe,1003,18750,30,694,206,488,1,1.0,445,0.712
horseshoe,1003,19000,3,694,206,488,51,0.6368876080691642,297,0.4752
horseshoe,1003,19000,5,694,206,488,12,0.9596541786743515,308,0.4928
horseshoe,1003,19000,10,694,206,488,7,0.9596541786743515,327,0.5232
horseshoe,1003,19000,20,694,206,488,1,1.0,403,0.6448
horseshoe,1003,19000,30,694,206,488,1,1.0,445,0.712
horseshoe,1003,19250,3,693,209,484,54,0.5800865800865801,290,0.464
horseshoe,1003,19250,5,693,209,484,14,0.9307359307359307,306,0.4896
horseshoe,1003,19250,10,693,209,484,6,0.9754689754689755,329,0.5264
horseshoe,1003,19250,20,693,209,484,1,1.0,402,0.6432
horseshoe,1003,19250,30,693,209,484,1,1.0,446,0.7136
horseshoe,1003,19500,3,691,210,481,59,0.49782923299565845,295,0.472
horseshoe,1003,19500,5,691,210,481,21,0.8654124457308249,311,0.4976
horseshoe,1003,19500,10,691,210,481,5,0.9811866859623734,332,0.5312
horseshoe,1003,19500,20,691,210,481,1,1.0,401,0.6416
horseshoe,1003,19500,30,691,210,481,1,1.0,447,0.7152
horseshoe,1003,19750,3,699,212,487,52,0.5021459227467812,295,0.472
horseshoe,1003,19750,5,699,212,487,15,0.82689556509299,311,0.4976
horseshoe,1003,19750,10,699,212,487,5,0.977110157367668,331,0.5296
horseshoe,1003,19750,20,699,212,487,1,1.0,406,0.6496
horseshoe,1003,19750,30,699,212,487,1,1.0,449,0.7184
horseshoe,1003,20000,3,701,212,489,63,0.3880171184022825,293,0.4688
horseshoe,1003,20000,5,701,212,489,14,0.8787446504992867,306,0.4896
horseshoe,1003,20000,10,701,212,489,6,0.9728958630527818,328,0.5248
horseshoe,1003,20000,20,701,212,489,1,1.0,406,0.6496
horseshoe,1003,20000,30,701,212,489,1,1.0,449,0.7184
horseshoe,1004,10000,3,585,93,492,35,0.4017094017094017,150,0.24
horseshoe,1004,10000,5,585,93,492,14,0.9179487179487179,179,0.2864
horseshoe,1004,10000,10,585,93,492,5,0.9880341880341881,220,0.352
horseshoe,1004,10000,20,585,93,492,3,0.9965811965811966,289,0.4624
horseshoe,1004,10000,30,585,93,492,3,0.9965811965811966,341,0.5456
horseshoe,1004,10250,3,583,93,490,42,0.5523156089193825,163,0.2608
horseshoe,1004,10250,5,583,93,490,12,0.9399656946826758,193,0.3088
horseshoe,1004,10250,10,583,93,490,3,0.9948542024013722,227,0.3632
horseshoe,1004,10250,20,583,93,490,3,0.9948542024013722,299,0.4784
horseshoe,1004,10250,30,583,93,490,2,0.9982847341337907,352,0.5632
horseshoe,1004,10500,3,580,99,481,30,0.7224137931034482,166,0.2656
horseshoe,1004,10500,5,580,99,481,9,0.896551724137931,189,0.3024
horseshoe,1004,10500,10,580,99,481,4,0.9741379310344828,226,0.3616
horseshoe,1004,10500,20,580,99,481,2,0.9982758620689656,300,0.48
horseshoe,1004,10500,30,580,99,481,2,0.9982758620689656,349,0.5584
horseshoe,1004,10750,3,579,108,471,40,0.5889464594127807,175,0.28
horseshoe,1004,10750,5,579,108,471,9,0.9654576856649395,200,0.32
horseshoe,1004,10750,10,579,108,471,2,0.998272884283247,235,0.376
horseshoe,1004,10750,20,579,108,471,2,0.998272884283247,314,0.5024
horseshoe,1004,10750,30,579,108,471,2,0.998272884283247,357,0.5712
horseshoe,1004,11000,3,585,111,474,30,0.8495726495726496,173,0.2768
horseshoe,1004,11000,5,585,111,474,10,0.9264957264957265,201,0.3216
horseshoe,1004,11000,10,585,111,474,3,0.9965811965811966,237,0.3792
horseshoe,1004,11000,20,585,111,474,2,0.9982905982905983,314,0.5024
horseshoe,1004,11000,30,585,111,474,2,0.9982905982905983,363,0.5808
horseshoe,1004,11250,3,589,119,470,31,0.6740237691001698,177,0.2832
horseshoe,1004,11250,5,589,119,470,9,0.9303904923599321,203,0.3248
horseshoe,1004,11250,10,589,119,470,2,0.99830220713073,242,0.3872
horseshoe,1004,11250,20,589,119,470,2,0.99830220713073,316,0.5056
horseshoe,1004,11250,30,589,119,470,2,0.99830220713073,361,0.5776
horseshoe,1004,11500,3,594,122,472,32,0.5404040404040404,180,0.288
horseshoe,1004,11500,5,594,122,472,10,0.9377104377104377,215,0.344
horseshoe,1004,11500,10,594,122,472,5,0.9915824915824916,251,0.4016
horseshoe,1004,11500,20,594,122,472,2,0.9966329966329966,321,0.5136
horseshoe,1004,11500,30,594,122,472,1,1.0,361,0.5776
horseshoe,1004,11750,3,604,125,479,37,0.5695364238410596,181,0.2896
horseshoe,1004,11750,5,604,125,479,11,0.8857615894039735,213,0.3408
horseshoe,1004,11750,10,604,125,479,6,0.9900662251655629,247,0.3952
horseshoe,1004,11750,20,604,125,479,3,0.9933774834437086,321,0.5136
horseshoe,1004,11750,30,604,125,479,1,1.0,362,0.5792
horseshoe,1004,12000,3,606,126,480,40,0.5,182,0.2912
horseshoe,1004,12000,5,606,126,480,11,0.8910891089108911,211,0.3376
horseshoe,1004,12000,10,606,126,480,4,0.9917491749174917,245,0.392
horseshoe,1004,12000,20,606,126,480,3,0.9917491749174917,325,0.52
horseshoe,1004,12000,30,606,126,480,2,0.9966996699669967,363,0.5808
horseshoe,1004,12250,3,606,129,477,31,0.5247524752475248,180,0.288
horseshoe,1004,12250,5,606,129,477,9,0.9026402640264026,208,0.3328
horseshoe,1004,12250,10,606,129,477,5,0.9884488448844885,245,0.392
horseshoe,1004,12250,20,606,129,477,3,0.9917491749174917,324,0.5184
horseshoe,1004,12250,30,606,129,477,2,0.9966996699669967,364,0.5824
horseshoe,1004,12500,3,614,131,483,32,0.752442996742671,182,0.2912
horseshoe,1004,12500,5,614,131,483,11,0.9576547231270358,211,0.3376
horseshoe,1004,12500,10,614,131,483,6,0.9869706840390879,247,0.3952
horseshoe,1004,12500,20,614,131,483,1,1.0,324,0.5184
horseshoe,1004,12500,30,614,131,483,1,1.0,365,0.584
horseshoe,1004,12750,3,614,136,478,32,0.8029315960912052,190,0.304
horseshoe,1004,12750,5,614,136,478,13,0.9381107491856677,219,0.3504
horseshoe,1004,12750,10,614,136,478,5,0.988599348534202,257,0.4112
horseshoe,1004,12750,20,614,136,478,1,1.0,325,0.52
horseshoe,1004,12750,30,614,136,478,1,1.0,370,0.592
horseshoe,1004,13000,3,619,137,482,37,0.6365105008077544,187,0.2992
horseshoe,1004,13000,5,619,137,482,10,0.9208400646203554,217,0.3472
horseshoe,1004,13000,10,619,137,482,4,0.9935379644588045,255,0.408
horseshoe,1004,13000,20,619,137,482,2,0.9967689822294022,324,0.5184
horseshoe,1004,13000,30,619,137,482,2,0.9967689822294022,371,0.5936
horseshoe,1004,13250,3,624,139,485,38,0.5464743589743589,187,0.2992
horseshoe,1004,13250,5,624,139,485,8,0.9166666666666666,218,0.3488
horseshoe,1004,13250,10,624,139,485,4,0.9903846153846154,255,0.408
horseshoe,1004,13250,20,624,139,485,1,1.0,319,0.5104
horseshoe,1004,13250,30,624,139,485,1,1.0,364,0.5824
horseshoe,1004,13500,3,625,141,484,39,0.4416,189,0.3024
horseshoe,1004,13500,5,625,141,484,9,0.9776,222,0.3552
horseshoe,1004,13500,10,625,141,484,4,0.9904,259,0.4144
horseshoe,1004,13500,20,625,141,484,1,1.0,321,0.5136
horseshoe,1004,13500,30,625,141,484,1,1.0,364,0.5824
horseshoe,1004,13750,3,632,143,489,36,0.4873417721518987,188,0.3008
horseshoe,1004,13750,5,632,143,489,9,0.939873417721519,222,0.3552
horseshoe,1004,13750,10,632,143,489,4,0.9920886075949367,259,0.4144
horseshoe,1004,13750,20,632,143,489,1,1.0,321,0.5136
horseshoe,1004,13750,30,632,143,489,1,1.0,364,0.5824
horseshoe,1004,14000,3,635,143,492,33,0.8094488188976378,191,0.3056
horseshoe,1004,14000,5,635,143,492,11,0.9118110236220472,225,0.36
horseshoe,1004,14000,10,635,143,492,6,0.9763779527559056,260,0.416
horseshoe,1004,14000,20,635,143,492,1,1.0,323,0.5168
horseshoe,1004,14000,30,635,143,492,1,1.0,367,0.5872
horseshoe,1004,14250,3,628,147,481,45,0.5652866242038217,192,0.3072
horseshoe,1004,14250,5,628,147,481,11,0.9012738853503185,222,0.3552
horseshoe,1004,14250,10,628,147,481,4,0.9920382165605095,262,0.4192
horseshoe,1004,14250,20,628,147,481,1,1.0,321,0.5136
horseshoe,1004,14250,30,628,147,481,1,1.0,366,0.5856
horseshoe,1004,14500,3,627,148,479,42,0.5534290271132376,189,0.3024
horseshoe,1004,14500,5,627,148,479,11,0.9298245614035088,219,0.3504
horseshoe,1004,14500,10,627,148,479,5,0.9904306220095693,261,0.4176
horseshoe,1004,14500,20,627,148,479,1,1.0,321,0.5136
horseshoe,1004,14500,30,627,148,479,1,1.0,363,0.5808
horseshoe,1004,14750,3,636,149,487,37,0.5094339622641509,193,0.3088
horseshoe,1004,14750,5,636,149,487,8,0.860062893081761,222,0.3552
horseshoe,1004,14750,10,636,149,487,3,0.9968553459119497,265,0.424
horseshoe,1004,14750,20,636,149,487,1,1.0,324,0.5184
horseshoe,1004,14750,30,636,149,487,1,1.0,367,0.5872
horseshoe,1004,15000,3,636,154,482,41,0.47327044025157233,200,0.32
horseshoe,1004,15000,5,636,154,482,8,0.8443396226415094,231,0.3696
horseshoe,1004,15000,10,636,154,482,2,0.9952830188679245,271,0.4336
horseshoe,1004,15000,20,636,154,482,2,0.9952830188679245,325,0.52
horseshoe,1004,15000,30,636,154,482,1,1.0,373,0.5968
horseshoe,1004,15250,3,634,154,480,33,0.6719242902208202,205,0.328
horseshoe,1004,15250,5,634,154,480,7,0.9794952681388013,236,0.3776
horseshoe,1004,15250,10,634,154,480,2,0.9952681388012619,273,0.4368
horseshoe,1004,15250,20,634,154,480,2,0.9952681388012619,333,0.5328
horseshoe,1004,15250,30,634,154,480,1,1.0,376,0.6016
horseshoe,1004,15500,3,640,157,483,40,0.5859375,210,0.336
horseshoe,1004,15500,5,640,157,483,9,0.9671875,245,0.392
horseshoe,1004,15500,10,640,157,483,2,0.9984375,280,0.448
horseshoe,1004,15500,20,640,157,483,1,1.0,340,0.544
horseshoe,1004,15500,30,640,157,483,1,1.0,382,0.6112
horseshoe,1004,15750,3,642,160,482,44,0.3987538940809969,207,0.3312
horseshoe,1004,15750,5,642,160,482,12,0.9096573208722741,243,0.3888
horseshoe,1004,15750,10,642,160,482,2,0.9984423676012462,282,0.4512
horseshoe,1004,15750,20,642,160,482,1,1.0,337,0.5392
horseshoe,1004,15750,30,642,160,482,1,1.0,379,0.6064
horseshoe,1004,16000,3,646,161,485,52,0.38699690402476783,207,0.3312
horseshoe,1004,16000,5,646,161,485,9,0.8777089783281734,241,0.3856
horseshoe,1004,16000,10,646,161,485,2,0.9922600619195047,280,0.448
horseshoe,1004,16000,20,646,161,485,1,1.0,333,0.5328
horseshoe,1004,16000,30,646,161,485,1,1.0,377,0.6032
horseshoe,1004,16250,3,645,162,483,46,0.6356589147286822,212,0.3392
horseshoe,1004,16250,5,645,162,483,8,0.951937984496124,240,0.384
horseshoe,1004,16250,10,645,162,483,2,0.9922480620155039,277,0.4432
horseshoe,1004,16250,20,645,162,483,1,1.0,335,0.536
horseshoe,1004,16250,30,645,162,483,1,1.0,379,0.6064
horseshoe,1004,16500,3,649,164,485,50,0.2835130970724191,210,0.336
horseshoe,1004,16500,5,649,164,485,8,0.9768875192604006,237,0.3792
horseshoe,1004,16500,10,649,164,485,1,1.0,273,0.4368
horseshoe,1004,16500,20,649,164,485,1,1.0,329,0.5264
horseshoe,1004,16500,30,649,164,485,1,1.0,372,0.5952
horseshoe,1004,16750,3,653,165,488,44,0.5620214395099541,210,0.336
horseshoe,1004,16750,5,653,165,488,6,0.9785604900459418,238,0.3808
horseshoe,1004,16750,10,653,165,488,2,0.9908116385911179,271,0.4336
horseshoe,1004,16750,20,653,165,488,1,1.0,330,0.528
horseshoe,1004,16750,30,653,165,488,1,1.0,378,0.6048
horseshoe,1004,17000,3,648,166,482,48,0.3132716049382716,213,0.3408
horseshoe,1004,17000,5,648,166,482,6,0.9135802469135802,239,0.3824
horseshoe,1004,17000,10,648,166,482,2,0.9891975308641975,273,0.4368
horseshoe,1004,17000,20,648,166,482,1,1.0,331,0.5296
horseshoe,1004,17000,30,648,166,482,1,1.0,378,0.6048
horseshoe,1004,17250,3,649,166,483,45,0.3913713405238829,209,0.3344
horseshoe,1004,17250,5,649,166,483,8,0.9121725731895224,243,0.3888
horseshoe,1004,17250,10,649,166,483,2,0.9984591679506933,278,0.4448
horseshoe,1004,17250,20,649,166,483,2,0.9984591679506933,337,0.5392
horseshoe,1004,17250,30,649,166,483,1,1.0,388,0.6208
horseshoe,1004,17500,3,652,166,486,38,0.6625766871165644,209,0.3344
horseshoe,1004,17500,5,652,166,486,12,0.8773006134969326,243,0.3888
horseshoe,1004,17500,10,652,166,486,2,0.9984662576687117,280,0.448
horseshoe,1004,17500,20,652,166,486,2,0.9984662576687117,339,0.5424
horseshoe,1004,17500,30,652,166,486,1,1.0,389,0.6224
horseshoe,1004,17750,3,650,168,482,38,0.6369230769230769,208,0.3328
horseshoe,1004,17750,5,650,168,482,10,0.8507692307692307,240,0.384
horseshoe,1004,17750,10,650,168,482,2,0.9984615384615385,277,0.4432
horseshoe,1004,17750,20,650,168,482,2,0.9984615384615385,335,0.536
horseshoe,1004,17750,30,650,168,482,1,1.0,389,0.6224
horseshoe,1004,18000,3,655,170,485,36,0.6412213740458015,209,0.3344
horseshoe,1004,18000,5,655,170,485,11,0.9068702290076336,241,0.3856
horseshoe,1004,18000,10,655,170,485,2,0.9969465648854962,274,0.4384
horseshoe,1004,18000,20,655,170,485,2,0.9969465648854962,337,0.5392
horseshoe,1004,18000,30,655,170,485,1,1.0,389,0.6224
horseshoe,1004,18250,3,658,171,487,40,0.29027355623100304,211,0.3376
horseshoe,1004,18250,5,658,171,487,5,0.9772036474164134,239,0.3824
horseshoe,1004,18250,10,658,171,487,2,0.9969604863221885,276,0.4416
horseshoe,1004,18250,20,658,171,487,1,1.0,335,0.536
horseshoe,1004,18250,30,658,171,487,1,1.0,388,0.6208
horseshoe,1004,18500,3,654,171,483,43,0.4648318042813456,213,0.3408
horseshoe,1004,18500,5,654,171,483,6,0.981651376146789,240,0.384
horseshoe,1004,18500,10,654,171,483,2,0.9969418960244648,280,0.448
horseshoe,1004,18500,20,654,171,483,1,1.0,336,0.5376
horseshoe,1004,18500,30,654,171,483,1,1.0,389,0.6224
horseshoe,1004,18750,3,656,173,483,43,0.551829268292683,214,0.3424
horseshoe,1004,18750,5,656,173,483,10,0.913109756097561,246,0.3936
horseshoe,1004,18750,10,656,173,483,4,0.9771341463414634,283,0.4528
horseshoe,1004,18750,20,656,173,483,2,0.9954268292682927,342,0.5472
horseshoe,1004,18750,30,656,173,483,1,1.0,388,0.6208
horseshoe,1004,19000,3,662,173,489,42,0.42749244712990936,207,0.3312
horseshoe,1004,19000,5,662,173,489,12,0.8912386706948641,244,0.3904
horseshoe,1004,19000,10,662,173,489,3,0.9954682779456193,278,0.4448
horseshoe,1004,19000,20,662,173,489,1,1.0,340,0.544
horseshoe,1004,19000,30,662,173,489,1,1.0,386,0.6176
horseshoe,1004,19250,3,664,174,490,47,0.5466867469879518,209,0.3344
horseshoe,1004,19250,5,664,174,490,11,0.963855421686747,246,0.3936
horseshoe,1004,19250,10,664,174,490,3,0.9954819277108434,279,0.4464
horseshoe,1004,19250,20,664,174,490,1,1.0,343,0.5488
horseshoe,1004,19250,30,664,174,490,1,1.0,388,0.6208
horseshoe,1004,19500,3,664,175,489,44,0.4292168674698795,215,0.344
horseshoe,1004,19500,5,664,175,489,9,0.9653614457831325,248,0.3968
horseshoe,1004,19500,10,664,175,489,3,0.9939759036144579,285,0.456
horseshoe,1004,19500,20,664,175,489,2,0.9939759036144579,349,0.5584
horseshoe,1004,19500,30,664,175,489,1,1.0,392,0.6272
horseshoe,1004,19750,3,662,176,486,46,0.3942598187311178,217,0.3472
horseshoe,1004,19750,5,662,176,486,10,0.9290030211480362,249,0.3984
horseshoe,1004,19750,10,662,176,486,2,0.9924471299093656,287,0.4592
horseshoe,1004,19750,20,662,176,486,1,1.0,349,0.5584
horseshoe,1004,19750,30,662,176,486,1,1.0,394,0.6304
horseshoe,1004,20000,3,665,177,488,41,0.3684210526315789,217,0.3472
horseshoe,1004,20000,5,665,177,488,7,0.9473684210526315,248,0.3968
horseshoe,1004,20000,10,665,177,488,1,1.0,283,0.4528
horseshoe,1004,20000,20,665,177,488,1,1.0,347,0.5552
horseshoe,1004,20000,30,665,177,488,1,1.0,392,0.6272
horseshoe,1005,10000,3,635,141,494,46,0.3637795275590551,217,0.3472
horseshoe,1005,10000,5,635,141,494,13,0.8976377952755905,243,0.3888
horseshoe,1005,10000,10,635,141,494,5,0.988976377952756,261,0.4176
horseshoe,1005,10000,20,635,141,494,3,0.9968503937007874,338,0.5408
horseshoe,1005,10000,30,635,141,494,2,0.9984251968503937,385,0.616
horseshoe,1005,10250,3,632,141,491,53,0.4287974683544304,219,0.3504
horseshoe,1005,10250,5,632,141,491,11,0.9620253164556962,245,0.392
horseshoe,1005,10250,10,632,141,491,5,0.990506329113924,264,0.4224
horseshoe,1005,10250,20,632,141,491,4,0.995253164556962,339,0.5424
horseshoe,1005,10250,30,632,141,491,2,0.9984177215189873,390,0.624
horseshoe,1005,10500,3,630,145,485,50,0.35079365079365077,222,0.3552
horseshoe,1005,10500,5,630,145,485,12,0.9396825396825397,245,0.392
horseshoe,1005,10500,10,630,145,485,5,0.9888888888888889,265,0.424
horseshoe,1005,10500,20,630,145,485,3,0.9968253968253968,341,0.5456
horseshoe,1005,10500,30,630,145,485,2,0.9984126984126984,391,0.6256
horseshoe,1005,10750,3,631,149,482,51,0.24405705229793978,224,0.3584
horseshoe,1005,10750,5,631,149,482,13,0.9429477020602218,249,0.3984
horseshoe,1005,10750,10,631,149,482,6,0.9873217115689382,270,0.432
horseshoe,1005,10750,20,631,149,482,3,0.9968304278922345,348,0.5568
horseshoe,1005,10750,30,631,149,482,2,0.9984152139461173,399,0.6384
horseshoe,1005,11000,3,635,152,483,45,0.5275590551181102,223,0.3568
horseshoe,1005,11000,5,635,152,483,16,0.9417322834645669,247,0.3952
horseshoe,1005,11000,10,635,152,483,6,0.988976377952756,267,0.4272
horseshoe,1005,11000,20,635,152,483,3,0.9968503937007874,345,0.552
horseshoe,1005,11000,30,635,152,483,2,0.9984251968503937,398,0.6368
horseshoe,1005,11250,3,638,154,484,43,0.6739811912225705,227,0.3632
horseshoe,1005,11250,5,638,154,484,19,0.9106583072100314,252,0.4032
horseshoe,1005,11250,10,638,154,484,5,0.9937304075235109,273,0.4368
horseshoe,1005,11250,20,638,154,484,3,0.9968652037617555,353,0.5648
horseshoe,1005,11250,30,638,154,484,2,0.9984326018808778,411,0.6576
horseshoe,1005,11500,3,643,155,488,52,0.4276827371695179,228,0.3648
horseshoe,1005,11500,5,643,155,488,21,0.8989113530326595,253,0.4048
horseshoe,1005,11500,10,643,155,488,4,0.995334370139969,274,0.4384
horseshoe,1005,11500,20,643,155,488,3,0.9968895800933126,355,0.568
horseshoe,1005,11500,30,643,155,488,2,0.9984447900466563,414,0.6624
horseshoe,1005,11750,3,647,159,488,55,0.13292117465224113,229,0.3664
horseshoe,1005,11750,5,647,159,488,15,0.9366306027820711,249,0.3984
horseshoe,1005,11750,10,647,159,488,5,0.990726429675425,271,0.4336
horseshoe,1005,11750,20,647,159,488,3,0.9969088098918083,352,0.5632
horseshoe,1005,11750,30,647,159,488,2,0.9984544049459042,409,0.6544
horseshoe,1005,12000,3,648,160,488,38,0.25462962962962965,235,0.376
horseshoe,1005,12000,5,648,160,488,15,0.8935185185185185,254,0.4064
horseshoe,1005,12000,10,648,160,488,6,0.9891975308641975,273,0.4368
horseshoe,1005,12000,20,648,160,488,2,0.9984567901234568,352,0.5632
horseshoe,1005,12000,30,648,160,488,1,1.0,406,0.6496
horseshoe,1005,12250,3,648,162,486,47,0.5185185185185185,235,0.376
horseshoe,1005,12250,5,648,162,486,16,0.9537037037037037,257,0.4112
horseshoe,1005,12250,10,648,162,486,5,0.9907407407407407,274,0.4384
horseshoe,1005,12250,20,648,162,486,2,0.9984567901234568,355,0.568
horseshoe,1005,12250,30,648,162,486,1,1.0,412,0.6592
horseshoe,1005,12500,3,652,163,489,50,0.5444785276073619,233,0.3728
horseshoe,1005,12500,5,652,163,489,18,0.7607361963190185,256,0.4096
horseshoe,1005,12500,10,652,163,489,5,0.99079754601227,276,0.4416
horseshoe,1005,12500,20,652,163,489,2,0.9984662576687117,354,0.5664
horseshoe,1005,12500,30,652,163,489,1,1.0,413,0.6608
horseshoe,1005,12750,3,657,163,494,55,0.4733637747336377,233,0.3728
horseshoe,1005,12750,5,657,163,494,15,0.9558599695585996,257,0.4112
horseshoe,1005,12750,10,657,163,494,5,0.9908675799086758,276,0.4416
horseshoe,1005,12750,20,657,163,494,2,0.9984779299847792,355,0.568
horseshoe,1005,12750,30,657,163,494,1,1.0,413,0.6608
horseshoe,1005,13000,3,651,164,487,52,0.5099846390168971,239,0.3824
horseshoe,1005,13000,5,651,164,487,17,0.9447004608294931,262,0.4192
horseshoe,1005,13000,10,651,164,487,4,0.9953917050691244,279,0.4464
horseshoe,1005,13000,20,651,164,487,2,0.9984639016897081,361,0.5776
horseshoe,1005,13000,30,651,164,487,1,1.0,419,0.6704
horseshoe,1005,13250,3,651,165,486,49,0.5637480798771122,242,0.3872
horseshoe,1005,13250,5,651,165,486,17,0.9431643625192012,261,0.4176
horseshoe,1005,13250,10,651,165,486,4,0.9953917050691244,279,0.4464
horseshoe,1005,13250,20,651,165,486,2,0.9984639016897081,360,0.576
horseshoe,1005,13250,30,651,165,486,1,1.0,422,0.6752
horseshoe,1005,13500,3,651,167,484,49,0.3333333333333333,247,0.3952
horseshoe,1005,13500,5,651,167,484,18,0.9308755760368663,266,0.4256
horseshoe,1005,13500,10,651,167,484,5,0.9907834101382489,285,0.456
horseshoe,1005,13500,20,651,167,484,2,0.9984639016897081,369,0.5904
horseshoe,1005,13500,30,651,167,484,1,1.0,425,0.68
horseshoe,1005,13750,3,652,169,483,50,0.4432515337423313,246,0.3936
horseshoe,1005,13750,5,652,169,483,16,0.946319018404908,266,0.4256
horseshoe,1005,13750,10,652,169,483,5,0.99079754601227,285,0.456
horseshoe,1005,13750,20,652,169,483,2,0.9984662576687117,371,0.5936
horseshoe,1005,13750,30,652,169,483,1,1.0,422,0.6752
horseshoe,1005,14000,3,657,170,487,52,0.6012176560121766,237,0.3792
horseshoe,1005,14000,5,657,170,487,11,0.9726027397260274,261,0.4176
horseshoe,1005,14000,10,657,170,487,4,0.9923896499238964,277,0.4432
horseshoe,1005,14000,20,657,170,487,3,0.9954337899543378,358,0.5728
horseshoe,1005,14000,30,657,170,487,1,1.0,412,0.6592
horseshoe,1005,14250,3,659,171,488,41,0.5735963581183612,237,0.3792
horseshoe,1005,14250,5,659,171,488,12,0.960546282245827,261,0.4176
horseshoe,1005,14250,10,659,171,488,4,0.9908952959028832,278,0.4448
horseshoe,1005,14250,20,659,171,488,2,0.9984825493171472,354,0.5664
horseshoe,1005,14250,30,659,171,488,1,1.0,410,0.656
horseshoe,1005,14500,3,663,174,489,43,0.555052790346908,237,0.3792
horseshoe,1005,14500,5,663,174,489,13,0.9487179487179487,261,0.4176
horseshoe,1005,14500,10,663,174,489,2,0.9984917043740573,280,0.448
horseshoe,1005,14500,20,663,174,489,2,0.9984917043740573,359,0.5744
horseshoe,1005,14500,30,663,174,489,1,1.0,410,0.656
horseshoe,1005,14750,3,663,174,489,47,0.5082956259426847,239,0.3824
horseshoe,1005,14750,5,663,174,489,13,0.9562594268476622,267,0.4272
horseshoe,1005,14750,10,663,174,489,3,0.995475113122172,287,0.4592
horseshoe,1005,14750,20,663,174,489,2,0.9984917043740573,370,0.592
horseshoe,1005,14750,30,663,174,489,1,1.0,416,0.6656
horseshoe,1005,15000,3,664,179,485,50,0.45180722891566266,245,0.392
horseshoe,1005,15000,5,664,179,485,16,0.9231927710843374,273,0.4368
horseshoe,1005,15000,10,664,179,485,3,0.9939759036144579,291,0.4656
horseshoe,1005,15000,20,664,179,485,2,0.9984939759036144,371,0.5936
horseshoe,1005,15000,30,664,179,485,1,1.0,419,0.6704
horseshoe,1005,15250,3,665,181,484,53,0.22706766917293233,245,0.392
horseshoe,1005,15250,5,665,181,484,12,0.9503759398496241,272,0.4352
horseshoe,1005,15250,10,665,181,484,2,0.9984962406015038,289,0.4624
horseshoe,1005,15250,20,665,181,484,2,0.9984962406015038,369,0.5904
horseshoe,1005,15250,30,665,181,484,1,1.0,419,0.6704
horseshoe,1005,15500,3,668,182,486,49,0.5119760479041916,242,0.3872
horseshoe,1005,15500,5,668,182,486,14,0.9476047904191617,270,0.432
horseshoe,1005,15500,10,668,182,486,2,0.9985029940119761,289,0.4624
horseshoe,1005,15500,20,668,182,486,2,0.9985029940119761,371,0.5936
horseshoe,1005,15500,30,668,182,486,1,1.0,418,0.6688
horseshoe,1005,15750,3,673,183,490,49,0.5319465081723626,242,0.3872
horseshoe,1005,15750,5,673,183,490,15,0.924219910846954,269,0.4304
horseshoe,1005,15750,10,673,183,490,3,0.9925705794947994,286,0.4576
horseshoe,1005,15750,20,673,183,490,2,0.9985141158989599,370,0.592
horseshoe,1005,15750,30,673,183,490,1,1.0,419,0.6704
horseshoe,1005,16000,3,672,183,489,52,0.2961309523809524,245,0.392
horseshoe,1005,16000,5,672,183,489,14,0.8928571428571429,272,0.4352
horseshoe,1005,16000,10,672,183,489,3,0.9925595238095238,286,0.4576
horseshoe,1005,16000,20,672,183,489,2,0.9985119047619048,375,0.6
horseshoe,1005,16000,30,672,183,489,1,1.0,422,0.6752
horseshoe,1005,16250,3,671,184,487,50,0.45752608047690013,251,0.4016
horseshoe,1005,16250,5,671,184,487,13,0.9180327868852459,274,0.4384
horseshoe,1005,16250,10,671,184,487,3,0.9940387481371088,294,0.4704
horseshoe,1005,16250,20,671,184,487,2,0.9985096870342772,379,0.6064
horseshoe,1005,16250,30,671,184,487,1,1.0,424,0.6784
horseshoe,1005,16500,3,676,184,492,48,0.6020710059171598,246,0.3936
horseshoe,1005,16500,5,676,184,492,10,0.9541420118343196,270,0.432
horseshoe,1005,16500,10,676,184,492,2,0.9955621301775148,289,0.4624
horseshoe,1005,16500,20,676,184,492,2,0.9955621301775148,377,0.6032
horseshoe,1005,16500,30,676,184,492,1,1.0,421,0.6736
horseshoe,1005,16750,3,679,184,495,42,0.5802650957290133,243,0.3888
horseshoe,1005,16750,5,679,184,495,9,0.9543446244477173,268,0.4288
horseshoe,1005,16750,10,679,184,495,2,0.9955817378497791,281,0.4496
horseshoe,1005,16750,20,679,184,495,2,0.9955817378497791,371,0.5936
horseshoe,1005,16750,30,679,184,495,1,1.0,419,0.6704
horseshoe,1005,17000,3,679,184,495,49,0.3402061855670103,246,0.3936
horseshoe,1005,17000,5,679,184,495,12,0.9499263622974963,269,0.4304
horseshoe,1005,17000,10,679,184,495,2,0.9955817378497791,289,0.4624
horseshoe,1005,17000,20,679,184,495,2,0.9955817378497791,373,0.5968
horseshoe,1005,17000,30,679,184,495,1,1.0,422,0.6752
horseshoe,1005,17250,3,678,184,494,56,0.25958702064896755,250,0.4
horseshoe,1005,17250,5,678,184,494,9,0.9542772861356932,270,0.432
horseshoe,1005,17250,10,678,184,494,2,0.995575221238938,291,0.4656
horseshoe,1005,17250,20,678,184,494,1,1.0,374,0.5984
horseshoe,1005,17250,30,678,184,494,1,1.0,422,0.6752
horseshoe,1005,17500,3,678,184,494,47,0.471976401179941,245,0.392
horseshoe,1005,17500,5,678,184,494,11,0.9218289085545722,267,0.4272
horseshoe,1005,17500,10,678,184,494,2,0.9808259587020649,285,0.456
horseshoe,1005,17500,20,678,184,494,1,1.0,373,0.5968
horseshoe,1005,17500,30,678,184,494,1,1.0,417,0.6672
horseshoe,1005,17750,3,676,185,491,50,0.34615384615384615,244,0.3904
horseshoe,1005,17750,5,676,185,491,15,0.9097633136094675,270,0.432
horseshoe,1005,17750,10,676,185,491,3,0.9866863905325444,283,0.4528
horseshoe,1005,17750,20,676,185,491,1,1.0,372,0.5952
horseshoe,1005,17750,30,676,185,491,1,1.0,417,0.6672
horseshoe,1005,18000,3,675,186,489,37,0.6518518518518519,242,0.3872
horseshoe,1005,18000,5,675,186,489,14,0.8666666666666667,272,0.4352
horseshoe,1005,18000,10,675,186,489,3,0.9881481481481481,288,0.4608
horseshoe,1005,18000,20,675,186,489,2,0.9955555555555555,374,0.5984
horseshoe,1005,18000,30,675,186,489,1,1.0,420,0.672
horseshoe,1005,18250,3,678,186,492,41,0.523598820058997,245,0.392
horseshoe,1005,18250,5,678,186,492,12,0.9336283185840708,271,0.4336
horseshoe,1005,18250,10,678,186,492,3,0.9882005899705014,291,0.4656
horseshoe,1005,18250,20,678,186,492,2,0.995575221238938,375,0.6
horseshoe,1005,18250,30,678,186,492,1,1.0,420,0.672
horseshoe,1005,18500,3,677,187,490,50,0.397341211225997,248,0.3968
horseshoe,1005,18500,5,677,187,490,8,0.9704579025110783,272,0.4352
horseshoe,1005,18500,10,677,187,490,2,0.9955686853766618,291,0.4656
horseshoe,1005,18500,20,677,187,490,2,0.9955686853766618,375,0.6
horseshoe,1005,18500,30,677,187,490,1,1.0,421,0.6736
horseshoe,1005,18750,3,678,189,489,52,0.4616519174041298,250,0.4
horseshoe,1005,18750,5,678,189,489,9,0.9646017699115044,276,0.4416
horseshoe,1005,18750,10,678,189,489,2,0.995575221238938,295,0.472
horseshoe,1005,18750,20,678,189,489,2,0.995575221238938,377,0.6032
horseshoe,1005,18750,30,678,189,489,1,1.0,424,0.6784
horseshoe,1005,19000,3,680,190,490,55,0.16323529411764706,252,0.4032
horseshoe,1005,19000,5,680,190,490,11,0.9352941176470588,280,0.448
horseshoe,1005,19000,10,680,190,490,3,0.9838235294117647,298,0.4768
horseshoe,1005,19000,20,680,190,490,1,1.0,381,0.6096
horseshoe,1005,19000,30,680,190,490,1,1.0,429,0.6864
horseshoe,1005,19250,3,678,190,488,62,0.20058997050147492,254,0.4064
horseshoe,1005,19250,5,678,190,488,11,0.9277286135693216,278,0.4448
horseshoe,1005,19250,10,678,190,488,2,0.995575221238938,295,0.472
horseshoe,1005,19250,20,678,190,488,1,1.0,380,0.608
horseshoe,1005,19250,30,678,190,488,1,1.0,428,0.6848
horseshoe,1005,19500,3,680,190,490,52,0.27647058823529413,258,0.4128
horseshoe,1005,19500,5,680,190,490,12,0.9073529411764706,280,0.448
horseshoe,1005,19500,10,680,190,490,1,1.0,299,0.4784
horseshoe,1005,19500,20,680,190,490,1,1.0,384,0.6144
horseshoe,1005,19500,30,680,190,490,1,1.0,429,0.6864
horseshoe,1005,19750,3,681,190,491,49,0.45374449339207046,257,0.4112
horseshoe,1005,19750,5,681,190,491,12,0.9074889867841409,280,0.448
horseshoe,1005,19750,10,681,190,491,2,0.9882525697503671,301,0.4816
horseshoe,1005,19750,20,681,190,491,1,1.0,383,0.6128
horseshoe,1005,19750,30,681,190,491,1,1.0,432,0.6912
horseshoe,1005,20000,3,684,192,492,58,0.3932748538011696,254,0.4064
horseshoe,1005,20000,5,684,192,492,10,0.9371345029239766,278,0.4448
horseshoe,1005,20000,10,684,192,492,2,0.9956140350877193,297,0.4752
horseshoe,1005,20000,20,684,192,492,2,0.9956140350877193,379,0.6064
horseshoe,1005,20000,30,684,192,492,1,1.0,431,0.6896
open,1001,10000,3,645,160,485,48,0.5085271317829457,252,0.4032
open,1001,10000,5,645,160,485,11,0.9643410852713178,281,0.4496
open,1001,10000,10,645,160,485,5,0.9782945736434109,312,0.4992
open,1001,10000,20,645,160,485,1,1.0,400,0.64
open,1001,10000,30,645,160,485,1,1.0,459,0.7344
open,1001,10250,3,644,160,484,53,0.6366459627329193,263,0.4208
open,1001,10250,5,644,160,484,11,0.8975155279503105,297,0.4752
open,1001,10250,10,644,160,484,5,0.9782608695652174,332,0.5312
open,1001,10250,20,644,160,484,3,0.9968944099378882,428,0.6848
open,1001,10250,30,644,160,484,2,0.9968944099378882,483,0.7728
open,1001,10500,3,643,165,478,55,0.6174183514774495,269,0.4304
open,1001,10500,5,643,165,478,11,0.9346811819595645,310,0.496
open,1001,10500,10,643,165,478,5,0.9704510108864697,339,0.5424
open,1001,10500,20,643,165,478,3,0.9720062208398134,430,0.688
open,1001,10500,30,643,165,478,1,1.0,489,0.7824
open,1001,10750,3,645,168,477,62,0.42170542635658914,272,0.4352
open,1001,10750,5,645,168,477,17,0.889922480620155,304,0.4864
open,1001,10750,10,645,168,477,4,0.9674418604651163,329,0.5264
open,1001,10750,20,645,168,477,1,1.0,426,0.6816
open,1001,10750,30,645,168,477,1,1.0,485,0.776
open,1001,11000,3,652,176,476,60,0.3895705521472393,274,0.4384
open,1001,11000,5,652,176,476,17,0.8573619631901841,296,0.4736
open,1001,11000,10,652,176,476,5,0.9708588957055214,321,0.5136
open,1001,11000,20,652,176,476,1,1.0,415,0.664
open,1001,11000,30,652,176,476,1,1.0,477,0.7632
open,1001,11250,3,656,184,472,50,0.538109756097561,271,0.4336
open,1001,11250,5,656,184,472,14,0.9344512195121951,297,0.4752
open,1001,11250,10,656,184,472,5,0.9817073170731707,324,0.5184
open,1001,11250,20,656,184,472,1,1.0,414,0.6624
open,1001,11250,30,656,184,472,1,1.0,480,0.768
open,1001,11500,3,665,188,477,53,0.6165413533834586,273,0.4368
open,1001,11500,5,665,188,477,18,0.8511278195488722,300,0.48
open,1001,11500,10,665,188,477,5,0.9804511278195489,326,0.5216
open,1001,11500,20,665,188,477,1,1.0,417,0.6672
open,1001,11500,30,665,188,477,1,1.0,483,0.7728
open,1001,11750,3,674,192,482,56,0.5044510385756676,281,0.4496
open,1001,11750,5,674,192,482,18,0.9465875370919882,313,0.5008
open,1001,11750,10,674,192,482,6,0.9896142433234422,339,0.5424
open,1001,11750,20,674,192,482,2,0.9985163204747775,432,0.6912
open,1001,11750,30,674,192,482,1,1.0,504,0.8064
open,1001,12000,3,673,199,474,61,0.5661218424962853,291,0.4656
open,1001,12000,5,673,199,474,21,0.8736998514115899,318,0.5088
open,1001,12000,10,673,199,474,6,0.9821693907875185,345,0.552
open,1001,12000,20,673,199,474,1,1.0,444,0.7104
open,1001,12000,30,673,199,474,1,1.0,510,0.816
open,1001,12250,3,673,203,470,59,0.4784546805349183,291,0.4656
open,1001,12250,5,673,203,470,14,0.9390787518573551,317,0.5072
open,1001,12250,10,673,203,470,2,0.9985141158989599,347,0.5552
open,1001,12250,20,673,203,470,1,1.0,446,0.7136
open,1001,12250,30,673,203,470,1,1.0,510,0.816
open,1001,12500,3,682,206,476,60,0.6290322580645161,292,0.4672
open,1001,12500,5,682,206,476,19,0.8973607038123167,317,0.5072
open,1001,12500,10,682,206,476,3,0.9941348973607038,349,0.5584
open,1001,12500,20,682,206,476,1,1.0,452,0.7232
open,1001,12500,30,682,206,476,1,1.0,512,0.8192
open,1001,12750,3,692,209,483,65,0.3930635838150289,296,0.4736
open,1001,12750,5,692,209,483,21,0.9291907514450867,326,0.5216
open,1001,12750,10,692,209,483,4,0.9942196531791907,360,0.576
open,1001,12750,20,692,209,483,1,1.0,459,0.7344
open,1001,12750,30,692,209,483,1,1.0,514,0.8224
open,1001,13000,3,698,211,487,65,0.5372492836676218,301,0.4816
open,1001,13000,5,698,211,487,21,0.8753581661891118,331,0.5296
open,1001,13000,10,698,211,487,4,0.9914040114613181,362,0.5792
open,1001,13000,20,698,211,487,1,1.0,461,0.7376
open,1001,13000,30,698,211,487,1,1.0,524,0.8384
open,1001,13250,3,696,215,481,64,0.5043103448275862,301,0.4816
open,1001,13250,5,696,215,481,20,0.8793103448275862,329,0.5264
open,1001,13250,10,696,215,481,4,0.9913793103448276,359,0.5744
open,1001,13250,20,696,215,481,1,1.0,462,0.7392
open,1001,13250,30,696,215,481,1,1.0,524,0.8384
open,1001,13500,3,693,216,477,65,0.5613275613275613,298,0.4768
open,1001,13500,5,693,216,477,20,0.8556998556998557,326,0.5216
open,1001,13500,10,693,216,477,4,0.9927849927849928,358,0.5728
open,1001,13500,20,693,216,477,1,1.0,459,0.7344
open,1001,13500,30,693,216,477,1,1.0,520,0.832
open,1001,13750,3,698,218,480,60,0.5487106017191977,303,0.4848
open,1001,13750,5,698,218,480,17,0.9269340974212035,329,0.5264
open,1001,13750,10,698,218,480,2,0.994269340974212,358,0.5728
open,1001,13750,20,698,218,480,1,1.0,461,0.7376
open,1001,13750,30,698,218,480,1,1.0,520,0.832
open,1001,14000,3,703,222,481,60,0.6401137980085349,303,0.4848
open,1001,14000,5,703,222,481,20,0.8193456614509246,328,0.5248
open,1001,14000,10,703,222,481,3,0.9886201991465149,359,0.5744
open,1001,14000,20,703,222,481,1,1.0,459,0.7344
open,1001,14000,30,703,222,481,1,1.0,520,0.832
open,1001,14250,3,710,225,485,61,0.46619718309859154,301,0.4816
open,1001,14250,5,710,225,485,22,0.8760563380281691,329,0.5264
open,1001,14250,10,710,225,485,4,0.9788732394366197,362,0.5792
open,1001,14250,20,710,225,485,1,1.0,460,0.736
open,1001,14250,30,710,225,485,1,1.0,521,0.8336
open,1001,14500,3,711,227,484,59,0.6216596343178622,300,0.48
open,1001,14500,5,711,227,484,17,0.8790436005625879,329,0.5264
open,1001,14500,10,711,227,484,4,0.980309423347398,361,0.5776
open,1001,14500,20,711,227,484,1,1.0,458,0.7328
open,1001,14500,30,711,227,484,1,1.0,521,0.8336
open,1001,14750,3,708,228,480,70,0.3432203389830508,301,0.4816
open,1001,14750,5,708,228,480,20,0.8587570621468926,332,0.5312
open,1001,14750,10,708,228,480,1,1.0,363,0.5808
open,1001,14750,20,708,228,480,1,1.0,460,0.736
open,1001,14750,30,708,228,480,1,1.0,518,0.8288
open,1001,15000,3,712,231,481,76,0.49859550561797755,308,0.4928
open,1001,15000,5,712,231,481,19,0.8778089887640449,335,0.536
open,1001,15000,10,712,231,481,1,1.0,366,0.5856
open,1001,15000,20,712,231,481,1,1.0,464,0.7424
open,1001,15000,30,712,231,481,1,1.0,520,0.832
open,1001,15250,3,716,236,480,72,0.48324022346368717,312,0.4992
open,1001,15250,5,716,236,480,20,0.8561452513966481,340,0.544
open,1001,15250,10,716,236,480,1,1.0,371,0.5936
open,1001,15250,20,716,236,480,1,1.0,475,0.76
open,1001,15250,30,716,236,480,1,1.0,524,0.8384
open,1001,15500,3,724,239,485,68,0.5151933701657458,315,0.504
open,1001,15500,5,724,239,485,22,0.8839779005524862,343,0.5488
open,1001,15500,10,724,239,485,1,1.0,375,0.6
open,1001,15500,20,724,239,485,1,1.0,474,0.7584
open,1001,15500,30,724,239,485,1,1.0,524,0.8384
open,1001,15750,3,726,241,485,68,0.5399449035812672,315,0.504
open,1001,15750,5,726,241,485,22,0.8305785123966942,345,0.552
open,1001,15750,10,726,241,485,1,1.0,376,0.6016
open,1001,15750,20,726,241,485,1,1.0,475,0.76
open,1001,15750,30,726,241,485,1,1.0,523,0.8368
open,1001,16000,3,726,243,483,62,0.5082644628099173,317,0.5072
open,1001,16000,5,726,243,483,18,0.8305785123966942,345,0.552
open,1001,16000,10,726,243,483,2,0.9986225895316805,376,0.6016
open,1001,16000,20,726,243,483,1,1.0,476,0.7616
open,1001,16000,30,726,243,483,1,1.0,523,0.8368
open,1001,16250,3,728,244,484,72,0.4258241758241758,316,0.5056
open,1001,16250,5,728,244,484,19,0.804945054945055,343,0.5488
open,1001,16250,10,728,244,484,3,0.9876373626373627,375,0.6
open,1001,16250,20,728,244,484,1,1.0,472,0.7552
open,1001,16250,30,728,244,484,1,1.0,520,0.832
open,1001,16500,3,728,246,482,74,0.4258241758241758,319,0.5104
open,1001,16500,5,728,246,482,16,0.9065934065934066,345,0.552
open,1001,16500,10,728,246,482,4,0.9821428571428571,380,0.608
open,1001,16500,20,728,246,482,1,1.0,472,0.7552
open,1001,16500,30,728,246,482,1,1.0,522,0.8352
open,1001,16750,3,732,248,484,72,0.3633879781420765,319,0.5104
open,1001,16750,5,732,248,484,16,0.9030054644808743,345,0.552
open,1001,16750,10,732,248,484,3,0.9904371584699454,380,0.608
open,1001,16750,20,732,248,484,1,1.0,470,0.752
open,1001,16750,30,732,248,484,1,1.0,521,0.8336
open,1001,17000,3,735,250,485,73,0.2612244897959184,317,0.5072
open,1001,17000,5,735,250,485,21,0.891156462585034,350,0.56
open,1001,17000,10,735,250,485,3,0.9673469387755103,379,0.6064
open,1001,17000,20,735,250,485,1,1.0,473,0.7568
open,1001,17000,30,735,250,485,1,1.0,528,0.8448
open,1001,17250,3,734,250,484,70,0.4223433242506812,321,0.5136
open,1001,17250,5,734,250,484,21,0.9046321525885559,353,0.5648
open,1001,17250,10,734,250,484,2,0.9931880108991825,385,0.616
open,1001,17250,20,734,250,484,1,1.0,483,0.7728
open,1001,17250,30,734,250,484,1,1.0,532,0.8512
open,1001,17500,3,736,253,483,68,0.48777173913043476,320,0.512
open,1001,17500,5,736,253,483,21,0.8967391304347826,350,0.56
open,1001,17500,10,736,253,483,3,0.9904891304347826,383,0.6128
open,1001,17500,20,736,253,483,1,1.0,483,0.7728
open,1001,17500,30,736,253,483,1,1.0,527,0.8432
open,1001,17750,3,741,255,486,71,0.45614035087719296,321,0.5136
open,1001,17750,5,741,255,486,22,0.8879892037786775,355,0.568
open,1001,17750,10,741,255,486,5,0.9743589743589743,388,0.6208
open,1001,17750,20,741,255,486,1,1.0,478,0.7648
open,1001,17750,30,741,255,486,1,1.0,524,0.8384
open,1001,18000,3,737,256,481,69,0.23880597014925373,324,0.5184
open,1001,18000,5,737,256,481,25,0.824966078697422,355,0.568
open,1001,18000,10,737,256,481,4,0.9850746268656716,388,0.6208
open,1001,18000,20,737,256,481,1,1.0,479,0.7664
open,1001,18000,30,737,256,481,1,1.0,527,0.8432
open,1001,18250,3,732,256,476,76,0.20901639344262296,321,0.5136
open,1001,18250,5,732,256,476,22,0.7882513661202186,353,0.5648
open,1001,18250,10,732,256,476,3,0.9890710382513661,389,0.6224
open,1001,18250,20,732,256,476,1,1.0,480,0.768
open,1001,18250,30,732,256,476,1,1.0,525,0.84
open,1001,18500,3,736,256,480,70,0.4796195652173913,321,0.5136
open,1001,18500,5,736,256,480,19,0.8328804347826086,355,0.568
open,1001,18500,10,736,256,480,3,0.9877717391304348,390,0.624
open,1001,18500,20,736,256,480,1,1.0,481,0.7696
open,1001,18500,30,736,256,480,1,1.0,524,0.8384
open,1001,18750,3,744,258,486,73,0.5362903225806451,319,0.5104
open,1001,18750,5,744,258,486,17,0.9381720430107527,353,0.5648
open,1001,18750,10,744,258,486,3,0.9879032258064516,389,0.6224
open,1001,18750,20,744,258,486,1,1.0,478,0.7648
open,1001,18750,30,744,258,486,1,1.0,523,0.8368
open,1001,19000,3,746,261,485,79,0.47050938337801607,320,0.512
open,1001,19000,5,746,261,485,16,0.7345844504021448,354,0.5664
open,1001,19000,10,746,261,485,3,0.985254691689008,390,0.624
open,1001,19000,20,746,261,485,1,1.0,478,0.7648
open,1001,19000,30,746,261,485,1,1.0,523,0.8368
open,1001,19250,3,748,263,485,72,0.41711229946524064,319,0.5104
open,1001,19250,5,748,263,485,16,0.9278074866310161,353,0.5648
open,1001,19250,10,748,263,485,3,0.983957219251337,390,0.624
open,1001,19250,20,748,263,485,1,1.0,478,0.7648
open,1001,19250,30,748,263,485,1,1.0,523,0.8368
open,1001,19500,3,748,264,484,74,0.31016042780748665,325,0.52
open,1001,19500,5,748,264,484,18,0.9171122994652406,354,0.5664
open,1001,19500,10,748,264,484,4,0.9852941176470589,390,0.624
open,1001,19500,20,748,264,484,1,1.0,483,0.7728
open,1001,19500,30,748,264,484,1,1.0,524,0.8384
open,1001,19750,3,745,264,481,82,0.3194630872483222,324,0.5184
open,1001,19750,5,745,264,481,19,0.8187919463087249,354,0.5664
open,1001,19750,10,745,264,481,1,1.0,390,0.624
open,1001,19750,20,745,264,481,1,1.0,483,0.7728
open,1001,19750,30,745,264,481,1,1.0,523,0.8368
open,1001,20000,3,750,264,486,77,0.4106666666666667,322,0.5152
open,1001,20000,5,750,264,486,17,0.852,352,0.5632
open,1001,20000,10,750,264,486,1,1.0,390,0.624
open,1001,20000,20,750,264,486,1,1.0,479,0.7664
open,1001,20000,30,750,264,486,1,1.0,522,0.8352
open,1002,10000,3,626,139,487,50,0.23162939297124602,220,0.352
open,1002,10000,5,626,139,487,14,0.9009584664536742,252,0.4032
open,1002,10000,10,626,139,487,3,0.9952076677316294,288,0.4608
open,1002,10000,20,626,139,487,1,1.0,363,0.5808
open,1002,10000,30,626,139,487,1,1.0,404,0.6464
open,1002,10250,3,626,139,487,53,0.48083067092651754,228,0.3648
open,1002,10250,5,626,139,487,15,0.7507987220447284,254,0.4064
open,1002,10250,10,626,139,487,2,0.9984025559105432,290,0.464
open,1002,10250,20,626,139,487,1,1.0,364,0.5824
open,1002,10250,30,626,139,487,1,1.0,405,0.648
open,1002,10500,3,624,144,480,47,0.375,226,0.3616
open,1002,10500,5,624,144,480,17,0.8317307692307693,253,0.4048
open,1002,10500,10,624,144,480,1,1.0,290,0.464
open,1002,10500,20,624,144,480,1,1.0,362,0.5792
open,1002,10500,30,624,144,480,1,1.0,403,0.6448
open,1002,10750,3,626,152,474,39,0.6565495207667732,224,0.3584
open,1002,10750,5,626,152,474,13,0.8162939297124601,250,0.4
open,1002,10750,10,626,152,474,2,0.9696485623003195,288,0.4608
open,1002,10750,20,626,152,474,1,1.0,357,0.5712
open,1002,10750,30,626,152,474,1,1.0,402,0.6432
open,1002,11000,3,628,160,468,57,0.4426751592356688,227,0.3632
open,1002,11000,5,628,160,468,9,0.8519108280254777,251,0.4016
open,1002,11000,10,628,160,468,1,1.0,288,0.4608
open,1002,11000,20,628,160,468,1,1.0,357,0.5712
open,1002,11000,30,628,160,468,1,1.0,401,0.6416
open,1002,11250,3,632,168,464,58,0.43037974683544306,225,0.36
open,1002,11250,5,632,168,464,12,0.8560126582278481,252,0.4032
open,1002,11250,10,632,168,464,2,0.9984177215189873,287,0.4592
open,1002,11250,20,632,168,464,1,1.0,358,0.5728
open,1002,11250,30,632,168,464,1,1.0,400,0.64
open,1002,11500,3,637,171,466,53,0.45054945054945056,225,0.36
open,1002,11500,5,637,171,466,10,0.7692307692307693,254,0.4064
open,1002,11500,10,637,171,466,1,1.0,288,0.4608
open,1002,11500,20,637,171,466,1,1.0,358,0.5728
open,1002,11500,30,637,171,466,1,1.0,403,0.6448
open,1002,11750,3,645,175,470,51,0.48527131782945737,232,0.3712
open,1002,11750,5,645,175,470,9,0.9193798449612403,257,0.4112
open,1002,11750,10,645,175,470,1,1.0,291,0.4656
open,1002,11750,20,645,175,470,1,1.0,361,0.5776
open,1002,11750,30,645,175,470,1,1.0,405,0.648
open,1002,12000,3,654,179,475,46,0.5718654434250765,235,0.376
open,1002,12000,5,654,179,475,12,0.8119266055045872,255,0.408
open,1002,12000,10,654,179,475,2,0.9648318042813455,294,0.4704
open,1002,12000,20,654,179,475,1,1.0,360,0.576
open,1002,12000,30,654,179,475,1,1.0,405,0.648
open,1002,12250,3,657,179,478,56,0.4155251141552511,232,0.3712
open,1002,12250,5,657,179,478,10,0.8873668188736682,253,0.4048
open,1002,12250,10,657,179,478,2,0.9619482496194824,291,0.4656
open,1002,12250,20,657,179,478,1,1.0,362,0.5792
open,1002,12250,30,657,179,478,1,1.0,405,0.648
open,1002,12500,3,656,181,475,49,0.5853658536585366,233,0.3728
open,1002,12500,5,656,181,475,10,0.913109756097561,253,0.4048
open,1002,12500,10,656,181,475,1,1.0,291,0.4656
open,1002,12500,20,656,181,475,1,1.0,363,0.5808
open,1002,12500,30,656,181,475,1,1.0,406,0.6496
open,1002,12750,3,657,181,476,50,0.4809741248097412,227,0.3632
open,1002,12750,5,657,181,476,13,0.8691019786910198,252,0.4032
open,1002,12750,10,657,181,476,3,0.9634703196347032,292,0.4672
open,1002,12750,20,657,181,476,1,1.0,358,0.5728
open,1002,12750,30,657,181,476,1,1.0,405,0.648
open,1002,13000,3,666,184,482,51,0.44144144144144143,229,0.3664
open,1002,13000,5,666,184,482,14,0.8738738738738738,254,0.4064
open,1002,13000,10,666,184,482,1,1.0,295,0.472
open,1002,13000,20,666,184,482,1,1.0,359,0.5744
open,1002,13000,30,666,184,482,1,1.0,406,0.6496
open,1002,13250,3,670,185,485,50,0.44477611940298506,231,0.3696
open,1002,13250,5,670,185,485,14,0.7835820895522388,255,0.408
open,1002,13250,10,670,185,485,1,1.0,294,0.4704
open,1002,13250,20,670,185,485,1,1.0,361,0.5776
open,1002,13250,30,670,185,485,1,1.0,406,0.6496
open,1002,13500,3,667,185,482,51,0.36281859070464767,231,0.3696
open,1002,13500,5,667,185,482,11,0.7646176911544228,256,0.4096
open,1002,13500,10,667,185,482,2,0.9955022488755623,294,0.4704
open,1002,13500,20,667,185,482,1,1.0,361,0.5776
open,1002,13500,30,667,185,482,1,1.0,404,0.6464
open,1002,13750,3,664,186,478,49,0.5481927710843374,233,0.3728
open,1002,13750,5,664,186,478,8,0.9216867469879518,257,0.4112
open,1002,13750,10,664,186,478,1,1.0,294,0.4704
open,1002,13750,20,664,186,478,1,1.0,361,0.5776
open,1002,13750,30,664,186,478,1,1.0,405,0.648
open,1002,14000,3,668,186,482,50,0.5329341317365269,235,0.376
open,1002,14000,5,668,186,482,8,0.8547904191616766,256,0.4096
open,1002,14000,10,668,186,482,1,1.0,293,0.4688
open,1002,14000,20,668,186,482,1,1.0,362,0.5792
open,1002,14000,30,668,186,482,1,1.0,406,0.6496
open,1002,14250,3,673,188,485,52,0.4442793462109955,233,0.3728
open,1002,14250,5,673,188,485,7,0.9405646359583952,256,0.4096
open,1002,14250,10,673,188,485,1,1.0,293,0.4688
open,1002,14250,20,673,188,485,1,1.0,362,0.5792
open,1002,14250,30,673,188,485,1,1.0,405,0.648
open,1002,14500,3,669,188,481,54,0.4469357249626308,231,0.3696
open,1002,14500,5,669,188,481,11,0.7414050822122571,255,0.408
open,1002,14500,10,669,188,481,1,1.0,293,0.4688
open,1002,14500,20,669,188,481,1,1.0,359,0.5744
open,1002,14500,30,669,188,481,1,1.0,405,0.648
open,1002,14750,3,669,189,480,60,0.4648729446935725,230,0.368
open,1002,14750,5,669,189,480,11,0.85949177877429,253,0.4048
open,1002,14750,10,669,189,480,1,1.0,294,0.4704
open,1002,14750,20,669,189,480,1,1.0,357,0.5712
open,1002,14750,30,669,189,480,1,1.0,407,0.6512
open,1002,15000,3,676,191,485,55,0.49556213017751477,232,0.3712
open,1002,15000,5,676,191,485,9,0.8964497041420119,256,0.4096
open,1002,15000,10,676,191,485,1,1.0,295,0.472
open,1002,15000,20,676,191,485,1,1.0,360,0.576
open,1002,15000,30,676,191,485,1,1.0,408,0.6528
open,1002,15250,3,679,191,488,56,0.4020618556701031,233,0.3728
open,1002,15250,5,679,191,488,11,0.7908689248895434,260,0.416
open,1002,15250,10,679,191,488,1,1.0,296,0.4736
open,1002,15250,20,679,191,488,1,1.0,362,0.5792
open,1002,15250,30,679,191,488,1,1.0,411,0.6576
open,1002,15500,3,676,191,485,52,0.5754437869822485,236,0.3776
open,1002,15500,5,676,191,485,7,0.9630177514792899,261,0.4176
open,1002,15500,10,676,191,485,1,1.0,298,0.4768
open,1002,15500,20,676,191,485,1,1.0,364,0.5824
open,1002,15500,30,676,191,485,1,1.0,414,0.6624
open,1002,15750,3,678,191,487,59,0.3495575221238938,237,0.3792
open,1002,15750,5,678,191,487,9,0.6799410029498525,259,0.4144
open,1002,15750,10,678,191,487,1,1.0,299,0.4784
open,1002,15750,20,678,191,487,1,1.0,363,0.5808
open,1002,15750,30,678,191,487,1,1.0,413,0.6608
open,1002,16000,3,680,191,489,49,0.43970588235294117,232,0.3712
open,1002,16000,5,680,191,489,4,0.8044117647058824,254,0.4064
open,1002,16000,10,680,191,489,1,1.0,294,0.4704
open,1002,16000,20,680,191,489,1,1.0,359,0.5744
open,1002,16000,30,680,191,489,1,1.0,407,0.6512
open,1002,16250,3,677,191,486,52,0.5066469719350074,233,0.3728
open,1002,16250,5,677,191,486,8,0.9261447562776958,254,0.4064
open,1002,16250,10,677,191,486,1,1.0,296,0.4736
open,1002,16250,20,677,191,486,1,1.0,360,0.576
open,1002,16250,30,677,191,486,1,1.0,409,0.6544
open,1002,16500,3,676,191,485,50,0.46449704142011833,232,0.3712
open,1002,16500,5,676,191,485,8,0.9289940828402367,255,0.408
open,1002,16500,10,676,191,485,1,1.0,296,0.4736
open,1002,16500,20,676,191,485,1,1.0,360,0.576
open,1002,16500,30,676,191,485,1,1.0,410,0.656
open,1002,16750,3,676,192,484,49,0.44822485207100593,233,0.3728
open,1002,16750,5,676,192,484,11,0.9304733727810651,260,0.416
open,1002,16750,10,676,192,484,1,1.0,297,0.4752
open,1002,16750,20,676,192,484,1,1.0,363,0.5808
open,1002,16750,30,676,192,484,1,1.0,412,0.6592
open,1002,17000,3,675,192,483,48,0.46074074074074073,234,0.3744
open,1002,17000,5,675,192,483,7,0.96,263,0.4208
open,1002,17000,10,675,192,483,1,1.0,300,0.48
open,1002,17000,20,675,192,483,1,1.0,368,0.5888
open,1002,17000,30,675,192,483,1,1.0,415,0.664
open,1002,17250,3,681,193,488,50,0.5829662261380323,234,0.3744
open,1002,17250,5,681,193,488,11,0.9162995594713657,264,0.4224
open,1002,17250,10,681,193,488,1,1.0,300,0.48
open,1002,17250,20,681,193,488,1,1.0,368,0.5888
open,1002,17250,30,681,193,488,1,1.0,415,0.664
open,1002,17500,3,686,193,493,51,0.3425655976676385,233,0.3728
open,1002,17500,5,686,193,493,10,0.9402332361516035,261,0.4176
open,1002,17500,10,686,193,493,1,1.0,303,0.4848
open,1002,17500,20,686,193,493,1,1.0,365,0.584
open,1002,17500,30,686,193,493,1,1.0,412,0.6592
open,1002,17750,3,682,193,489,58,0.48240469208211145,233,0.3728
open,1002,17750,5,682,193,489,14,0.8797653958944281,262,0.4192
open,1002,17750,10,682,193,489,1,1.0,305,0.488
open,1002,17750,20,682,193,489,1,1.0,366,0.5856
open,1002,17750,30,682,193,489,1,1.0,411,0.6576
open,1002,18000,3,683,194,489,58,0.42020497803806733,239,0.3824
open,1002,18000,5,683,194,489,12,0.8506588579795022,266,0.4256
open,1002,18000,10,683,194,489,1,1.0,308,0.4928
open,1002,18000,20,683,194,489,1,1.0,373,0.5968
open,1002,18000,30,683,194,489,1,1.0,416,0.6656
open,1002,18250,3,685,194,491,49,0.5343065693430656,240,0.384
open,1002,18250,5,685,194,491,14,0.8613138686131386,265,0.424
open,1002,18250,10,685,194,491,1,1.0,305,0.488
open,1002,18250,20,685,194,491,1,1.0,376,0.6016
open,1002,18250,30,685,194,491,1,1.0,418,0.6688
open,1002,18500,3,681,194,487,53,0.5080763582966226,236,0.3776
open,1002,18500,5,681,194,487,11,0.8751835535976505,263,0.4208
open,1002,18500,10,681,194,487,1,1.0,301,0.4816
open,1002,18500,20,681,194,487,1,1.0,369,0.5904
open,1002,18500,30,681,194,487,1,1.0,416,0.6656
open,1002,18750,3,683,194,489,47,0.5841874084919473,235,0.376
open,1002,18750,5,683,194,489,13,0.8316251830161054,260,0.416
open,1002,18750,10,683,194,489,2,0.9956076134699854,301,0.4816
open,1002,18750,20,683,194,489,1,1.0,366,0.5856
open,1002,18750,30,683,194,489,1,1.0,414,0.6624
open,1002,19000,3,682,195,487,55,0.4340175953079179,236,0.3776
open,1002,19000,5,682,195,487,14,0.8504398826979472,264,0.4224
open,1002,19000,10,682,195,487,1,1.0,303,0.4848
open,1002,19000,20,682,195,487,1,1.0,368,0.5888
open,1002,19000,30,682,195,487,1,1.0,414,0.6624
open,1002,19250,3,685,196,489,54,0.3970802919708029,236,0.3776
open,1002,19250,5,685,196,489,10,0.9124087591240876,264,0.4224
open,1002,19250,10,685,196,489,1,1.0,303,0.4848
open,1002,19250,20,685,196,489,1,1.0,368,0.5888
open,1002,19250,30,685,196,489,1,1.0,414,0.6624
open,1002,19500,3,691,196,495,49,0.4081041968162084,237,0.3792
open,1002,19500,5,691,196,495,9,0.9536903039073806,260,0.416
open,1002,19500,10,691,196,495,1,1.0,306,0.4896
open,1002,19500,20,691,196,495,1,1.0,368,0.5888
open,1002,19500,30,691,196,495,1,1.0,415,0.664
open,1002,19750,3,687,196,491,55,0.2314410480349345,237,0.3792
open,1002,19750,5,687,196,491,9,0.9213973799126638,261,0.4176
open,1002,19750,10,687,196,491,1,1.0,307,0.4912
open,1002,19750,20,687,196,491,1,1.0,368,0.5888
open,1002,19750,30,687,196,491,1,1.0,415,0.664
open,1002,20000,3,685,196,489,55,0.472992700729927,238,0.3808
open,1002,20000,5,685,196,489,11,0.8525547445255475,264,0.4224
open,1002,20000,10,685,196,489,1,1.0,305,0.488
open,1002,20000,20,685,196,489,1,1.0,368,0.5888
open,1002,20000,30,685,196,489,1,1.0,412,0.6592
open,1003,10000,3,633,147,486,50,0.5608214849921012,206,0.3296
open,1003,10000,5,633,147,486,12,0.8546603475513428,244,0.3904
open,1003,10000,10,633,147,486,3,0.9968404423380727,293,0.4688
open,1003,10000,20,633,147,486,2,0.9984202211690363,346,0.5536
open,1003,10000,30,633,147,486,2,0.9984202211690363,414,0.6624
open,1003,10250,3,634,147,487,49,0.5867507886435331,211,0.3376
open,1003,10250,5,634,147,487,10,0.9700315457413249,246,0.3936
open,1003,10250,10,634,147,487,4,0.9889589905362776,297,0.4752
open,1003,10250,20,634,147,487,2,0.998422712933754,351,0.5616
open,1003,10250,30,634,147,487,2,0.998422712933754,414,0.6624
open,1003,10500,3,634,149,485,46,0.6277602523659306,221,0.3536
open,1003,10500,5,634,149,485,15,0.944794952681388,254,0.4064
open,1003,10500,10,634,149,485,4,0.9873817034700315,297,0.4752
open,1003,10500,20,634,149,485,1,1.0,351,0.5616
open,1003,10500,30,634,149,485,1,1.0,412,0.6592
open,1003,10750,3,633,151,482,50,0.4928909952606635,216,0.3456
open,1003,10750,5,633,151,482,12,0.9510268562401264,251,0.4016
open,1003,10750,10,633,151,482,4,0.9921011058451816,294,0.4704
open,1003,10750,20,633,151,482,1,1.0,352,0.5632
open,1003,10750,30,633,151,482,1,1.0,414,0.6624
open,1003,11000,3,636,153,483,47,0.4371069182389937,215,0.344
open,1003,11000,5,636,153,483,12,0.9544025157232704,247,0.3952
open,1003,11000,10,636,153,483,4,0.9921383647798742,293,0.4688
open,1003,11000,20,636,153,483,1,1.0,350,0.56
open,1003,11000,30,636,153,483,1,1.0,416,0.6656
open,1003,11250,3,640,156,484,46,0.5359375,214,0.3424
open,1003,11250,5,640,156,484,10,0.9265625,251,0.4016
open,1003,11250,10,640,156,484,5,0.9875,297,0.4752
open,1003,11250,20,640,156,484,1,1.0,356,0.5696
open,1003,11250,30,640,156,484,1,1.0,418,0.6688
open,1003,11500,3,639,161,478,56,0.4162754303599374,214,0.3424
open,1003,11500,5,639,161,478,9,0.9530516431924883,253,0.4048
open,1003,11500,10,639,161,478,5,0.9906103286384976,297,0.4752
open,1003,11500,20,639,161,478,2,0.9953051643192489,359,0.5744
open,1003,11500,30,639,161,478,1,1.0,416,0.6656
open,1003,11750,3,642,163,479,53,0.5856697819314641,219,0.3504
open,1003,11750,5,642,163,479,15,0.9330218068535826,254,0.4064
open,1003,11750,10,642,163,479,5,0.9890965732087228,301,0.4816
open,1003,11750,20,642,163,479,1,1.0,357,0.5712
open,1003,11750,30,642,163,479,1,1.0,418,0.6688
open,1003,12000,3,651,165,486,44,0.6298003072196621,219,0.3504
open,1003,12000,5,651,165,486,9,0.9738863287250384,251,0.4016
open,1003,12000,10,651,165,486,4,0.9846390168970814,299,0.4784
open,1003,12000,20,651,165,486,1,1.0,352,0.5632
open,1003,12000,30,651,165,486,1,1.0,416,0.6656
open,1003,12250,3,650,169,481,44,0.6938461538461539,218,0.3488
open,1003,12250,5,650,169,481,12,0.9092307692307692,250,0.4
open,1003,12250,10,650,169,481,2,0.9892307692307692,298,0.4768
open,1003,12250,20,650,169,481,1,1.0,351,0.5616
open,1003,12250,30,650,169,481,1,1.0,413,0.6608
open,1003,12500,3,650,170,480,54,0.42923076923076925,222,0.3552
open,1003,12500,5,650,170,480,13,0.9292307692307692,250,0.4
open,1003,12500,10,650,170,480,2,0.9923076923076923,301,0.4816
open,1003,12500,20,650,170,480,1,1.0,353,0.5648
open,1003,12500,30,650,170,480,1,1.0,416,0.6656
open,1003,12750,3,660,172,488,53,0.3984848484848485,222,0.3552
open,1003,12750,5,660,172,488,12,0.9181818181818182,259,0.4144
open,1003,12750,10,660,172,488,1,1.0,304,0.4864
open,1003,12750,20,660,172,488,1,1.0,355,0.568
open,1003,12750,30,660,172,488,1,1.0,420,0.672
open,1003,13000,3,663,174,489,50,0.4374057315233786,219,0.3504
open,1003,13000,5,663,174,489,10,0.803921568627451,256,0.4096
open,1003,13000,10,663,174,489,1,1.0,303,0.4848
open,1003,13000,20,663,174,489,1,1.0,352,0.5632
open,1003,13000,30,663,174,489,1,1.0,417,0.6672
open,1003,13250,3,661,175,486,52,0.4296520423600605,227,0.3632
open,1003,13250,5,661,175,486,7,0.9682299546142209,253,0.4048
open,1003,13250,10,661,175,486,2,0.9909228441754917,306,0.4896
open,1003,13250,20,661,175,486,1,1.0,354,0.5664
open,1003,13250,30,661,175,486,1,1.0,421,0.6736
open,1003,13500,3,660,178,482,54,0.4636363636363636,228,0.3648
open,1003,13500,5,660,178,482,12,0.9181818181818182,257,0.4112
open,1003,13500,10,660,178,482,1,1.0,310,0.496
open,1003,13500,20,660,178,482,1,1.0,356,0.5696
open,1003,13500,30,660,178,482,1,1.0,425,0.68
open,1003,13750,3,663,180,483,52,0.36048265460030166,224,0.3584
open,1003,13750,5,663,180,483,15,0.9260935143288085,261,0.4176
open,1003,13750,10,663,180,483,1,1.0,308,0.4928
open,1003,13750,20,663,180,483,1,1.0,358,0.5728
open,1003,13750,30,663,180,483,1,1.0,422,0.6752
open,1003,14000,3,672,180,492,53,0.5535714285714286,228,0.3648
open,1003,14000,5,672,180,492,15,0.9300595238095238,265,0.424
open,1003,14000,10,672,180,492,1,1.0,310,0.496
open,1003,14000,20,672,180,492,1,1.0,360,0.576
open,1003,14000,30,672,180,492,1,1.0,423,0.6768
open,1003,14250,3,672,183,489,51,0.6488095238095238,225,0.36
open,1003,14250,5,672,183,489,15,0.8973214285714286,262,0.4192
open,1003,14250,10,672,183,489,1,1.0,305,0.488
open,1003,14250,20,672,183,489,1,1.0,351,0.5616
open,1003,14250,30,672,183,489,1,1.0,416,0.6656
open,1003,14500,3,670,184,486,55,0.3582089552238806,225,0.36
open,1003,14500,5,670,184,486,10,0.8776119402985074,261,0.4176
open,1003,14500,10,670,184,486,1,1.0,305,0.488
open,1003,14500,20,670,184,486,1,1.0,354,0.5664
open,1003,14500,30,670,184,486,1,1.0,417,0.6672
open,1003,14750,3,670,185,485,54,0.3970149253731343,227,0.3632
open,1003,14750,5,670,185,485,10,0.9537313432835821,262,0.4192
open,1003,14750,10,670,185,485,1,1.0,305,0.488
open,1003,14750,20,670,185,485,1,1.0,354,0.5664
open,1003,14750,30,670,185,485,1,1.0,419,0.6704
open,1003,15000,3,670,185,485,48,0.6716417910447762,227,0.3632
open,1003,15000,5,670,185,485,14,0.9328358208955224,262,0.4192
open,1003,15000,10,670,185,485,1,1.0,306,0.4896
open,1003,15000,20,670,185,485,1,1.0,357,0.5712
open,1003,15000,30,670,185,485,1,1.0,418,0.6688
open,1003,15250,3,672,188,484,50,0.5208333333333334,231,0.3696
open,1003,15250,5,672,188,484,11,0.9196428571428571,263,0.4208
open,1003,15250,10,672,188,484,1,1.0,307,0.4912
open,1003,15250,20,672,188,484,1,1.0,356,0.5696
open,1003,15250,30,672,188,484,1,1.0,422,0.6752
open,1003,15500,3,675,190,485,59,0.3851851851851852,231,0.3696
open,1003,15500,5,675,190,485,15,0.8548148148148148,262,0.4192
open,1003,15500,10,675,190,485,1,1.0,307,0.4912
open,1003,15500,20,675,190,485,1,1.0,356,0.5696
open,1003,15500,30,675,190,485,1,1.0,424,0.6784
open,1003,15750,3,682,190,492,56,0.5469208211143695,229,0.3664
open,1003,15750,5,682,190,492,11,0.9398826979472141,262,0.4192
open,1003,15750,10,682,190,492,1,1.0,305,0.488
open,1003,15750,20,682,190,492,1,1.0,357,0.5712
open,1003,15750,30,682,190,492,1,1.0,421,0.6736
open,1003,16000,3,683,191,492,50,0.5900439238653001,228,0.3648
open,1003,16000,5,683,191,492,11,0.9077598828696926,262,0.4192
open,1003,16000,10,683,191,492,1,1.0,302,0.4832
open,1003,16000,20,683,191,492,1,1.0,352,0.5632
open,1003,16000,30,683,191,492,1,1.0,415,0.664
open,1003,16250,3,680,191,489,49,0.6044117647058823,226,0.3616
open,1003,16250,5,680,191,489,10,0.9485294117647058,263,0.4208
open,1003,16250,10,680,191,489,1,1.0,302,0.4832
open,1003,16250,20,680,191,489,1,1.0,351,0.5616
open,1003,16250,30,680,191,489,1,1.0,415,0.664
open,1003,16500,3,681,193,488,50,0.6461086637298091,232,0.3712
open,1003,16500,5,681,193,488,9,0.9544787077826725,265,0.424
open,1003,16500,10,681,193,488,1,1.0,306,0.4896
open,1003,16500,20,681,193,488,1,1.0,356,0.5696
open,1003,16500,30,681,193,488,1,1.0,414,0.6624
open,1003,16750,3,684,193,491,63,0.47368421052631576,233,0.3728
open,1003,16750,5,684,193,491,9,0.922514619883041,266,0.4256
open,1003,16750,10,684,193,491,1,1.0,307,0.4912
open,1003,16750,20,684,193,491,1,1.0,359,0.5744
open,1003,16750,30,684,193,491,1,1.0,419,0.6704
open,1003,17000,3,685,193,492,59,0.5153284671532846,232,0.3712
open,1003,17000,5,685,193,492,9,0.9313868613138686,268,0.4288
open,1003,17000,10,685,193,492,1,1.0,308,0.4928
open,1003,17000,20,685,193,492,1,1.0,358,0.5728
open,1003,17000,30,685,193,492,1,1.0,419,0.6704
open,1003,17250,3,686,195,491,56,0.3177842565597668,230,0.368
open,1003,17250,5,686,195,491,10,0.9183673469387755,269,0.4304
open,1003,17250,10,686,195,491,1,1.0,309,0.4944
open,1003,17250,20,686,195,491,1,1.0,359,0.5744
open,1003,17250,30,686,195,491,1,1.0,419,0.6704
open,1003,17500,3,687,195,492,62,0.3726346433770015,229,0.3664
open,1003,17500,5,687,195,492,11,0.9112081513828238,267,0.4272
open,1003,17500,10,687,195,492,1,1.0,307,0.4912
open,1003,17500,20,687,195,492,1,1.0,361,0.5776
open,1003,17500,30,687,195,492,1,1.0,419,0.6704
open,1003,17750,3,685,196,489,60,0.5255474452554745,230,0.368
open,1003,17750,5,685,196,489,6,0.9766423357664233,265,0.424
open,1003,17750,10,685,196,489,1,1.0,307,0.4912
open,1003,17750,20,685,196,489,1,1.0,360,0.576
open,1003,17750,30,685,196,489,1,1.0,419,0.6704
open,1003,18000,3,685,196,489,53,0.5664233576642336,230,0.368
open,1003,18000,5,685,196,489,8,0.9635036496350365,265,0.424
open,1003,18000,10,685,196,489,1,1.0,309,0.4944
open,1003,18000,20,685,196,489,1,1.0,361,0.5776
open,1003,18000,30,685,196,489,1,1.0,420,0.672
open,1003,18250,3,688,196,492,46,0.40406976744186046,232,0.3712
open,1003,18250,5,688,196,492,9,0.9244186046511628,266,0.4256
open,1003,18250,10,688,196,492,1,1.0,309,0.4944
open,1003,18250,20,688,196,492,1,1.0,361,0.5776
open,1003,18250,30,688,196,492,1,1.0,421,0.6736
open,1003,18500,3,690,196,494,56,0.5217391304347826,232,0.3712
open,1003,18500,5,690,196,494,8,0.9594202898550724,266,0.4256
open,1003,18500,10,690,196,494,1,1.0,305,0.488
open,1003,18500,20,690,196,494,1,1.0,358,0.5728
open,1003,18500,30,690,196,494,1,1.0,420,0.672
open,1003,18750,3,687,196,491,53,0.5065502183406113,230,0.368
open,1003,18750,5,687,196,491,11,0.9315866084425036,266,0.4256
open,1003,18750,10,687,196,491,1,1.0,305,0.488
open,1003,18750,20,687,196,491,1,1.0,358,0.5728
open,1003,18750,30,687,196,491,1,1.0,418,0.6688
open,1003,19000,3,687,198,489,57,0.5953420669577875,231,0.3696
open,1003,19000,5,687,198,489,10,0.9112081513828238,267,0.4272
open,1003,19000,10,687,198,489,1,1.0,306,0.4896
open,1003,19000,20,687,198,489,1,1.0,359,0.5744
open,1003,19000,30,687,198,489,1,1.0,418,0.6688
open,1003,19250,3,682,198,484,53,0.533724340175953,233,0.3728
open,1003,19250,5,682,198,484,10,0.9105571847507331,265,0.424
open,1003,19250,10,682,198,484,1,1.0,308,0.4928
open,1003,19250,20,682,198,484,1,1.0,358,0.5728
open,1003,19250,30,682,198,484,1,1.0,418,0.6688
open,1003,19500,3,681,198,483,59,0.42584434654919234,234,0.3744
open,1003,19500,5,681,198,483,6,0.9691629955947136,266,0.4256
open,1003,19500,10,681,198,483,1,1.0,310,0.496
open,1003,19500,20,681,198,483,1,1.0,359,0.5744
open,1003,19500,30,681,198,483,1,1.0,418,0.6688
open,1003,19750,3,686,198,488,50,0.4868804664723032,231,0.3696
open,1003,19750,5,686,198,488,8,0.9446064139941691,268,0.4288
open,1003,19750,10,686,198,488,1,1.0,312,0.4992
open,1003,19750,20,686,198,488,1,1.0,359,0.5744
open,1003,19750,30,686,198,488,1,1.0,421,0.6736
open,1003,20000,3,686,198,488,53,0.19096209912536444,227,0.3632
open,1003,20000,5,686,198,488,10,0.9460641399416909,266,0.4256
open,1003,20000,10,686,198,488,2,0.9854227405247813,310,0.496
open,1003,20000,20,686,198,488,1,1.0,358,0.5728
open,1003,20000,30,686,198,488,1,1.0,422,0.6752
