evaluation,source,fitness,final_x,final_y,latent_0,latent_1,cell_x,cell_y,inserted,replaced,latent_clipped,steps,food_collected,wall_collisions,hazard_contacts,path_length,displacement,loop_score,bbox_area,is_loop,is_near_still,assignment_geodesic_distance
1,bootstrap_random,1.296000000000001,-0.7366221521429015,-0.7745289859653901,0.10555806010961533,0.08549855649471283,7,5,False,False,False,162,0,0,0,0.0,0.0,0.0,0.0,False,True,0.21784416965332104
2,bootstrap_random,1.296000000000001,-0.7476952626386072,-0.7574704183468783,0.09035107493400574,0.059809282422065735,7,5,False,False,False,162,0,0,0,0.0,0.0,0.0,0.0,False,True,0.24582566322727256
3,bootstrap_random,1.296000000000001,-0.7414914397462251,-0.7512220741740686,0.09204865992069244,0.0457756370306015,7,5,False,False,False,162,0,0,0,0.0,0.0,0.0,0.0,False,True,0.2540851324165342
4,bootstrap_random,1.1180000000000012,-0.5901489265315415,-0.9749479568338406,0.157931387424469,0.24069587886333466,7,5,False,False,False,161,0,10,0,0.3020020127296448,0.27411705255508423,0.3769050545449546,0.03523670509457588,False,False,0.12400632858937412
5,bootstrap_random,1.4140000000000013,-0.08242976145125747,-0.9308820098146425,0.46966803073883057,0.8332453370094299,7,6,False,False,False,158,0,6,0,1.1141804456710815,0.6626868844032288,4.925035397902201,0.15332767367362976,True,False,0.2448958218058678
6,bootstrap_random,1.296000000000001,-0.7258702617356024,-0.7476926974529556,0.10333067178726196,0.04417255520820618,7,5,False,False,False,162,0,0,0,0.0,0.0,0.0,0.0,False,True,0.2506264037556421
7,bootstrap_random,9.556999999999936,-0.09650427414500747,-0.0965733248525049,-1.3010265827178955,0.05776289105415344,4,5,False,False,False,244,2,4,4,4.4141716957092285,0.9238111972808838,3.163156227281285,1.4722790718078613,True,False,0.1628362523617401
8,bootstrap_random,-2.7980000000000014,-0.9738366962589879,-0.9746263609199864,0.1493876576423645,0.13714732229709625,7,5,False,False,False,159,0,124,0,0.5331979990005493,0.3027653694152832,0.5126689523502703,0.06363722681999207,False,False,0.15248908235540226
9,bootstrap_random,1.378000000000001,-0.8307817950053722,-0.696888059859084,0.05516209080815315,0.016644731163978577,7,5,False,False,False,161,0,0,0,0.1395159661769867,0.10739871859550476,0.37031976560218216,0.00604445394128561,False,False,0.3007240315530401
10,bootstrap_random,1.5410000000000004,-0.8794298551879068,-0.3432806065271423,-0.3132057785987854,-0.07960083335638046,6,4,False,False,False,152,0,19,0,2.6867501735687256,0.43824464082717896,1.5676284388437716,0.28698331117630005,True,False,0.1835026105838204
11,bootstrap_random,5.661999999999996,0.3755457552429566,0.24916520878337575,-1.4210546016693115,-0.17650862038135529,4,4,False,False,False,189,1,13,0,4.6856818199157715,1.5042697191238403,4.042892788605932,2.959481954574585,True,False,0.17073465810588453
12,bootstrap_random,1.296000000000001,-0.7339880954469666,-0.7717368646519591,0.10606216639280319,0.0799688845872879,7,5,False,False,False,162,0,0,0,0.0,0.0,0.0,0.0,False,True,0.22081878269610347
13,bootstrap_random,1.296000000000001,-0.753423891819533,-0.7657131664011707,0.09423637390136719,0.07851862907409668,7,5,False,False,False,162,0,0,0,0.0,0.0,0.0,0.0,False,True,0.23111291727742314
14,bootstrap_random,1.296000000000001,-0.7489003427304773,-0.7674585396060266,0.09777387976646423,0.07885722815990448,7,5,False,False,False,162,0,0,0,0.0,0.0,0.0,0.0,False,True,0.22807650592933484
15,bootstrap_random,1.296000000000001,-0.7521191578933699,-0.746346174173539,0.08375927805900574,0.04971987009048462,7,5,False,False,False,162,0,0,0,0.0,0.0,0.0,0.0,False,True,0.2572495632615796
16,bootstrap_random,1.296000000000001,-0.7272168192386425,-0.7727692964467706,0.10790226608514786,0.0776478499174118,7,5,False,False,False,162,0,0,0,0.0,0.0,0.0,0.0,False,True,0.2208285435670389
17,bootstrap_random,1.296000000000001,-0.7386911932965072,-0.7531363237412941,0.09512917697429657,0.04782833158969879,7,5,False,False,False,162,0,0,0,0.0,0.0,0.0,0.0,False,True,0.2505647971751305
18,bootstrap_random,1.550000000000001,-0.49358998188983366,-0.7989684266508404,0.24119572341442108,0.2141442745923996,7,5,False,False,False,160,0,0,0,0.5551648139953613,0.23449255526065826,4.680599623525416,0.032277464866638184,False,False,0.03844656583920607
19,bootstrap_random,1.296000000000001,-0.7483319407608626,-0.7592633188511743,0.09117238968610764,0.06403662264347076,7,5,False,False,False,162,0,0,0,0.0,0.0,0.0,0.0,False,True,0.242395979024924
20,bootstrap_random,1.272000000000001,-0.7836066063889418,-0.7798145152714563,0.0435788631439209,0.0508788600564003,7,5,False,False,False,159,0,0,0,0.7072859406471252,0.05707379803061485,8.696812478977424,0.002496014116331935,False,False,0.28882028446301217
21,bootstrap_random,1.5340000000000011,-0.8576443201346916,-0.6488754048290482,-0.009935252368450165,-0.018457632511854172,6,4,False,False,False,158,0,0,0,1.109629511833191,0.16875599324703217,7.226348034536532,0.0360228531062603,True,False,0.3200599046452713
22,bootstrap_random,7.238999999999997,-0.6921042744487762,0.41830520520125936,-2.9877541065216064,-1.7926580905914307,1,1,False,False,False,188,1,8,0,7.4794464111328125,1.1859151124954224,7.8745766999814295,1.092028021812439,True,False,0.23952008483690984
23,bootstrap_random,-0.1749999999999996,-0.46852940845565627,-0.9749421985304272,0.25263190269470215,0.33848220109939575,7,5,False,False,False,160,0,48,0,0.4513497054576874,0.3261569142341614,4.453195912426938,0.054639946669340134,False,False,0.12486143186101843
24,bootstrap_random,1.296000000000001,-0.7447158674065701,-0.7696273907186042,0.10093501210212708,0.08040685951709747,7,5,False,False,False,162,0,0,0,0.0,0.0,0.0,0.0,False,True,0.22472152023267922
25,bootstrap_random,1.3170000000000008,-0.783202764147493,-0.7359438832135072,0.055100586265325546,0.03241386264562607,7,5,False,False,False,159,0,0,0,0.6412295699119568,0.057918060570955276,8.974918353886705,0.003031185595318675,False,False,0.2903665319913933
26,bootstrap_random,1.296000000000001,-0.7406099778991978,-0.7731713150564378,0.10415307432413101,0.08501572906970978,7,5,False,False,False,162,0,0,0,0.0,0.0,0.0,0.0,False,True,0.21925740144605418
27,bootstrap_random,1.6030000000000009,-0.9146445381886816,-0.5807758735943028,-0.06773205101490021,0.0185651034116745,6,5,False,False,False,156,0,4,0,1.4281134605407715,0.2502696216106415,7.551544572787473,0.11538062244653702,True,False,0.2593759321371131
28,bootstrap_random,6.9430000000000005,-0.6989751132176499,-0.5829017157121786,-0.3584479093551636,-0.21902410686016083,6,4,False,False,False,251,2,0,0,0.2293647974729538,0.19413787126541138,1.399846359702224,0.00801254715770483,False,False,0.12602742908644743
29,bootstrap_random,1.296000000000001,-0.7480962453467431,-0.7652641442803118,0.09638895094394684,0.07509517669677734,7,5,False,False,False,162,0,0,0,0.0,0.0,0.0,0.0,False,True,0.2316504088769693
30,bootstrap_random,2.441,-0.5361677816585368,-0.7262977830977845,0.17712363600730896,-0.2774771451950073,7,4,False,False,False,147,0,5,0,4.002735614776611,0.19361642003059387,2.9432259573906534,0.6476011872291565,True,False,0.10724688692153701
31,bootstrap_random,1.296000000000001,-0.7497860724183869,-0.7674462946333321,0.09748271107673645,0.07912738621234894,7,5,False,False,False,162,0,0,0,0.0,0.0,0.0,0.0,False,True,0.2281302317166033
32,bootstrap_random,1.277000000000001,-0.9167731291570343,-0.7186770963738703,0.01571454107761383,0.02828843891620636,6,5,False,False,False,159,0,5,0,0.6215463876724243,0.16927699744701385,2.7294343579620657,0.028381388634443283,False,False,0.313762189806209
33,bootstrap_random,0.1720000000000001,-0.9749998885831791,-0.8444445349433355,0.13404355943202972,0.09260030090808868,7,5,False,False,False,159,0,43,0,0.7525188326835632,0.23927989602088928,0.9259571344570396,0.08477707952260971,False,False,0.19116218749724187
34,bootstrap_random,1.296000000000001,-0.730014148708112,-0.7519644341010709,0.10119355469942093,0.0457911416888237,7,5,False,False,False,162,0,0,0,0.0,0.0,0.0,0.0,False,True,0.24958030101574202
35,bootstrap_random,1.296000000000001,-0.7378470510325418,-0.755875772464962,0.09727668017148972,0.05173984915018082,7,5,False,False,False,162,0,0,0,0.0,0.0,0.0,0.0,False,True,0.24615784796357407
36,bootstrap_random,-0.13700000000000007,-0.2752043045324669,-0.6288104280952472,0.57041335105896,0.40183234214782715,8,5,False,False,False,156,0,55,0,1.4925148487091064,0.49611109495162964,2.7703459768345895,0.18168993294239044,True,False,0.2906943647374642
37,bootstrap_random,3.7760000000000016,0.6189099181485958,-0.7907270389959102,0.613956868648529,1.5191166400909424,8,8,False,False,False,162,1,3,13,3.2804505825042725,1.3447084426879883,6.369363288683142,1.036032795906067,True,False,0.1991950774311421
38,bootstrap_random,-0.39799999999999974,-0.5864862487122459,-0.974635919659655,0.08924591541290283,0.16584531962871552,7,5,False,False,False,159,0,58,0,0.656931459903717,0.2756746709346771,0.9096948334981931,0.07873760908842087,False,False,0.19696159362135363
39,bootstrap_random,1.296000000000001,-0.7494446845778527,-0.7616394245493318,0.09247539192438126,0.0701245367527008,7,5,False,False,False,162,0,0,0,0.0,0.0,0.0,0.0,False,True,0.23759709085706243
40,bootstrap_random,1.296000000000001,-0.7455976024072912,-0.7503158216555503,0.08890140056610107,0.04711674153804779,7,5,False,False,False,162,0,0,0,0.0,0.0,0.0,0.0,False,True,0.2552610307812021
41,bootstrap_random,-3.6120000000000054,-0.4853826948181909,-0.9711103678670435,0.29916179180145264,0.32230478525161743,7,5,False,False,False,156,0,144,0,0.4017411172389984,0.31790095567703247,0.6572215960701,0.058577414602041245,False,False,0.10754464251427898
42,bootstrap_random,1.3070000000000008,-0.6210247487092381,-0.21334020015520777,-0.31904345750808716,-0.32082557678222656,6,4,False,False,False,159,0,8,0,0.764847993850708,0.5542048215866089,4.535885521722706,0.12181255221366882,False,False,0.11248917292994504
43,bootstrap_random,1.6380000000000015,0.2756459928311424,-0.7007106527646643,0.412090003490448,1.2271311283111572,7,7,False,False,False,156,0,12,0,1.5144031047821045,1.0043745040893555,0.9075493951889014,0.2717289328575134,False,False,0.15796884906282677
44,bootstrap_random,-1.5739999999999985,-0.5606635555523105,-0.2389062017368412,-0.3543466329574585,-0.3262190818786621,6,4,False,False,False,157,0,95,0,1.0497781038284302,0.5454291701316833,1.095978680845453,0.24451223015785217,True,False,0.14371196360696203
45,bootstrap_random,-1.4839999999999989,-0.974964047294162,0.030221649571742424,-0.956203043460846,-0.7909870147705078,5,3,False,False,False,152,0,108,0,2.4804840087890625,0.8321980237960815,0.7548008659745149,0.975267231464386,False,False,0.22213754896000912
46,bootstrap_random,-1.661999999999997,-0.5709855428936074,-0.9744557805373055,-0.19386698305606842,0.06214959919452667,6,5,False,False,False,151,0,109,0,2.524548292160034,0.26027268171310425,0.9227005761517684,0.5222359895706177,False,False,0.15986898759274418
47,bootstrap_random,-1.815999999999998,-0.275523062603809,-0.5450184873236139,0.13279668986797333,0.3495609760284424,7,5,False,False,False,158,0,97,0,0.553760826587677,0.5201331377029419,0.41686314106384936,0.11139712482690811,False,False,0.1980668039156967
48,bootstrap_random,1.296000000000001,-0.7286386583153516,-0.7675311025837855,0.10671862959861755,0.06965801864862442,7,5,False,False,False,162,0,0,0,0.0,0.0,0.0,0.0,False,True,0.2268413145279559
49,bootstrap_random,1.325000000000001,-0.6873807712901575,-0.7641868358642444,0.08065008372068405,0.06503573060035706,7,5,False,False,False,160,0,0,0,0.5311091542243958,0.06191910430788994,8.821534161733563,0.002322645392268896,False,False,0.2500823730062317
50,bootstrap_random,5.034,-0.5458686537564326,-0.688616958406554,-0.27077746391296387,0.625371515750885,6,6,False,False,False,188,1,5,0,5.004472255706787,0.1888258308172226,5.095763109959803,0.4353245496749878,True,False,0.06419213827832598
51,bootstrap_random,1.4570000000000007,-0.6954097403031282,-0.7577029338168881,-0.0993129163980484,0.00897146761417389,6,5,False,False,False,154,0,0,0,2.0018515586853027,0.03142962604761124,7.448164650893939,0.02166414074599743,True,False,0.2481559388601355
52,bootstrap_random,-0.718,-0.9714269453928871,-0.9749056672711407,0.06983420252799988,0.16260910034179688,7,5,False,False,False,159,0,62,0,0.494541734457016,0.31445765495300293,7.042683337062999,0.05543428659439087,False,False,0.21656014547232402
53,bootstrap_random,6.809999999999999,-0.311070332194881,0.005372651323236541,-1.9051060676574707,0.30835241079330444,3,5,False,False,False,190,1,4,0,7.178058624267578,0.8726566433906555,4.283858523320387,1.1577744483947754,True,False,0.1553011330624764
54,bootstrap_random,1.5270000000000012,-0.27517353066868705,-0.4041847373208363,0.10646442323923111,0.25822240114212036,7,5,False,False,False,159,0,3,0,0.6305681467056274,0.5900163650512695,0.2583774237013814,0.16648860275745392,False,False,0.17804487111478756
55,bootstrap_random,1.296000000000001,-0.72809148815833,-0.7700552862426665,0.10724057257175446,0.07368047535419464,7,5,False,False,False,162,0,0,0,0.0,0.0,0.0,0.0,False,True,0.22397011190007282
56,bootstrap_random,9.752999999999963,0.46330164875212465,-0.8982810590708803,0.6995694041252136,1.7634809017181396,8,8,False,False,False,241,2,9,2,4.8593034744262695,1.2094507217407227,4.674101229767084,1.5499359369277954,True,False,0.18602265133256127
57,bootstrap_random,5.3259999999999925,-0.8897818437228235,-0.23112094798142885,0.053543489426374435,-0.42791247367858887,7,4,False,False,False,232,2,56,0,5.037703514099121,0.5493986010551453,6.192288357720838,0.15031588077545166,True,False,0.2902998132104523
58,bootstrap_random,1.353000000000001,-0.6090878286653173,-0.9749376803659157,0.13677653670310974,0.17526797950267792,7,5,False,False,False,161,0,2,0,0.2544719874858856,0.2523100674152374,0.3894938520951958,0.028568167239427567,False,False,0.14864044419211495
59,bootstrap_random,1.296000000000001,-0.7434495201478379,-0.7700454055441239,0.10189072787761688,0.08109109103679657,7,5,False,False,False,162,0,0,0,0.0,0.0,0.0,0.0,False,True,0.22357784887896487
60,bootstrap_random,1.296000000000001,-0.7459604139586022,-0.7457793503651017,0.08785323053598404,0.042986661195755005,7,5,False,False,False,162,0,0,0,0.0,0.0,0.0,0.0,False,True,0.2589495252885893
61,bootstrap_random,1.296000000000001,-0.7388202559879229,-0.7535604594792594,0.09516189992427826,0.04832668602466583,7,5,False,False,False,162,0,0,0,0.0,0.0,0.0,0.0,False,True,0.25014767821522504
62,bootstrap_random,5.403999999999997,-0.8727229749583447,-0.5336553561936557,0.9726342558860779,0.6066840887069702,8,6,False,False,False,183,1,10,0,6.277121067047119,0.2590796947479248,5.562323921680518,0.612939178943634,True,False,0.19227744489551732
63,bootstrap_random,5.103999999999998,-0.7456107354452957,-0.7739157888481978,0.7928830981254578,0.7172772288322449,8,6,False,False,False,183,1,7,0,6.209062099456787,0.03225361183285713,7.0478342103890785,0.32982996106147766,True,False,0.038449319986827234
64,bootstrap_random,-1.3629999999999998,-0.9722211094285265,0.9749903671493129,-1.538012146949768,-1.1938152313232422,3,2,False,False,False,149,0,109,0,2.68768310546875,1.7549285888671875,0.8055349040014433,1.2172991037368774,False,False,0.24296087893510251
65,bootstrap_random,1.296000000000001,-0.7430332830033358,-0.7523812881079851,0.09110012650489807,0.04743029177188873,7,5,False,False,False,162,0,0,0,0.0,0.0,0.0,0.0,False,True,0.25349059591860956
66,bootstrap_random,-0.40199999999999875,-0.5068535286757871,-0.07744723951628525,-0.6575445532798767,-0.47594159841537476,5,4,False,False,False,151,0,82,0,2.581094741821289,0.7260996103286743,1.1165808081119348,0.8146100640296936,True,False,0.24812657950309858
67,bootstrap_random,-0.9450000000000006,-0.41752740299090635,-0.9749978757832705,0.21388283371925354,0.3224067687988281,7,5,False,False,False,160,0,70,0,0.4435660243034363,0.3905273973941803,0.48367923894652676,0.07025722414255142,False,False,0.12457030970307997
68,bootstrap_random,-3.3130000000000046,-0.27976783353564627,-0.01915380163721889,-0.5099312663078308,-0.198544442653656,5,4,False,False,False,154,0,144,0,1.0839983224868774,0.8671267628669739,0.22219831009552543,0.33489102125167847,False,False,0.24479558334873508
69,bootstrap_random,1.296000000000001,-0.7334015365169562,-0.7712792841053558,0.10591855645179749,0.07850828766822815,7,5,False,False,False,162,0,0,0,0.008982567116618156,0.007933743298053741,2.767292123365686,2.9920347515144385e-05,False,True,0.22183762756434977
70,bootstrap_random,4.814000000000001,-0.7053632996051222,-0.9559461459953591,-0.013852745294570923,0.04558417201042175,6,5,False,False,False,198,1,2,0,2.325639486312866,0.2030647248029709,6.76585546643842,0.15406829118728638,True,False,0.27975841542342894
71,bootstrap_random,1.296000000000001,-0.754285185489384,-0.7680854561731041,0.09649372100830078,0.08290405571460724,7,5,False,False,False,162,0,0,0,0.0,0.0,0.0,0.0,False,True,0.2268147392551085
72,bootstrap_random,1.296000000000001,-0.7272910132259925,-0.7632276194985517,0.1069728210568428,0.0637054443359375,7,5,False,False,False,162,0,0,0,0.0,0.0,0.0,0.0,False,True,0.23075685396260065
73,bootstrap_random,0.7700000000000005,-0.4754847974617528,-0.9749440414044427,0.2596406042575836,0.3960012197494507,7,5,False,False,False,160,0,21,0,0.3590911030769348,0.34420812129974365,0.7525211006115462,0.05696902051568031,False,False,0.18054369682943477
74,bootstrap_random,1.296000000000001,-0.7271524366408391,-0.7460240369694935,0.10132744908332825,0.04240646958351135,7,5,False,False,False,162,0,0,0,0.0,0.0,0.0,0.0,False,True,0.252791294055869
75,bootstrap_random,1.296000000000001,-0.7476742887621953,-0.7716338365738838,0.10173000395298004,0.08516901731491089,7,5,False,False,False,162,0,0,0,0.0,0.0,0.0,0.0,False,True,0.221109591568362
76,bootstrap_random,1.296000000000001,-0.7313127543120063,-0.7632898163219943,0.10524480044841766,0.06457697600126266,7,5,False,False,False,162,0,0,0,0.0,0.0,0.0,0.0,False,True,0.23134520950691295
77,bootstrap_random,1.613000000000001,-0.413108310536465,-0.8111480459668536,-0.06678052246570587,-0.12388916313648224,6,4,False,False,False,151,0,0,0,2.75036883354187,0.3207547664642334,8.00442800658623,0.0487537756562233,True,False,0.2079435888814339
78,bootstrap_random,1.296000000000001,-0.7588265687665263,-0.7613856075878642,0.08649054169654846,0.06082896888256073,7,5,False,False,False,162,0,0,0,0.013171013444662094,0.011150005273520947,6.401822169002822,5.231300383456983e-05,False,True,0.24805604254431948
79,bootstrap_random,1.4680000000000009,-0.9184444381422885,-0.9324653781750115,0.10675609111785889,0.12273937463760376,7,5,False,False,False,161,0,0,0,0.26119688153266907,0.254427433013916,0.39270992255688714,0.032343700528144836,False,False,0.1966361055533627
80,bootstrap_random,1.296000000000001,-0.7267201391023581,-0.7487436950665557,0.1030285581946373,0.044529274106025696,7,5,False,False,False,162,0,0,0,0.0,0.0,0.0,0.0,False,True,0.2503344614316641
81,mutated_elite,9.34699999999997,-0.6310615241405679,0.97297094256033,-0.9861988425254822,-0.34077972173690796,5,4,True,True,False,229,2,18,0,8.446356773376465,1.7169420719146729,8.181773716603628,1.6181082725524902,True,False,0.6034888942563363
82,mutated_elite,18.019999999999964,-0.6101219378153127,-0.8025137148446715,-1.4796702861785889,0.1054271012544632,4,5,True,True,False,280,4,7,0,8.367865562438965,0.13617929816246033,4.281122501320861,3.6902713775634766,True,False,0.34772932881451446
83,mutated_elite,-2.036999999999996,-0.3418130268420316,0.9658334720560486,-1.067847728729248,-0.43490225076675415,5,3,False,False,False,151,0,121,0,2.1417222023010254,1.7753194570541382,0.5287083235237067,0.8305588960647583,False,False,0.5953143098981596
84,mutated_elite,-3.448000000000005,-0.27888013767619213,-0.47753605009399275,-0.18521229922771454,0.08965396881103516,6,5,False,False,False,154,0,144,0,0.5915835499763489,0.5231836438179016,0.20327069856781071,0.12320850789546967,False,False,0.18870288951687308
85,mutated_elite,-1.9420000000000004,-0.28130586651503536,0.9682990062290162,-0.5074312090873718,-0.17383699119091034,5,4,False,False,False,151,0,117,0,2.082754611968994,1.7933441400527954,0.8117364880948427,0.8133074045181274,False,False,0.26962919854849005
86,mutated_elite,1.0970000000000009,-0.3347949236365442,-0.9689062130214154,0.3214706480503082,0.4642731547355652,7,5,False,False,False,159,0,14,0,0.7879161834716797,0.450802206993103,4.59411242905112,0.10439891368150711,False,False,0.25125512578207265
87,mutated_elite,1.796000000000001,-0.3616477176990161,-0.7479936033403818,0.339846670627594,0.5443573594093323,7,5,True,True,False,157,0,0,0,1.1868911981582642,0.3725830316543579,5.926702674906136,0.10764797031879425,True,False,0.33329362934515105
88,mutated_elite,-0.5289999999999995,0.03479473536704557,0.7505192339063822,-0.7372329235076904,-0.13969968259334564,5,4,False,False,False,152,0,82,0,2.502812147140503,1.68815016746521,0.843296591410739,1.3484679460525513,False,False,0.4795907050023972
89,mutated_elite,1.1570000000000007,-0.27588568278177417,-0.9647087431126419,0.413139283657074,0.6229098439216614,7,5,False,False,False,159,0,11,0,0.8331977725028992,0.494325190782547,4.342533794622317,0.10964679718017578,False,False,0.42903223161799353
90,mutated_elite,1.5200000000000016,0.2076134474229884,-0.770806868325064,-0.5944259762763977,-0.3729560971260071,5,4,False,False,False,145,0,54,0,4.358168125152588,0.9345517754554749,1.2475209227614243,1.8307831287384033,True,False,0.36891552038249553
91,mutated_elite,0.555000000000001,0.3404631932232043,-0.9735015109015818,0.42967700958251953,1.2272124290466309,7,7,False,False,False,155,0,44,0,1.8223801851272583,1.0908775329589844,1.3700814577731792,0.521065354347229,True,False,0.17555604307131345
92,mutated_elite,-1.7269999999999985,-0.4391912162174871,0.9674294885980517,-1.1997902393341064,-0.7582822442054749,5,3,False,False,False,151,0,116,0,2.1997079849243164,1.7536793947219849,1.0007646295596226,0.7975801825523376,True,False,0.46791046042730167
93,mutated_elite,-2.524,0.9712443012605378,-0.9749609627135352,0.8838738799095154,1.842368245124817,8,8,False,False,False,152,0,130,0,1.748887300491333,1.7250831127166748,0.19614665948150586,0.422054648399353,False,False,0.38650046243366365
94,mutated_elite,2.152000000000001,-0.6604578364429672,0.02321353347665457,0.014129489660263062,-0.08166323602199554,6,4,False,False,False,144,0,19,0,4.6177191734313965,0.7740747332572937,6.085665765573345,0.9082715511322021,True,False,0.2992094586406291
95,mutated_elite,9.574999999999966,-0.6975175794326592,-0.5771799730908438,-0.3741166591644287,-0.026041045784950256,6,4,True,True,False,280,3,0,0,0.21132490038871765,0.18219229578971863,0.7088710312277918,0.010692749172449112,False,False,0.26461232773274646
96,mutated_elite,5.516999999999997,-0.8525160548315198,-0.6659262335188346,-0.42961686849594116,-0.3790038824081421,6,4,False,False,False,179,1,11,0,7.1758713722229,0.15214644372463226,7.602095258180682,0.5633845329284668,True,False,0.23564587206818025
97,mutated_elite,-2.7960000000000016,-0.2489211141403775,-0.9719988288462618,0.4795045852661133,0.5980779528617859,8,6,False,False,False,158,0,125,0,0.5614586472511292,0.5224671363830566,0.3246215501593133,0.10682784020900726,False,False,0.37373212556119
98,mutated_elite,5.325999999999999,-0.9049242943712418,0.9641024392238985,-0.3385029435157776,-0.19835858047008514,6,4,False,False,False,192,1,13,0,4.080972671508789,1.7462958097457886,3.7595795774734335,1.0757808685302734,True,False,0.15474790337419533
99,mutated_elite,1.6820000000000008,-0.7164751862077503,-0.8996844844158425,0.08897095918655396,0.12769374251365662,7,5,False,False,False,154,0,0,0,1.9477297067642212,0.1342160999774933,6.451735977201422,0.0687127336859703,True,False,0.2150984098208475
100,mutated_elite,1.497000000000001,-0.5610338719559251,-0.8254710874005031,0.2437850385904312,0.15991421043872833,7,5,False,False,False,159,0,0,0,0.6218628883361816,0.18122498691082,2.101533246179015,0.024190470576286316,False,False,0.06700069745545165
101,mutated_elite,4.732,-0.7306676741672619,-0.8540339793467951,0.27797311544418335,0.11682218313217163,7,5,True,True,False,184,1,5,0,5.85944128036499,0.09499263763427734,8.615815542339968,0.23716264963150024,True,False,0.12200749172986006
102,mutated_elite,-3.540000000000005,-0.27529812183971925,-0.6040225371518454,-0.018979281187057495,0.16445477306842804,7,5,False,False,False,155,0,143,0,0.5095382928848267,0.46993356943130493,0.2868767105499704,0.06440266966819763,False,False,0.3051957231685366
103,mutated_elite,1.296000000000001,-0.7212057462635934,-0.765501806383049,0.1094527393579483,0.06770038604736328,7,5,False,False,False,162,0,0,0,0.005021620076149702,0.005021620076149702,0.006320531363476324,5.199671704758657e-06,False,True,0.23020400416239856
104,mutated_elite,8.635999999999987,-0.023167502749517656,-0.08601057524430686,-1.0353889465332031,0.02473531663417816,4,5,False,False,False,227,2,19,4,5.6631178855896,0.9799063801765442,7.107775343417184,2.300532817840576,True,False,0.43051922610093407
105,mutated_elite,8.850999999999965,-0.010481847344474764,0.9600151360474365,-0.7716431617736816,-0.25111639499664307,5,4,False,False,False,247,2,8,0,3.796900510787964,1.864514708518982,9.236233498868351,1.6576179265975952,True,False,0.22342933206987986
106,mutated_elite,5.273999999999999,-0.5258810044110561,-0.5671825538761734,0.006851769983768463,-0.15762707591056824,6,4,False,False,False,173,1,14,0,8.565451622009277,0.2723372280597687,5.706323130350099,0.6404270529747009,True,False,0.2889371765888367
107,mutated_elite,11.253999999999978,-0.39271125147591024,0.4824009497329484,-0.2731344699859619,0.5697228312492371,6,6,True,True,False,243,2,11,3,6.536923408508301,1.29799222946167,4.625081417439847,3.6395299434661865,True,False,0.1198907160374762
108,mutated_elite,-1.9129999999999976,-0.11522123264123811,-0.9746931240324752,0.4320836067199707,0.6408377885818481,7,6,False,False,False,159,0,100,0,0.6928192973136902,0.648785412311554,0.30114877027566594,0.1396152675151825,False,False,0.1708996499983775
109,mutated_elite,-0.8309999999999998,-0.9748605339738136,0.1382908950054651,-1.3795315027236938,-0.9879604578018188,4,3,True,False,False,148,0,100,0,3.0814101696014404,0.9284079074859619,1.216704475264161,1.2087411880493164,True,False,0.3739597281578139
110,mutated_elite,13.975000000000007,-0.30402196422079597,-0.7882765000396778,-1.4769848585128784,0.7570067048072815,3,5,True,True,False,265,3,57,3,12.526906967163086,0.4220260679721832,3.531790643705767,3.3801538944244385,True,False,0.7754450238302626
111,mutated_elite,7.488,-0.36132649982624865,-0.5966991904264276,0.15859514474868774,0.12529902160167694,7,5,True,True,False,246,2,0,0,1.6756254434585571,0.41198015213012695,2.1212192174048257,0.16375954449176788,True,False,0.16749441634642634
112,mutated_elite,6.988000000000001,-0.6998339814748067,-0.5260260837059064,-0.1922704130411148,-0.02612215280532837,6,5,True,True,False,251,2,0,0,0.37924185395240784,0.22431038320064545,0.45584591451476164,0.011230804026126862,False,False,0.24815517698234554
113,mutated_elite,7.099000000000002,-0.5824454231146686,-0.6628727522202229,-0.27698105573654175,-0.07579340040683746,6,4,False,False,False,248,2,0,0,1.025893211364746,0.17004665732383728,1.4864575600554508,0.04786204919219017,True,False,0.2199268757392305
114,mutated_elite,3.9679999999999986,-0.9668252924894711,-0.4402671408334182,0.5060855746269226,0.08675144612789154,7,5,False,False,False,191,1,13,0,3.8837616443634033,0.39499905705451965,5.307715111771934,0.0923783928155899,True,False,0.3323777925225389
115,mutated_elite,10.25699999999997,-0.9692482677318297,0.7171225726663056,-1.165561556816101,-0.24728922545909882,4,4,True,True,False,219,2,18,0,11.034430503845215,1.4880051612854004,4.6364817620745065,1.1604138612747192,True,False,0.43585084022899845
116,mutated_elite,4.220000000000001,-0.5868302187680569,-0.5437744995932505,0.3373173475265503,0.32661688327789307,7,5,False,False,False,205,1,0,0,0.4130956530570984,0.25324270129203796,1.6317249071809314,0.03766981139779091,False,False,0.14594308808280743
117,mutated_elite,0.7520000000000004,-0.9702948481542267,-0.9146232540098927,0.08535101264715195,0.09084272384643555,7,5,False,False,False,159,0,20,0,0.7852415442466736,0.2815926969051361,7.086266622374869,0.06008521839976311,False,False,0.23874596124718847
118,mutated_elite,7.652,-0.33102929216965693,-0.5265568457198818,0.07725179195404053,0.06699806451797485,7,5,True,True,False,244,2,0,0,2.040280818939209,0.46024537086486816,2.5152332507472406,0.29956668615341187,True,False,0.251636061081851
119,mutated_elite,-2.416,0.12153154534310516,-0.9738373856836376,0.547480583190918,0.8398443460464478,8,6,False,False,False,158,0,118,0,0.9352670311927795,0.8958250880241394,0.24561259699803073,0.18361040949821472,False,False,0.31275770950198073
120,mutated_elite,5.744999999999996,-0.20847031496976187,-0.9507104127923688,-0.21175508201122284,0.7269616723060608,6,6,False,False,False,180,1,15,0,6.802713871002197,0.5622212886810303,7.724581495912466,0.7661065459251404,True,False,0.1816834208241391
121,mutated_elite,10.20799999999999,0.196578390498129,0.9730803084565838,0.10564091056585312,1.5310637950897217,7,7,True,True,False,246,2,8,0,5.017632484436035,1.9605895280838013,4.632223973927902,3.3067381381988525,True,False,0.5895775983826672
122,mutated_elite,0.17999999999999092,-0.9749668412522365,-0.14991216672181912,-0.9797229170799255,-0.4465181827545166,5,4,False,False,False,205,1,166,0,2.847519874572754,0.6665313839912415,0.7664136294923614,0.8985016345977783,False,False,0.3604150451847376
123,mutated_elite,15.039999999999978,-0.4585196543064023,-0.7501214265496776,-0.026677504181861877,0.33454811573028564,7,5,True,True,False,280,3,15,3,7.650993347167969,0.29066771268844604,6.801419806100731,3.6377878189086914,True,False,0.33110216443608614
124,mutated_elite,3.5979999999999963,0.9730492151988439,-0.7295652897529636,-0.45791399478912354,0.7805435657501221,6,6,False,False,False,136,0,17,0,6.816093921661377,1.714632511138916,2.3173071182867218,2.8480377197265625,True,False,0.307293858324338
125,mutated_elite,1.5050000000000008,-0.68902751368344,-0.6589930539699976,0.15322786569595337,0.0596136674284935,7,5,False,False,False,160,0,0,0,0.5892453789710999,0.12667807936668396,1.1653127659111508,0.03506923094391823,False,False,0.22932179434984412
126,mutated_elite,2.233,-0.9568986885594013,-0.03411236599884249,-0.39867615699768066,-0.18134967982769012,6,4,False,False,False,151,0,8,0,2.865466833114624,0.7557488679885864,5.590640368159574,0.6596962213516235,True,False,0.17610419435731062
127,mutated_elite,1.6090000000000002,0.6146212189276344,-0.7960745711089091,0.4255101680755615,0.8046212792396545,7,6,True,True,False,143,0,9,3,2.7255828380584717,1.3543356657028198,6.32703918669026,0.3004404306411743,True,False,0.2975195191122674
128,mutated_elite,5.570999999999998,-0.6027660929446963,-0.6545114878527631,-1.2763718366622925,-0.27153751254081726,4,4,False,False,False,182,1,14,0,6.475132942199707,0.1794157326221466,7.546465947684616,0.5288706421852112,True,False,0.34383460852508874
129,mutated_elite,4.851999999999999,0.2142004897667118,-0.9222371394899983,0.06417736411094666,0.30318522453308105,7,5,False,False,False,199,1,5,0,2.075897455215454,0.9756535887718201,1.8475851432361436,0.5353918075561523,True,False,0.23659749391382529
130,mutated_elite,10.180999999999978,0.24650908917814443,0.9301346668582199,-0.12266384065151215,0.7637922167778015,6,6,False,False,False,242,2,5,1,5.250059127807617,1.9434514045715332,3.1121426068443307,3.4076333045959473,True,False,0.2669183967364208
131,mutated_elite,6.330999999999998,0.48475591865788004,-0.7863841393566373,0.08573638647794724,1.0673823356628418,7,7,False,False,False,197,1,23,2,4.8581976890563965,1.212609052658081,6.598185554181241,1.7619683742523193,True,False,0.5213231666231615
132,mutated_elite,1.296000000000001,-0.7290787506284431,-0.7118426446868975,0.10613033175468445,0.04884553700685501,7,5,False,False,False,162,0,0,0,0.044753704220056534,0.04472178965806961,0.03771556465965033,7.089567952789366e-05,False,True,0.245640624790357
133,mutated_elite,4.449999999999989,-0.3157383672581501,-0.876143656891778,-0.42440396547317505,0.3813602924346924,6,6,False,False,False,190,1,74,0,6.792510032653809,0.4170146584510803,2.278938910079129,1.9819263219833374,True,False,0.35253668753475703
134,mutated_elite,5.06,-0.10353546870444429,-0.8516052136184953,0.5491870641708374,0.9376921057701111,8,6,False,False,False,195,1,2,0,3.1494486331939697,0.6433151364326477,5.5299421466074685,0.5109307765960693,True,False,0.367037930472258
135,mutated_elite,1.214999999999988,-0.9220195402152631,-0.9687104855348843,-0.5843096375465393,-0.12170194089412689,5,4,False,False,False,200,1,152,0,3.9449703693389893,0.2973945140838623,1.1426794162764982,1.2694487571716309,True,False,0.2607986812630534
136,mutated_elite,6.0559999999999965,-0.46915988331625585,0.8664874820894143,-0.3990461230278015,-0.15543405711650848,6,4,False,False,False,187,1,9,0,5.381894111633301,1.6474591493606567,5.412527248443429,1.3877860307693481,True,False,0.18778909802533028
137,mutated_elite,-1.6149999999999982,-0.9678094699833366,0.97320472688633,-1.6057907342910767,-1.2234529256820679,3,2,False,False,False,150,0,110,0,2.172330856323242,1.740438461303711,7.213005184101921,1.1940470933914185,True,False,0.31693607632510995
138,mutated_elite,4.923000000000001,0.6155395443626803,-0.6822133959040733,-0.48917484283447266,0.598656177520752,6,6,False,False,False,176,1,4,5,4.650234699249268,1.3644754886627197,6.571412426890644,0.7728383541107178,True,False,0.28421741959057767
139,mutated_elite,-1.6049999999999986,-0.9736830305131959,0.9718005245788172,-1.5141994953155518,-1.152862787246704,3,2,False,False,False,150,0,111,0,2.4949796199798584,1.7435686588287354,0.8109173966313765,1.2076472043991089,False,False,0.2903332870826152
140,mutated_elite,4.138000000000001,-0.7185424144735617,-0.5290478589020918,-0.07005155086517334,0.012850694358348846,6,5,False,False,False,206,1,0,0,0.242937371134758,0.24267935752868652,0.03673934089977856,0.007600740529596806,False,False,0.26554314790957856
141,mutated_elite,7.7829999999999995,-0.4596820140798341,-0.47681728039597704,-0.26969969272613525,0.13681240379810333,6,5,True,True,False,241,2,2,0,2.9596714973449707,0.38627588748931885,3.70244823248789,0.3315598964691162,True,False,0.23318506604552397
142,mutated_elite,5.27,0.8692189893758372,-0.23730093969549496,0.2776840925216675,0.8567180037498474,7,6,True,True,False,190,1,2,2,3.24021053314209,1.6768887042999268,2.2681704338336868,1.255054235458374,True,False,0.4150288190152045
143,mutated_elite,1.8520000000000019,-0.8226590346904044,0.14601828437017556,-1.5241793394088745,-0.6395906805992126,4,3,True,True,False,139,0,38,0,5.75714635848999,0.8947107791900635,1.831241866590137,1.1234335899353027,True,False,0.4277324069239925
144,mutated_elite,1.622000000000001,-0.42057397292436205,-0.9158447077445337,0.11328883469104767,0.22641174495220184,7,5,False,False,False,154,0,3,0,1.9300612211227417,0.3622157871723175,6.224552957104126,0.08673649281263351,True,False,0.16694039063994137
145,mutated_elite,10.142999999999951,-0.5858579524966323,-0.37345349794545696,-0.45072799921035767,-0.048031628131866455,6,4,True,True,False,231,2,6,0,7.688233852386475,0.4198182225227356,11.103870711469819,1.0772030353546143,True,False,0.3011703122537606
146,mutated_elite,5.110999999999991,-0.5966691610659908,-0.973878693333575,-0.2889786958694458,0.7077339291572571,6,6,False,False,False,187,1,57,0,7.567503452301025,0.26298850774765015,3.3483508871289,2.1799874305725098,True,False,0.14854172029777524
147,mutated_elite,7.610999999999999,-0.2359561511500411,-0.7433375646039854,0.3648928999900818,0.342917799949646,7,5,False,False,False,242,2,2,0,2.6613738536834717,0.493813693523407,5.073012508744398,0.29275959730148315,True,False,0.17643205035233317
148,mutated_elite,3.3019999999999983,-0.5497709257860972,-0.005201432362617369,-1.8344920873641968,-0.9045305848121643,3,2,True,True,False,134,0,7,0,7.271424770355225,0.7696431279182434,2.9781531162943935,1.1125187873840332,True,False,0.6571902378356789
149,mutated_elite,2.6929999999999983,0.5143788039195419,0.9059724608124556,-0.8585348725318909,-0.47144752740859985,5,4,False,False,False,136,0,3,3,4.24675178527832,2.079268455505371,2.396126742398761,2.403308153152466,True,False,0.4371589604532235
150,mutated_elite,-0.8919999999999998,-0.9747313898822979,0.8734534899181536,-1.2385869026184082,-1.0297001600265503,4,2,True,False,False,151,0,96,0,2.3949766159057617,1.6458659172058105,1.20294308601541,1.2107099294662476,True,False,0.1430897615276155
151,mutated_elite,0.43700000000000017,-0.9061859669249545,-0.9718208588975943,-1.0559056997299194,-0.6606828570365906,4,3,False,False,False,144,0,77,0,4.347439289093018,0.2922925651073456,1.0033918238783728,1.3618810176849365,True,False,0.25617412847643106
152,mutated_elite,7.872999999999997,-0.9083009037561448,0.246135389365517,-0.011754795908927917,0.40669912099838257,6,5,True,True,False,221,2,18,0,7.920304775238037,1.011926531791687,6.780488463716255,0.733673095703125,True,False,0.3133399828210518
153,mutated_elite,3.6449999999999982,0.9686598345896892,-0.3013742126294579,-1.0090727806091309,-0.5657618641853333,4,3,True,True,False,175,1,73,3,6.0858612060546875,1.748669981956482,1.1937283260241642,3.7542574405670166,True,False,0.3533040340063279
154,mutated_elite,-0.7850000000000006,-0.9746570516785532,-0.34645203600585606,0.15706048905849457,0.024772219359874725,7,5,False,False,False,155,0,81,0,1.6199584007263184,0.4706043303012848,1.7706555083584377,0.39164695143699646,True,False,0.23653036405070033
155,mutated_elite,4.738,-0.39341117417828686,-0.9202301046718435,0.07626444101333618,0.05649455636739731,7,5,False,False,False,201,1,1,0,1.544266700744629,0.3870539963245392,1.132697929605423,0.21976341307163239,True,False,0.25887903054458883
156,mutated_elite,2.201999999999994,-0.03852717659266557,-0.7258243781677354,-0.2773362994194031,0.31402039527893066,6,5,False,False,False,139,0,37,0,5.825317859649658,0.7020389437675476,2.9183009275074796,1.5804857015609741,True,False,0.26422967623213844
157,mutated_elite,-1.2380000000000002,-0.7665785609020481,-0.9718408650434206,-0.14842216670513153,-0.029176972806453705,6,5,False,False,False,154,0,95,0,1.719008445739746,0.22756065428256989,0.9278663241120397,0.30565327405929565,False,False,0.2608232085794102
158,mutated_elite,4.994,0.279849405368588,-0.854303041383684,0.4550630450248718,0.9575043320655823,7,6,False,False,False,198,1,2,0,2.4358952045440674,1.029293179512024,5.584560589106374,0.4758729934692383,True,False,0.34836804382195485
159,mutated_elite,0.27199999999999935,-0.8756880060369893,-0.5523742912278903,0.05651275813579559,-0.16901683807373047,7,4,False,False,False,144,0,74,0,4.3228349685668945,0.2614283263683319,2.003058310801439,1.1973127126693726,True,False,0.26945238029885393
160,mutated_elite,2.183,0.46073950530937235,-0.7778710879558747,-0.13487684726715088,-0.07052921503782272,6,4,False,False,False,146,0,8,1,3.5057010650634766,1.1815119981765747,4.458001937090922,0.6097081899642944,True,False,0.29445597824015834
161,mutated_elite,0.9839999999999912,-0.9722581617010533,0.9749934703626023,0.5132198333740234,1.5187593698501587,7,7,False,False,False,203,1,156,0,3.6897635459899902,1.7459025382995605,0.989975510964689,2.33963942527771,False,False,0.4110386088406853
162,mutated_elite,1.296000000000001,-0.7418214188896832,-0.7685914091677168,0.3112839460372925,-0.7472981214523315,6,2,False,False,False,162,0,0,0,0.0,0.0,0.0,0.0,False,True,0.11518660867266209
163,mutated_elite,-2.854000000000002,0.48379125477518964,-0.9693984009255189,-2.304295301437378,0.11063295602798462,1,4,False,False,False,152,0,133,0,1.2475146055221558,1.2299734354019165,0.15425435825340197,0.28716880083084106,False,False,0.6603928961525124
164,mutated_elite,-2.323999999999999,0.33910387554470023,-0.9735712573567621,-1.1745975017547607,-0.22225439548492432,3,3,False,False,False,157,0,119,0,1.1265394687652588,1.0804824829101562,0.2671432884821757,0.23478788137435913,False,False,0.3858717727768317
165,mutated_elite,2.3010000000000006,-0.9129401297169001,-0.7794503197646647,0.16072717308998108,-0.27521923184394836,6,3,False,False,False,137,0,17,0,6.471329689025879,0.19471947848796844,3.7627427139690575,0.5570992231369019,True,False,0.2564927752398137
166,mutated_elite,1.296000000000001,-0.7503285735223495,-0.7524117941450162,0.31990718841552734,-0.756975531578064,6,2,False,False,False,162,0,0,0,0.0,0.0,0.0,0.0,False,True,0.12761337348506469
167,mutated_elite,8.091999999999993,-0.8315701915616054,-0.6600429922224238,-0.026725351810455322,-0.023747213184833527,5,3,True,True,False,214,2,23,0,9.800065994262695,0.13031691312789917,6.995907165987121,0.5789424180984497,True,False,0.3083302109768723
168,mutated_elite,-1.3999999999999992,-0.9678877741309974,0.9749537196036069,0.9380180239677429,1.859359622001648,7,8,False,False,False,150,0,109,0,2.4182791709899902,1.7435665130615234,0.4747617439661581,1.1956326961517334,False,False,0.15065824897817967
169,mutated_elite,5.007999999999997,-0.4276198377912831,-0.934641987336677,-0.4536825120449066,-0.0006787590682506561,5,3,False,False,False,186,1,13,0,5.337038516998291,0.35649019479751587,7.526402798234638,0.4515075385570526,True,False,0.30643162634164395
170,mutated_elite,2.6899999999999995,-0.14159843513908474,0.12868252450693937,0.08006028831005096,1.262701392173767,6,6,False,False,False,150,0,5,0,3.152254581451416,1.0684258937835693,2.5912022574636797,1.48893141746521,True,False,0.3726751377589146
171,mutated_elite,4.8299999999999965,-0.27518723918033294,-0.5685403320433875,-0.2900455594062805,0.10435009002685547,5,4,False,False,False,190,1,19,0,4.426708698272705,0.4894561767578125,7.137402579088957,0.5250287652015686,True,False,0.24740318734857675
172,mutated_elite,4.019999999999996,-0.6151818979898362,-0.7458314635380747,-0.34947827458381653,0.0707436054944992,5,4,False,False,False,180,1,63,0,6.7277045249938965,0.1251494437456131,3.5128163781914714,1.1169819831848145,True,False,0.28618816472493
173,mutated_elite,1.0680000000000027,-0.27619876300521345,0.16274133926072454,0.2116270661354065,0.3499760627746582,6,4,False,False,False,156,0,27,0,1.5135457515716553,1.0332367420196533,1.2241172036793848,0.420571506023407,True,False,0.2102805831674407
174,mutated_elite,-2.6860000000000035,0.3473725914008593,-0.9741923078308775,-0.8015387058258057,0.10898435115814209,4,4,False,False,False,153,0,131,0,1.411470890045166,1.102537989616394,0.9956624023586325,0.46086883544921875,False,False,0.15014229945655538
175,mutated_elite,-2.6210000000000004,0.9688269911607499,-0.9720092869023246,-2.6524317264556885,0.12074173986911774,1,4,False,False,False,153,0,133,0,1.7185825109481812,1.698038101196289,0.14912431700429157,0.3839972913265228,False,False,0.31887512216703323
176,mutated_elite,-3.1560000000000032,0.18161138940963573,-0.9657439858895426,-1.7005083560943604,0.032328058034181595,3,4,False,False,False,153,0,138,0,0.9490833878517151,0.9285392165184021,0.17403168325936164,0.19130784273147583,False,False,0.4829785055598795
177,mutated_elite,0.5849999999999934,-0.2751578908557555,-0.20617783046757485,-0.13093197345733643,0.28068533539772034,5,4,False,False,False,200,1,122,0,1.6838496923446655,0.7220552563667297,2.3947884806673834,0.3592262268066406,True,False,0.2906698902898086
178,mutated_elite,12.489999999999968,-0.33055304458088675,0.4400540022360363,0.029968440532684326,0.6752517223358154,5,5,True,True,False,270,3,10,0,9.427719116210938,1.2636690139770508,9.839732014348744,1.2524843215942383,True,False,0.3680872010539029
179,mutated_elite,7.568999999999998,-0.36171945564201585,-0.9331727617415377,-0.5093851685523987,-0.013048794120550156,5,3,False,False,False,228,2,9,0,6.146229267120361,0.41874271631240845,10.340236134168755,0.42840465903282166,True,False,0.3488655811853102
180,mutated_elite,5.288999999999999,0.13219885061522382,-0.7609403380228391,-0.6020086407661438,-0.07992604374885559,4,3,True,True,False,188,1,8,0,4.743772506713867,0.8572998642921448,7.56618546272835,0.7570318579673767,True,False,0.26224550823610215
181,mutated_elite,3.5109999999999966,0.6835322418658145,-0.3773611384259712,-1.3851895332336426,0.7937953472137451,3,5,False,False,False,132,0,9,2,6.325401306152344,1.4725353717803955,1.9424875861138398,2.5292539596557617,True,False,0.20508936172831504
182,mutated_elite,1.407000000000001,-0.6138283303685815,-0.7520917055401322,0.21760857105255127,-0.5738774538040161,6,2,False,False,False,159,0,0,0,0.6711784601211548,0.12004929035902023,6.343790453302688,0.015669073909521103,False,False,0.14975398016670777
183,mutated_elite,-2.6590000000000007,0.6687832806773657,-0.9675195126669446,-2.565903425216675,0.18814393877983093,1,4,False,False,False,152,0,130,0,1.439023733139038,1.4236526489257812,0.13268788416710514,0.3340965807437897,False,False,0.39605005222127254
184,mutated_elite,4.883,-0.9047026753935606,-0.8779933848003174,0.06287045031785965,-0.1762494146823883,5,3,False,False,False,201,1,2,0,1.712941288948059,0.21032500267028809,1.5355597899986724,0.3132423162460327,True,False,0.30898009209292554
185,mutated_elite,8.269999999999987,-0.43194393507176676,0.013116642309854699,0.2191198319196701,0.7684788703918457,6,5,False,False,False,195,1,5,0,6.492620468139648,0.8182504177093506,4.125297351340338,3.6541097164154053,True,False,0.29677862604797306
186,mutated_elite,1.3160000000000007,-0.4746850437347194,0.9608622668559931,0.597169041633606,1.5852209329605103,7,7,False,False,False,142,0,54,0,4.869584560394287,1.7453722953796387,1.4674379117286702,1.2088289260864258,True,False,0.36575543063964394
187,mutated_elite,1.5830000000000009,-0.3162105096492433,-0.8899952557323887,0.2051771581172943,-0.9696590900421143,6,1,False,False,False,151,0,6,0,2.8394553661346436,0.4420478641986847,7.920205399276746,0.11550398916006088,True,False,0.22375582478612246
188,mutated_elite,-3.1380000000000043,-0.2752097481410384,0.02800927169716942,-0.47516459226608276,0.3562854826450348,5,4,False,False,False,154,0,139,0,1.1066373586654663,0.9180137515068054,0.2871585507169719,0.36553555727005005,False,False,0.32676859194123997
189,mutated_elite,-1.5399999999999991,-0.9727560318868739,0.9749318058709046,0.9745538234710693,1.3614082336425781,7,7,False,False,False,150,0,113,0,2.5744173526763916,1.7334833145141602,0.8150731113953846,1.1979472637176514,False,False,0.3142731792811808
190,mutated_elite,1.6740000000000008,-0.2536094373004589,-0.9264054659695152,-0.5380696654319763,-0.36003756523132324,4,3,False,False,False,153,0,0,0,2.3623766899108887,0.5013009309768677,5.780750335697894,0.17892606556415558,True,False,0.3374667897214395
191,mutated_elite,4.253999999999996,-0.49495143901294697,-0.11731716314232944,-0.4367446303367615,0.16816779971122742,5,4,False,False,False,198,1,27,0,2.383605480194092,0.6807414889335632,4.662875130847251,0.31507986783981323,True,False,0.2154127142573468
192,mutated_elite,0.3540000000000005,0.810276127053399,-0.8442392602904252,-1.4480383396148682,-0.03610553219914436,3,3,False,False,False,118,0,0,14,1.5967679023742676,1.5378799438476562,0.5316856029829152,0.1771366447210312,False,False,0.34247864826721885
193,mutated_elite,14.032999999999937,0.7510463843015321,-0.7575330669062165,-0.3616516590118408,0.8667084574699402,5,5,True,True,False,276,3,18,9,7.981945991516113,1.500339388847351,3.3912593497507726,3.0924148559570312,True,False,0.29857881081694737
194,mutated_elite,4.463999999999997,-0.4497504471937425,-0.6880198102691943,-0.8025774955749512,0.3232300281524658,4,4,False,False,False,178,1,46,0,7.461633205413818,0.299723356962204,4.289474760201916,0.6392971277236938,True,False,0.1733339456626318
195,mutated_elite,2.2039999999999997,0.28209523457860486,0.03348668344818688,-1.6011056900024414,-0.06442023813724518,3,4,False,False,False,138,0,6,4,3.3021116256713867,1.2842093706130981,4.264173311004484,1.7078242301940918,True,False,0.4598040272626345
196,mutated_elite,4.976,0.7171707498230705,-0.2549171517595359,-0.689046323299408,-0.03392333164811134,4,4,False,False,False,187,1,3,3,3.018341302871704,1.5334781408309937,3.8131871519751774,1.240590214729309,True,False,0.26812597760455187
197,mutated_elite,1.478000000000002,-0.9749061165462666,0.7052576788825524,0.2387343943119049,1.606528878211975,6,7,False,False,False,141,0,53,0,5.158780574798584,1.4884895086288452,1.7639921275861548,1.2006566524505615,True,False,0.29240343355901594
198,mutated_elite,1.800000000000001,-0.38317408674455616,-0.5697697240882617,0.18677084147930145,-0.4805353283882141,6,2,False,False,False,150,0,6,0,3.212397575378418,0.41580304503440857,6.641168997102002,0.25376322865486145,True,False,0.21946418194592487
199,mutated_elite,2.712999999999999,0.23966464640336144,-0.8097965874056549,-0.14078491926193237,-0.133254736661911,5,3,False,False,False,146,0,6,0,4.283860683441162,0.9873608946800232,5.828841545861972,0.859228253364563,True,False,0.15943058458724443
200,mutated_elite,-2.854000000000002,0.4870079205355679,-0.9733665370663195,-2.247821569442749,0.11914320290088654,2,4,True,False,False,152,0,133,0,1.2601972818374634,1.244368553161621,0.14443312489572832,0.26875442266464233,False,False,0.2782236095275169
201,mutated_elite,9.018999999999956,-0.07477677977040485,0.8685360285811927,0.34049418568611145,0.7882621884346008,6,5,False,False,False,248,2,6,0,3.530352830886841,1.7525837421417236,6.321808172477919,1.3460384607315063,True,False,0.21503114226317335
202,mutated_elite,4.486000000000001,-0.5733685863779067,-0.9361249584599942,-0.5032380819320679,-0.2109077423810959,4,3,False,False,False,202,1,2,0,1.3404279947280884,0.24491474032402039,0.9911452946965399,0.13157613575458527,False,False,0.37623894099959565
203,mutated_elite,6.233999999999998,0.5552600028581963,0.9567618966607717,0.48765817284584045,0.7329276204109192,6,6,False,False,False,173,1,12,6,6.560886859893799,2.1504337787628174,7.014726917444192,3.0724565982818604,True,False,0.36238210362391354
204,mutated_elite,-3.495000000000005,-0.2755044735509976,-0.5334237325326262,-0.6561446785926819,0.2058548480272293,4,4,False,False,False,155,0,143,0,0.5371037125587463,0.4987882375717163,0.20576238952252676,0.10130930691957474,False,False,0.16688300603928544
205,mutated_elite,5.719999999999996,-0.2809171830035418,0.523411537598103,0.22452880442142487,0.9417768716812134,6,5,False,False,False,185,1,13,0,5.564424514770508,1.3761643171310425,5.9422791489813225,1.3303391933441162,True,False,0.36266593604999214
206,mutated_elite,4.347,-0.5221919636817947,-0.8264501415199885,-0.5098510384559631,-0.11324131488800049,5,3,False,False,False,204,1,0,0,0.676085889339447,0.22134415805339813,0.8889397858852939,0.07728578895330429,False,False,0.29566198910180425
207,mutated_elite,5.2369999999999965,0.019340638320047582,0.5661160430848636,0.25030800700187683,0.5330446362495422,6,4,False,False,False,179,1,13,4,4.373161792755127,1.5227253437042236,5.618454719843645,1.894106388092041,True,False,0.3506531583120063
208,mutated_elite,-3.066000000000003,0.34621818705250657,-0.9710471133085665,-1.8908801078796387,0.06172404810786247,2,4,False,False,False,153,0,138,0,1.1183396577835083,1.0988976955413818,0.15286537288106294,0.22495858371257782,False,False,0.5147732013785568
209,mutated_elite,1.6050000000000009,-0.33371645496102836,-0.8933999212620748,0.12658736109733582,-0.8099252581596375,6,2,False,False,False,155,0,5,0,1.766233205795288,0.4324515461921692,6.606915446632407,0.1016291081905365,True,False,0.2726973001196338
210,mutated_elite,2.498999999999999,-0.316757937451749,0.10326956299417765,0.15508201718330383,1.6092606782913208,6,7,True,True,False,138,0,27,0,6.124746322631836,0.963854968547821,2.3150586200119534,1.1883927583694458,True,False,0.24838165821105837
211,mutated_elite,4.597999999999998,-0.5076083236328759,-0.8204204306810178,-0.10327157378196716,0.6105799674987793,5,5,False,False,False,176,1,43,0,7.777398109436035,0.24203430116176605,4.664016227784588,0.9480772018432617,True,False,0.2626835965253125
212,mutated_elite,6.019999999999995,0.5388507574362823,0.4374972952103424,-0.411093533039093,0.42006200551986694,5,5,False,False,False,185,1,16,0,5.604376792907715,1.7580310106277466,4.735087837084146,2.8875465393066406,True,False,0.26013928904616895
213,mutated_elite,1.8630000000000009,-0.3475373877723069,-0.25155695672291256,0.3118349015712738,-0.34592533111572266,6,3,False,False,False,156,0,3,0,1.4166474342346191,0.6291602253913879,2.77257808265535,0.4037472605705261,True,False,0.2293583200716438
214,mutated_elite,1.8700000000000003,-0.9624607872721159,0.7320239907157863,0.4921839237213135,1.5465768575668335,6,7,False,False,False,140,0,39,0,5.444128513336182,1.5031415224075317,1.8254876598873737,1.20627760887146,True,False,0.22840045437485415
215,mutated_elite,4.265000000000001,-0.5267508170998778,-0.4061687807737818,0.4511972963809967,-0.489596962928772,6,2,False,False,False,205,1,0,0,0.4644569754600525,0.40206292271614075,0.25630831275606447,0.07760942727327347,False,False,0.21182966357341965
216,mutated_elite,-3.3590000000000044,-0.5294407514169315,-0.9704750303922755,-0.029037654399871826,-0.7669694423675537,5,2,False,False,False,157,0,137,0,0.3269084692001343,0.2934291958808899,0.42629563230763695,0.042926620692014694,False,False,0.25006858891213507
217,mutated_elite,4.811999999999999,-0.16360884782804036,-0.9613000527590817,-0.38949352502822876,-0.2030167281627655,5,3,False,False,False,194,1,5,0,3.4044809341430664,0.6100094318389893,9.428830869520409,0.28969091176986694,True,False,0.3316046148639633
218,mutated_elite,1.2930000000000021,0.2566590514548819,-0.9743414190956788,-1.1985788345336914,-0.036001984030008316,3,3,False,False,False,156,0,18,0,1.570390224456787,1.0157729387283325,1.2047503540697952,0.3687363266944885,True,False,0.2902014219382217
219,mutated_elite,1.8290000000000008,-0.2965728707340588,-0.2721348426885883,0.23358243703842163,-0.013326626271009445,6,4,False,False,False,153,0,11,0,2.379636764526367,0.6629908680915833,6.0513770016840285,0.38286685943603516,True,False,0.2325186244826322
220,mutated_elite,-1.0190000000000001,-0.36772744478958214,-0.4795212166768128,-1.2047545909881592,0.18514384329319,3,4,False,False,False,147,0,91,0,3.720641851425171,0.4432106912136078,2.515242205884152,0.640462338924408,True,False,0.20293722555596727
221,mutated_elite,4.401999999999996,-0.8658495759149425,-0.8176245182915473,-0.29831022024154663,0.29392918944358826,5,4,False,False,False,179,1,57,0,7.185635566711426,0.14914460480213165,3.947099233714521,1.0135784149169922,True,False,0.2808973291865685
222,mutated_elite,-3.513000000000005,-0.3336237148255858,-0.9734760022023551,-0.6144222617149353,-0.37878134846687317,4,3,False,False,False,154,0,142,0,0.6450011730194092,0.4661436676979065,11.084598042579785,0.1101306602358818,False,False,0.272028756011062
223,mutated_elite,8.026999999999996,0.20590844819122991,-0.8321724729907621,-0.4810665249824524,-0.03936317190527916,5,3,False,False,False,239,2,1,0,3.614453077316284,0.9570429921150208,5.138517665652378,0.6233084797859192,True,False,0.3187707732927482
224,mutated_elite,1.5430000000000008,-0.8947840706559687,-0.34916967917567476,0.4927254915237427,-0.7873854637145996,6,2,False,False,False,156,0,7,0,1.3943902254104614,0.44535261392593384,7.856940847980494,0.13844981789588928,True,False,0.29749224242484557
225,mutated_elite,1.3130000000000013,-0.7081012368335183,-0.8248029720367634,0.3455253541469574,0.03334933891892433,6,4,False,False,False,156,0,20,0,1.6064072847366333,0.07903288304805756,0.8315318182383643,0.27390313148498535,False,False,0.1652864464940888
226,mutated_elite,2.483999999999998,0.13983471390330182,-0.04997588632882556,0.28362733125686646,1.2230428457260132,6,6,False,False,False,133,0,7,3,4.9225239753723145,1.1342111825942993,3.541475851948845,1.8715118169784546,True,False,0.22188422487565232
227,mutated_elite,5.269999999999999,0.5054193062683731,-0.20396516310241236,-1.3234789371490479,-0.029263321310281754,3,3,True,True,False,195,1,5,0,3.3351805210113525,1.367581844329834,2.5887306396760246,1.3266502618789673,True,False,0.2336291425771232
228,mutated_elite,4.437000000000001,-0.4452282077349756,-0.7789236856773771,0.5575603246688843,-0.5805767774581909,6,2,False,False,False,204,1,0,0,0.7830432653427124,0.2973158359527588,1.41068253071144,0.054132405668497086,False,False,0.25051386063539954
229,mutated_elite,5.03199999999999,-0.8199156278375569,-0.9683517810441515,-1.228752613067627,0.4641466736793518,3,5,False,False,False,189,1,61,0,6.95107889175415,0.2397759109735489,2.8725641594412954,1.506547212600708,True,False,0.323064797359353
230,mutated_elite,-3.2110000000000034,0.058253912523554496,-0.9710227409507356,-1.5838372707366943,-0.00028784945607185364,3,3,False,False,False,153,0,137,0,0.8743043541908264,0.811385452747345,0.6962968806387707,0.1863401085138321,False,False,0.32169698566029703
231,mutated_elite,1.341000000000001,-0.6688577109361847,-0.7162150265930517,0.24621132016181946,-0.6237488985061646,6,2,False,False,False,162,0,0,0,0.06685329973697662,0.06565364450216293,0.22859142407690045,0.0017957394011318684,False,True,0.13187938244638292
232,mutated_elite,5.544999999999999,0.08320041178698914,-0.908859434788522,-0.867448627948761,0.12310537695884705,4,4,False,False,False,190,1,5,0,4.519087791442871,0.8236309289932251,6.397564380856217,0.8439851999282837,True,False,0.11020328054541234
233,mutated_elite,5.845999999999998,0.3646452328636076,0.09511812652748716,-1.3727612495422363,-0.05389859154820442,3,3,True,True,False,192,1,2,0,3.9207468032836914,1.3943828344345093,2.325749080318876,1.8518019914627075,True,False,0.26523127880951397
234,mutated_elite,8.23299999999999,0.10852387419714864,-0.8904241196251088,-0.21758699417114258,0.07834301888942719,5,4,True,True,False,241,2,2,0,2.9928641319274902,0.8620564937591553,4.490699115121643,0.5663006901741028,True,False,0.17769874705726504
235,mutated_elite,-2.0699999999999967,0.1342128781285167,-0.9717638768277683,-1.4131674766540527,0.04478001967072487,3,4,False,False,False,150,0,114,0,2.531665563583374,0.8956806659698486,2.9285792997344777,0.28545284271240234,True,False,0.26062164583232184
236,mutated_elite,7.961999999999998,-0.7348655312774361,-0.6746084749132364,-0.08351299166679382,0.18276116251945496,5,4,False,False,False,219,2,15,0,8.527074813842773,0.08480552583932877,8.979790555494647,0.5274755954742432,True,False,0.22731988158121683
237,mutated_elite,4.6579999999999995,0.2393801267962605,-0.866655212480102,-0.44191157817840576,-0.16602355241775513,5,3,False,False,False,201,1,2,0,1.5276991128921509,0.9779481887817383,2.1981585663293512,0.4087630808353424,True,False,0.3488078731411627
238,mutated_elite,4.177000000000002,0.648707718419,-0.7563301930898386,-0.9237477779388428,-0.010582149028778076,4,3,False,False,False,179,1,2,8,2.4633541107177734,1.3819191455841064,6.381547131906593,0.5363481640815735,True,False,0.2353021105979261
239,mutated_elite,1.378000000000001,-0.810958527114939,-0.679150231792733,0.3311198055744171,-0.704399585723877,6,2,False,False,False,161,0,0,0,0.11156455427408218,0.11042537540197372,0.3014368714494066,0.0058267624117434025,False,False,0.0695607225503592
240,mutated_elite,4.2650000000000015,-0.7475891606249395,-0.5903678381070577,0.607924222946167,-0.5251450538635254,6,2,False,False,False,205,1,0,0,0.6366443634033203,0.17667075991630554,1.082200899142694,0.01873823255300522,False,False,0.31973735115183527
241,mutated_elite,-2.3489999999999993,0.9732455137475696,-0.9748044195338961,-2.988788366317749,0.2299414873123169,1,4,True,True,False,152,0,125,0,1.7277957201004028,1.7125755548477173,0.13696689333200582,0.405497670173645,False,False,0.43377276202804077
242,mutated_elite,5.203999999999998,0.21952752008673082,-0.9071347734411344,-0.6994321346282959,0.15284019708633423,4,4,False,False,False,168,1,12,13,4.230659008026123,0.9584662914276123,5.3410355066189235,1.7182186841964722,True,False,0.158258755161575
243,mutated_elite,1.8940000000000006,-0.6865637116116928,-0.26000180318850685,0.4460085332393646,-0.617395281791687,6,2,False,False,False,153,0,4,0,2.209998607635498,0.4962413012981415,7.173698507902368,0.21505530178546906,True,False,0.1335314508729362
244,mutated_elite,4.952999999999999,-0.4324554823426944,-0.3234523679329549,-0.2020769566297531,0.4291589856147766,5,4,False,False,False,176,1,29,0,7.890089511871338,0.5163829922676086,5.029271673735673,0.9000822305679321,True,False,0.23947159488338182
245,mutated_elite,7.706999999999999,-0.16945219350247023,-0.7397191714215307,0.27571162581443787,-0.06594483554363251,6,4,False,False,False,244,2,1,0,2.1153953075408936,0.5580651760101318,1.3280112870354397,0.49785998463630676,True,False,0.26617666249687466
246,mutated_elite,4.683,-0.8094875984219632,-0.5901914968120006,-0.592878520488739,0.07490748167037964,4,4,False,False,False,196,1,4,0,2.7584056854248047,0.20076154172420502,7.691440203803712,0.21058271825313568,True,False,0.259061249113051
247,mutated_elite,10.152999999999968,0.2754613091178118,-0.30210789102057395,-0.452348530292511,0.32289740443229675,5,4,True,True,False,246,2,7,0,4.881218433380127,1.1025805473327637,3.482263272432207,1.8976777791976929,True,False,0.3213238069470974
248,mutated_elite,0.8369999999999999,-0.808918599964519,-0.01388552919748388,-0.42677614092826843,0.061673060059547424,5,4,False,False,False,144,0,63,0,4.5876145362854,0.7351685762405396,3.210746253342266,1.0586695671081543,True,False,0.2403660261798067
249,mutated_elite,4.138000000000001,-0.723366744540273,-0.5732122894257304,0.3721541166305542,-0.4221722483634949,6,2,False,False,False,206,1,0,0,0.187268927693367,0.18710467219352722,0.06225850237700484,0.0014486785512417555,False,False,0.21895595615683022
250,mutated_elite,2.7419999999999995,-0.45379517154721577,0.691009707391455,0.7125461101531982,1.2599551677703857,7,7,False,False,False,144,0,6,0,4.6930718421936035,1.4824504852294922,3.6532884771736582,0.9980604648590088,True,False,0.2712749529709797
251,mutated_elite,5.488999999999998,-0.6291070504070563,0.29386272380941364,0.19694888591766357,0.8389301300048828,6,6,False,False,False,173,1,13,0,8.926717758178711,1.044345736503601,3.2816955263646905,0.8191477656364441,True,False,0.24558627092086258
252,mutated_elite,5.417999999999998,-0.3825202612915868,-0.1385741600598718,0.30058181285858154,0.2620731592178345,6,4,False,False,False,181,1,13,0,6.593712329864502,0.7089560627937317,7.415014251866292,0.631219208240509,True,False,0.09537712234958479
253,mutated_elite,10.083999999999977,0.4867457805417584,-0.8190147766737942,-1.1668119430541992,0.11539570987224579,3,4,True,True,False,213,2,12,8,8.555140495300293,1.223039150238037,4.910967940287643,1.4171838760375977,True,False,0.26521391210396117
254,mutated_elite,8.207999999999995,-0.6511781270627397,-0.9740553907701006,-0.33300507068634033,-0.23023107647895813,5,3,True,True,False,216,2,15,0,9.15374755859375,0.21261626482009888,8.058662744235761,0.49971523880958557,True,False,0.21090682945316427
255,mutated_elite,5.498999999999997,-0.28162767415433226,-0.586300163833827,-0.2887120246887207,-0.07161843776702881,5,3,False,False,False,183,1,15,0,6.136915683746338,0.4784172773361206,5.379804874603769,0.5779671669006348,True,False,0.2276903270457907
256,mutated_elite,11.686999999999983,-0.2799106330747871,-0.10087752037699678,0.694344699382782,0.7143118381500244,7,5,False,False,False,249,2,15,0,7.013316631317139,0.794124960899353,5.032084497417866,3.72001576423645,True,False,0.25039867000826516
257,mutated_elite,7.398000000000001,-0.6150553744326767,-0.2840684022394189,-0.12032195925712585,0.08167244493961334,5,4,False,False,False,246,2,0,0,1.705215573310852,0.48611563444137573,1.5074069644957324,0.12558916211128235,True,False,0.19103784270224633
258,mutated_elite,2.1910000000000003,-0.7794976652013608,0.9747707370604253,0.5485344529151917,1.4796940088272095,6,7,False,False,False,142,0,29,0,5.095340251922607,1.739259123802185,1.59292366497996,1.2166532278060913,True,False,0.24618606092722226
259,mutated_elite,8.907999999999962,-0.8646525218722132,0.7039458817286547,0.5814937353134155,0.7244622707366943,6,5,False,False,False,246,2,1,0,4.068964004516602,1.4717260599136353,10.287401433517093,0.744768500328064,True,False,0.28986072238136074
260,mutated_elite,1.3410000000000015,-0.013475039864316469,-0.7475327500376797,-0.31462541222572327,-0.6103209853172302,5,2,False,False,False,157,0,13,0,1.1739649772644043,0.7263455390930176,2.86561466963378,0.1994292438030243,True,False,0.12161130494329633
261,mutated_elite,8.139999999999983,0.17419296944545612,-0.8377478662879504,-0.5102057456970215,0.07804416120052338,5,4,False,False,False,225,2,19,0,6.717777729034424,0.913308322429657,8.804448367633785,0.9802520275115967,True,False,0.29549492550508705
262,mutated_elite,5.176999999999997,-0.30974204125607296,0.5969429378633707,0.8600732088088989,1.2213988304138184,7,7,False,False,False,179,1,17,7,4.442846298217773,1.4256792068481445,3.031131402700607,1.5850799083709717,True,False,0.27916322382363873
263,mutated_elite,9.036999999999967,-0.9736068830339424,0.7854714414284356,0.43480902910232544,1.0376116037368774,6,6,True,True,False,234,2,49,0,9.646319389343262,1.551142692565918,3.7345042834285196,1.1877548694610596,True,False,0.3001550134063087
264,mutated_elite,5.423999999999999,0.8428487638111583,-0.2621672684077627,-0.5392258167266846,0.11743754148483276,4,4,False,False,False,183,1,6,3,4.30515718460083,1.6494717597961426,2.9541327070212926,1.29808509349823,True,False,0.29271138037184774
265,mutated_elite,9.312999999999969,-0.8403564360715974,0.6272405052381046,0.11485326290130615,0.5128301978111267,6,5,False,False,False,236,2,9,0,6.46754264831543,1.400519609451294,9.810540089400073,1.1845489740371704,True,False,0.2516552666004594
266,mutated_elite,5.182,-0.4959277368981327,-0.8793329689580445,0.4312000572681427,-0.4055817127227783,6,2,False,False,False,194,1,6,0,3.5829050540924072,0.2676891088485718,4.004039029839341,0.37949058413505554,True,False,0.2544229005923575
267,mutated_elite,-2.3559999999999994,0.9739484070340071,-0.9720009639086059,-2.2508699893951416,-0.03690657392144203,1,4,False,False,False,153,0,128,0,1.772552251815796,1.7069171667099,0.345566287303662,0.4646753966808319,False,False,0.3959884315191186
268,mutated_elite,16.66499999999994,0.7067188785815219,0.2517119738686921,0.8199533820152283,1.2962929010391235,7,7,True,True,False,280,4,11,1,8.64101505279541,1.746599793434143,9.58492224509658,2.8622593879699707,True,False,0.2660621616091893
269,mutated_elite,5.057999999999999,-0.5578716441669374,-0.9692092510346102,0.06592652201652527,0.11148783564567566,6,4,False,False,False,181,1,22,0,6.493078708648682,0.2720978260040283,7.65246137668432,0.5304272770881653,True,False,0.3036269395638094
270,mutated_elite,7.477999999999997,-0.7378162521661918,-0.9740830583700145,-0.037266477942466736,-0.15405024588108063,5,3,False,False,False,226,2,15,0,6.664999008178711,0.2010039985179901,9.42456093881528,0.3505418598651886,True,False,0.21664947340728188
271,mutated_elite,-1.4699999999999993,-0.9735101928298947,0.9394143810939152,1.0530855655670166,1.4451225996017456,7,7,False,False,False,150,0,111,0,2.628235101699829,1.7278409004211426,0.7491935083389067,1.2179758548736572,False,False,0.21309230258546447
272,mutated_elite,8.731999999999978,-0.018238868170069773,-0.3688481512057388,-0.7530457973480225,0.32030442357063293,4,4,False,False,False,239,2,32,0,6.240797996520996,0.8091149926185608,6.5746016698870955,1.829323410987854,True,False,0.1618432842775836
273,mutated_elite,4.656,-0.4655071175291224,-0.7535737614863298,-0.8078235983848572,-0.04610687121748924,4,4,False,False,False,202,1,1,0,1.3627448081970215,0.2720991373062134,3.0478371347185687,0.2099178433418274,True,False,0.24175895099735256
274,mutated_elite,1.300000000000001,0.49554466112705176,-0.9144897490934214,-0.7980236411094666,-0.39294689893722534,4,3,False,False,False,155,0,15,0,1.6961770057678223,1.253261923789978,6.737186885762153,0.25343501567840576,True,False,0.17926310636374831
275,mutated_elite,6.002999999999984,-0.7687429748579926,-0.967177593597025,-0.2146196961402893,0.8142354488372803,5,5,False,False,False,236,2,110,0,6.363255023956299,0.21251240372657776,2.126299208545518,1.4847285747528076,True,False,0.20842715660344857
276,mutated_elite,4.439,-0.8798355398341424,-0.5752520126703796,0.26253509521484375,0.014196302741765976,6,4,False,False,False,203,1,1,0,1.0024521350860596,0.24623221158981323,0.6594470234836718,0.12248959392309189,False,False,0.1944751497441047
277,mutated_elite,-1.3659999999999994,-0.9749979410209391,-0.7510013976647896,0.33908042311668396,-0.939621090888977,6,1,False,False,False,158,0,88,0,0.9564498662948608,0.2488696426153183,0.8617538874958552,0.09969664365053177,False,False,0.1497391941196021
278,mutated_elite,9.580999999999944,0.27775737740361467,-0.31217728905323744,-0.6330190300941467,0.17731037735939026,4,4,False,False,False,252,2,8,0,3.5220532417297363,1.1170318126678467,3.9663133147596747,1.13140869140625,True,False,0.19941776886436813
279,mutated_elite,6.439999999999996,-0.037879127712828954,0.5666220124742853,-1.0825448036193848,0.5245718955993652,3,5,False,False,False,160,1,17,5,8.270896911621094,1.4768733978271484,2.5244992371572614,3.164368152618408,True,False,0.36331176842863067
280,mutated_elite,6.701999999999998,-0.6970091658177531,-0.34030695452903587,0.4229465425014496,0.6698853969573975,6,5,False,False,False,199,1,4,0,4.855833053588867,0.42333754897117615,3.113625213240168,1.151218295097351,True,False,0.2859874127972927
281,mutated_elite,1.333000000000001,-0.7634314460259944,-0.6665156082486512,0.2939114272594452,-0.6156793832778931,6,2,False,False,False,161,0,0,0,0.10801690071821213,0.10420168191194534,0.3077987752608242,0.0029930255841463804,False,False,0.09385999534636472
282,mutated_elite,9.896999999999972,-0.15621930861074534,0.9206750824429951,-0.3601316809654236,0.5934057831764221,5,5,False,False,False,229,2,10,0,8.36988639831543,1.7663893699645996,8.597169429469796,1.406272053718567,True,False,0.12508265332672863
283,mutated_elite,9.201999999999991,0.09777004286090595,-0.962143518278043,-0.7355996966362,0.2123316526412964,4,4,False,False,False,229,2,24,4,6.328132629394531,0.8591658473014832,8.387381231586724,1.4525312185287476,True,False,0.10151415316926876
284,mutated_elite,5.074999999999994,-0.27623429354705253,0.11392827878425915,-0.23122218251228333,0.7404206991195679,5,5,False,False,False,185,1,25,0,5.644296646118164,0.984876811504364,6.986117228176769,1.0240981578826904,True,False,0.1327760519081102
285,mutated_elite,-1.6199999999999986,-0.9732768341680583,0.9745841913720553,0.984642505645752,1.9459844827651978,7,8,False,False,False,150,0,114,0,2.4813613891601562,1.738411784172058,0.4309752984719758,1.1896730661392212,False,False,0.12123257336512061
286,mutated_elite,8.440999999999976,-0.9734472419266116,-0.5016528519659278,-0.5658021569252014,-0.3632872700691223,4,3,True,True,False,217,2,15,0,8.83952522277832,0.3368673622608185,7.205601866169554,0.8918941020965576,True,False,0.31057038064892273
287,mutated_elite,-1.8339999999999979,0.3566193396181596,-0.9745351220970808,-1.1822595596313477,-0.24517452716827393,3,3,False,False,False,157,0,105,0,1.143113613128662,1.1153533458709717,0.2796039630672362,0.24849054217338562,False,False,0.250176282733345
288,mutated_elite,4.755,-0.9164647942116553,-0.6964489175571917,0.3616330623626709,-0.3057261109352112,6,3,False,False,False,180,1,24,0,6.734842777252197,0.19679735600948334,6.0125032076958735,0.5227290987968445,True,False,0.18992031582892144
289,mutated_elite,-2.4389999999999996,0.243759869802496,-0.9734632933112394,-1.0383920669555664,-0.29744067788124084,4,3,False,False,False,157,0,121,0,1.0322718620300293,0.9959681034088135,0.244496335387426,0.21534627676010132,False,False,0.3327998058098211
290,mutated_elite,2.768999999999999,0.9458978034888856,-0.6766167505555515,-1.3347537517547607,0.30429530143737793,3,4,False,False,False,143,0,23,0,4.951901435852051,1.6760908365249634,2.6440421187027137,1.76119863986969,True,False,0.1606916314560272
291,mutated_elite,1.400000000000001,-0.8190381723791331,-0.9696099873231029,0.3837238848209381,-0.9394622445106506,6,1,False,False,False,155,0,7,0,1.7134400606155396,0.21756385266780853,7.210506852685512,0.07231313735246658,True,False,0.13702492274620043
292,mutated_elite,2.3639999999999994,0.30811557203926204,-0.5689202717997593,-1.3051745891571045,0.12225368618965149,3,4,False,False,False,138,0,4,4,3.5787482261657715,1.0554113388061523,2.5497915794358,1.7532570362091064,True,False,0.1688591970056486
293,mutated_elite,7.236000000000001,-0.5521369425076744,-0.9324131730125658,0.14578108489513397,-0.23330241441726685,6,3,True,True,False,247,2,1,0,1.4584307670593262,0.26007914543151855,2.0580905109820655,0.12045778334140778,True,False,0.22798516550621103
294,mutated_elite,1.3180000000000007,-0.42090491354580084,-0.9363769645606251,0.17599430680274963,-0.8191931843757629,6,2,False,False,False,156,0,7,0,1.3564342260360718,0.3453165590763092,8.919026764126508,0.06859764456748962,True,False,0.24222390395070464
295,mutated_elite,7.914999999999996,-0.5304214539548432,-0.8134734346632468,-0.30745306611061096,-0.4842342138290405,5,2,True,True,False,215,2,18,0,9.501958847045898,0.22246608138084412,6.140145782905072,0.48158013820648193,True,False,0.17449010908954898
296,mutated_elite,2.0220000000000002,-0.694115503848352,-0.02323009932669927,0.16313661634922028,1.6125112771987915,6,7,False,False,False,139,0,37,0,5.802978038787842,0.7203258275985718,2.0193407228728417,1.1756281852722168,True,False,0.24499248686058844
297,mutated_elite,2.7729999999999992,-0.4776336525492438,0.34518210424302453,0.5256905555725098,1.159990906715393,6,6,False,False,False,141,0,7,0,5.413784503936768,1.1434260606765747,3.3056342769317144,0.9013843536376953,True,False,0.4201016540007183
298,mutated_elite,5.149999999999998,-0.9486117460234719,-0.8079537508028881,-0.09754079580307007,0.10586386919021606,5,4,False,False,False,175,1,27,0,8.229429244995117,0.21452941000461578,4.833601325085038,0.5684484243392944,True,False,0.16952180109761097
299,mutated_elite,-1.6319999999999988,-0.9739671798321374,0.9721264684550946,1.048189401626587,1.347501516342163,7,7,False,False,False,151,0,112,0,2.4329349994659424,1.75240957736969,0.5778253901556254,1.211909532546997,False,False,0.17324573888183004
300,mutated_elite,4.265000000000001,-0.5702894404374337,-0.6738148844690454,-0.09107998013496399,-0.0674312561750412,5,3,False,False,False,205,1,0,0,0.4671306610107422,0.17704321444034576,3.8382153936058088,0.03572538122534752,False,False,0.21673465997921262
