dataset,seed,match_type,target_cell_x,target_cell_y,control_cell_x,control_cell_y,target_fitness,control_fitness,fitness_difference_target_minus_control,target_depth,control_depth,absolute_depth_difference,target_assignment_count,control_assignment_count,match_distance_standardized
horseshoe,1001,depth_only,4,16,5,15,27.189999999999948,23.514999999999905,3.6750000000000433,44.81893291187695,41.954749402727316,2.8641835091496333,3,2,0.11842715112066354
horseshoe,1001,depth_only,7,13,7,15,24.374999999999975,24.154999999999916,0.22000000000005926,33.932448960906754,33.92597312522064,0.006475835686117648,7,9,0.0002677603474018098
horseshoe,1001,depth_only,8,13,20,4,24.349999999999973,0.049999999999992044,24.29999999999998,30.33214545462989,30.372276955234838,0.040131500604946524,9,1,0.0016593417536476395
horseshoe,1001,depth_only,9,11,9,13,22.29999999999993,24.34999999999986,-2.0499999999999297,27.18840370645785,27.22205884849308,0.033655142035229346,12,8,0.0013915597862571444
horseshoe,1001,depth_only,9,12,19,18,23.079999999999966,19.83999999999996,3.2400000000000055,27.11674682779348,27.0237293232669,0.09301750452658197,24,27,0.003846051773654364
horseshoe,1001,depth_only,10,14,10,10,25.659999999999975,21.069999999999936,4.590000000000039,25.122073270211025,25.104627192423127,0.017446077787898417,4,11,0.0007213536716660004
horseshoe,1001,depth_only,10,16,10,9,24.39499999999995,10.690999999999947,13.704000000000002,25.82742678055406,25.72628108222577,0.10114569832828835,15,2,0.004182133184855043
horseshoe,1001,depth_only,10,17,13,2,24.334999999999905,10.157999999999975,14.17699999999993,26.527948995409304,26.46571888853961,0.06223010686969488,13,3,0.0025730663719589837
horseshoe,1001,depth_only,12,15,17,7,26.289999999999885,12.489999999999961,13.799999999999924,21.67298553256174,21.768719766203617,0.09573423364187761,28,94,0.003958382037571897
horseshoe,1001,depth_only,13,3,19,15,14.649999999999906,11.520000000000024,3.1299999999998818,25.15769129573921,25.142327107585203,0.015364188154006087,15,3,0.000635272504903501
horseshoe,1001,depth_only,13,4,11,16,13.222999999999946,28.909999999999876,-15.68699999999993,23.904571179876406,23.903661076974085,0.0009101029023206308,18,32,3.7630582539203166e-05
horseshoe,1001,depth_only,13,8,12,11,20.169999999999927,19.014999999999937,1.1549999999999905,20.81872700897231,20.85010888889263,0.031381879920321154,36,7,0.0012975658242225536
horseshoe,1001,depth_only,13,13,13,12,24.574999999999935,21.07499999999996,3.499999999999975,19.772612294978323,19.772342335545858,0.0002699594324653276,19,12,1.1162178122627297e-05
horseshoe,1001,depth_only,15,16,13,15,17.854999999999958,21.30499999999993,-3.449999999999971,20.5825430783717,20.61163817411799,0.02909509574628899,24,48,0.0012030127573211757
horseshoe,1001,depth_only,16,9,15,8,20.699999999999953,17.849999999999973,2.84999999999998,19.586339811003853,19.683130568917893,0.09679075791403946,80,126,0.0040020667942371945
horseshoe,1001,depth_only,17,8,12,14,13.014999999999976,24.72499999999994,-11.709999999999965,21.181791761686743,21.17924231974861,0.0025494419381324462,230,12,0.00010541333846664335
horseshoe,1001,depth_only,18,17,19,9,21.004999999999963,21.344999999999928,-0.33999999999996433,24.40916745331118,24.371127115038888,0.03804033827229247,50,104,0.0015728771829258469
horseshoe,1001,depth_only,18,19,19,6,21.594999999999974,16.324999999999896,5.270000000000078,26.11985407468237,26.06936707866996,0.05048699601240969,53,116,0.0020875167695400686
horseshoe,1001,depth_only,19,5,9,13,10.376999999999986,24.34999999999986,-13.972999999999873,27.160872572406944,27.22205884849308,0.06118627608613636,82,8,0.002529906460747294
horseshoe,1001,depth_only,20,12,20,11,10.99599999999996,10.78699999999998,0.2089999999999801,26.72312853806193,26.684176911895182,0.03895162616674597,27,20,0.0016105567620610945
horseshoe,1002,depth_only,3,8,3,10,19.999999999999922,21.024999999999917,-1.024999999999995,34.99550720511287,34.5835641641799,0.4119430409329752,20,8,0.08722672620149287
horseshoe,1002,depth_only,4,9,20,8,22.56999999999995,5.602999999999998,16.966999999999953,31.603796246317067,31.13796322507929,0.4658330212377777,11,3,0.09863764006571243
horseshoe,1002,depth_only,4,10,20,8,21.52999999999991,5.602999999999998,15.92699999999991,31.482437645739076,31.13796322507929,0.34447442065978606,4,3,0.07294060826044606
horseshoe,1002,depth_only,4,16,21,10,29.699999999999942,5.360999999999997,24.338999999999945,33.37184255430954,33.1620153167088,0.2098272376007344,4,1,0.044429790493275376
horseshoe,1002,depth_only,5,8,6,18,16.92999999999993,25.394999999999936,-8.465000000000007,29.633751297416918,29.63362665563063,0.00012464178628945888,14,1,2.639222874432427e-05
horseshoe,1002,depth_only,6,8,18,18,19.484999999999978,7.300999999999997,12.183999999999982,27.13265996175453,27.02242937973926,0.11023058201526936,28,35,0.023340733647789703
horseshoe,1002,depth_only,6,9,7,17,18.459999999999944,24.43499999999995,-5.975000000000005,26.3608297990103,26.266942251200607,0.09388754780969322,15,2,0.019880183939939764
horseshoe,1002,depth_only,6,15,16,20,27.869999999999912,10.553999999999975,17.31599999999994,26.75155217578771,26.7904709595843,0.038918783796589196,16,35,0.008240843420079826
horseshoe,1002,depth_only,7,9,12,5,19.98499999999993,8.110999999999992,11.873999999999937,23.993004499160232,23.98210803927771,0.010896459882523857,39,17,0.0023072668507418815
horseshoe,1002,depth_only,9,13,15,15,28.72499999999991,14.943999999999974,13.780999999999935,19.07778069600574,19.10003427382043,0.022253577814691283,19,286,0.00471207556911131
horseshoe,1002,depth_only,9,16,17,12,26.39499999999988,8.565999999999999,17.82899999999988,21.368970032699377,21.365101702186475,0.0038683305129012524,6,98,0.0008190982077073562
horseshoe,1002,depth_only,9,18,17,17,25.39999999999996,8.288999999999996,17.11099999999996,23.852585606626427,23.844810923291202,0.007774683335224353,10,35,0.0016462474352012745
horseshoe,1002,depth_only,10,18,17,9,24.809999999999935,7.6849999999999925,17.124999999999943,22.85280364585531,22.85076727708172,0.0020363687735915903,17,37,0.0004311901496310115
horseshoe,1002,depth_only,11,4,19,15,7.268000000000001,4.433999999999992,2.8340000000000085,26.89814722209412,26.881587657151893,0.016559564942227212,21,2,0.003506398928259863
horseshoe,1002,depth_only,11,5,18,16,9.934999999999944,5.394999999999998,4.539999999999946,24.817840818884623,24.849350202921677,0.03150938403705439,41,29,0.00667194281994199
horseshoe,1002,depth_only,11,15,15,12,24.95499999999995,12.409000000000011,12.545999999999937,18.07926629294154,18.162070075092707,0.08280378215116713,28,343,0.017533256097226026
horseshoe,1002,depth_only,11,17,16,10,22.92499999999995,8.964999999999984,13.959999999999967,20.32202593518706,20.313217881364615,0.008808053822445316,22,125,0.0018650580852109977
horseshoe,1002,depth_only,12,15,10,12,22.82499999999996,21.144999999999925,1.6800000000000352,17.65441337227086,17.68811088602611,0.033697513755249986,27,47,0.0071352675344222415
horseshoe,1002,depth_only,13,6,9,17,11.33999999999995,23.839999999999947,-12.499999999999996,22.644044545719446,22.686211546210497,0.04216700049105171,21,3,0.008928635857619993
horseshoe,1002,depth_only,13,7,8,13,10.948999999999947,21.84999999999989,-10.900999999999945,20.752157750894337,20.671832477011343,0.08032527388299471,53,2,0.0170084452845312
horseshoe,1002,depth_only,15,20,6,10,11.73899999999998,21.209999999999905,-9.470999999999925,25.653346754140944,25.71576178427121,0.06241503013026417,38,18,0.013216047373200519
horseshoe,1002,depth_only,17,19,13,4,7.210999999999996,3.592999999999997,3.617999999999999,26.619774737359617,26.55103918334304,0.06873555401657683,24,2,0.014554384355985214
horseshoe,1003,depth_only,3,6,17,8,10.713999999999976,24.924999999999947,-14.210999999999972,35.12124149295062,35.4743049738437,0.35306348089308415,34,3,0.012788084512073496
horseshoe,1003,depth_only,3,8,3,10,12.569999999999988,7.524999999999997,5.044999999999991,33.862555514841205,33.863657158143454,0.0011016433022490446,65,7,3.9901911168169374e-05
horseshoe,1003,depth_only,4,8,11,20,7.767999999999997,3.8789999999999973,3.889,30.850965798908152,30.773732425583063,0.07723337332508962,94,9,0.0027974201770611822
horseshoe,1003,depth_only,4,12,11,20,15.649999999999952,3.8789999999999973,11.770999999999955,30.74856803053199,30.773732425583063,0.025164395051071153,16,9,0.0009114633147395718
horseshoe,1003,depth_only,5,8,6,5,14.75699999999996,14.478999999999914,0.27800000000004665,28.36338193838203,28.347483010549436,0.015898927832594723,21,5,0.000575864805559281
horseshoe,1003,depth_only,6,4,8,19,13.463999999999919,3.8149999999999973,9.648999999999921,28.8780411124825,28.93645702940998,0.05841591692747983,1,25,0.002115845231654231
horseshoe,1003,depth_only,8,4,6,9,17.939999999999966,15.924999999999944,2.015000000000022,25.867559300976303,25.841538503417475,0.02602079755882869,40,59,0.000942482517342606
horseshoe,1003,depth_only,8,6,10,5,18.02499999999994,19.03999999999994,-1.014999999999997,24.130203122240623,24.13525910417054,0.005055981929917408,48,4,0.00018312945889433326
horseshoe,1003,depth_only,9,2,10,18,17.43499999999994,7.177999999999997,10.256999999999941,27.385622208265964,27.494524411083262,0.10890220281729768,3,17,0.003944476414427858
horseshoe,1003,depth_only,10,6,11,7,18.784999999999933,21.739999999999934,-2.955000000000002,23.464499688258996,23.465229902429744,0.0007302141707477006,9,39,2.6448616276637904e-05
horseshoe,1003,depth_only,10,12,10,13,19.339999999999932,14.487999999999914,4.852000000000018,23.277278222475044,23.23359712591474,0.04368109656030228,18,50,0.0015821448114095517
horseshoe,1003,depth_only,11,4,12,5,18.179999999999936,23.67499999999994,-5.4950000000000045,25.461777615275295,25.563908925986105,0.10213131071080994,7,16,0.0036992323006473198
horseshoe,1003,depth_only,11,9,9,13,21.66499999999996,19.639999999999958,2.025000000000002,23.082067578671253,23.15879509480237,0.07672751613111828,9,41,0.0027790978500643986
horseshoe,1003,depth_only,12,14,13,9,19.044999999999927,17.86999999999989,1.1750000000000362,25.966722395023595,25.98785646148187,0.021134066458273537,33,3,0.0007654833835222457
horseshoe,1003,depth_only,13,4,8,18,21.389999999999937,8.234999999999967,13.15499999999997,27.680720380587093,27.665219888847176,0.015500491739917521,19,142,0.0005614333089543989
horseshoe,1003,depth_only,13,14,9,19,16.75499999999999,7.019999999999998,9.73499999999999,28.503729897686732,28.462440456916593,0.04128944077013941,20,63,0.0014955181903525455
horseshoe,1003,depth_only,14,4,5,6,23.494999999999923,13.489999999999915,10.005000000000008,29.621215984864783,29.629704819587094,0.008488834722310656,20,2,0.0003074686046921004
horseshoe,1003,depth_only,14,6,14,7,23.559999999999974,24.334999999999958,-0.7749999999999844,28.778686739809764,28.74075683092297,0.03792990888679526,15,4,0.0013738347538879844
horseshoe,1003,depth_only,15,3,11,21,24.879999999999857,4.048999999999998,20.83099999999986,32.520930508635246,32.32114459703811,0.19978591159713233,12,30,0.007236316583530908
horseshoe,1003,depth_only,15,4,13,16,24.364999999999963,6.6919999999999975,17.672999999999966,31.85481823796698,31.91023679001977,0.05541855205278878,9,1,0.0020072796127062974
horseshoe,1003,depth_only,15,6,7,20,21.649999999999892,2.2420000000000004,19.40799999999989,31.118618122565042,31.209598689841233,0.09098056727619053,5,2,0.0032953484181974567
horseshoe,1003,depth_only,15,8,11,21,21.22999999999991,4.048999999999998,17.180999999999912,32.65148050909424,32.32114459703811,0.3303359120561282,2,30,0.011964883907168756
horseshoe,1003,depth_only,16,3,17,5,25.509999999999923,23.339999999999964,2.169999999999959,36.03448623684936,36.115810192393326,0.0813239555439651,8,2,0.002945582515987438
horseshoe,1003,depth_only,18,1,17,1,27.129999999999942,26.284999999999943,0.8449999999999989,43.060730454879085,39.71991685567905,3.3408135992000325,3,2,0.12100545357335286
horseshoe,1003,depth_only,18,8,18,6,22.47999999999993,20.924999999999926,1.5550000000000033,189.8218250551856,189.81684201542947,0.004983039756126573,2,1,0.00018048746748652175
horseshoe,1003,depth_only,19,7,19,6,25.184999999999928,25.31499999999994,-0.13000000000001322,189.91191245734453,189.93254233083647,0.020629873491941453,2,1,0.000747221335440869
horseshoe,1003,depth_only,20,0,19,0,28.16499999999995,28.06999999999994,0.09500000000000952,50.23513468709168,46.776456243260434,3.4586784438312463,7,1,0.12527456005339352
horseshoe,1003,depth_only,21,1,21,0,25.64499999999994,26.644999999999943,-1.0000000000000036,53.78273357699865,53.76657464535198,0.016158931646671704,1,2,0.00058528223593035
horseshoe,1003,depth_only,21,7,19,6,31.539999999999957,25.31499999999994,6.225000000000016,199.04648230931824,189.93254233083647,9.113939978481767,1,1,0.33011013879989515
horseshoe,1004,depth_only,5,3,3,5,8.080999999999994,4.350999999999997,3.729999999999997,32.42691668279272,32.55150697255977,0.124590289767049,44,14,0.021510678982976487
horseshoe,1004,depth_only,5,5,19,16,8.080999999999992,19.314999999999948,-11.233999999999956,28.641386021145824,28.94377490868916,0.30238888754333715,8,7,0.05220784300386468
horseshoe,1004,depth_only,7,12,7,6,6.333999999999991,15.62399999999998,-9.289999999999988,24.477885506708514,24.44056413525211,0.037321371456403796,5,25,0.006443584344367151
horseshoe,1004,depth_only,8,4,6,12,6.363999999999997,6.315999999999991,0.04800000000000626,26.949074359030934,26.985106905803335,0.03603254677240031,45,1,0.006221067051127278
horseshoe,1004,depth_only,8,5,19,12,7.868999999999996,18.659999999999975,-10.790999999999979,25.017980846733632,24.99800506010357,0.01997578663006294,26,24,0.003448846089331117
horseshoe,1004,depth_only,8,9,16,9,18.22499999999999,11.617999999999988,6.607000000000003,20.99935403815798,20.98233497554695,0.017019062611026925,109,370,0.002938363760943751
horseshoe,1004,depth_only,8,12,9,13,11.365999999999973,10.226999999999968,1.1390000000000047,22.48400197719894,22.54457499872299,0.060573021524049864,18,2,0.010458012606511842
horseshoe,1004,depth_only,9,11,16,11,15.183999999999912,15.908,-0.7240000000000872,20.32361739336376,20.278363776449766,0.0452536169139961,70,42,0.007813097056565434
horseshoe,1004,depth_only,10,5,18,13,4.897999999999997,18.694999999999965,-13.796999999999969,23.971758628329415,23.910925058872923,0.06083356945649143,31,15,0.010502996553053005
horseshoe,1004,depth_only,12,13,15,9,18.824999999999868,12.953999999999933,5.870999999999935,20.00711185267937,20.00515328821768,0.0019585644616881837,35,211,0.0003381487552650593
horseshoe,1004,depth_only,13,11,12,11,22.449999999999967,17.014999999999937,5.435000000000031,18.48652972044679,18.56254170282248,0.07601198237568951,49,46,0.013123569700337581
horseshoe,1004,depth_only,14,16,19,12,26.479999999999862,18.659999999999975,7.819999999999887,25.01934468491421,24.99800506010357,0.02133962481063989,22,24,0.003684314562371593
horseshoe,1004,depth_only,15,16,19,12,24.154999999999916,18.659999999999975,5.494999999999941,25.013494639270075,24.99800506010357,0.015489579166505507,11,24,0.00267429641310796
horseshoe,1004,depth_only,15,18,7,3,26.83999999999987,3.8389999999999973,23.00099999999987,30.0093310092206,29.960861675482917,0.04846933373768181,18,22,0.008368294836615501
horseshoe,1004,depth_only,16,8,12,6,6.944999999999999,5.750999999999998,1.1940000000000017,21.939272027198562,21.967072863187255,0.02780083598869254,81,30,0.004799851252688112
horseshoe,1004,depth_only,17,16,9,4,24.314999999999912,3.852999999999997,20.461999999999914,26.384022934319265,26.39310820915438,0.009085274835115342,4,11,0.0015685847654394588
horseshoe,1004,depth_only,17,17,20,14,22.869999999999937,21.499999999999982,1.3699999999999548,28.382307949573292,28.169743200240813,0.21256474933247915,2,16,0.036699586256176385
horseshoe,1004,depth_only,17,19,18,19,25.324999999999935,25.68499999999991,-0.35999999999997456,34.20345003015991,34.21846273034221,0.015012700182303718,1,1,0.0025919626231948583
horseshoe,1004,depth_only,19,14,6,12,23.244999999999948,6.315999999999991,16.928999999999956,26.793658215508188,26.985106905803335,0.19144869029514666,37,1,0.03305387062145949
horseshoe,1004,depth_only,20,17,4,4,22.069999999999947,7.930999999999996,14.138999999999951,32.166537231262424,32.246745147252916,0.08020791599049204,5,17,0.01384800321109235
horseshoe,1004,depth_only,21,17,3,4,23.744999999999955,4.128999999999997,19.615999999999957,34.34987207394288,34.46506260710025,0.11519053315736727,14,1,0.019887798521529398
horseshoe,1005,depth_only,3,11,8,3,4.045999999999998,2.6569999999999987,1.388999999999999,32.74294592163755,32.71554389171479,0.02740202992276153,6,2,0.001430593990512786
horseshoe,1005,depth_only,5,16,16,13,9.588000000000005,20.98999999999992,-11.401999999999916,28.497344672212712,28.511825935720147,0.014481263507434505,72,3,0.0007560318927890619
horseshoe,1005,depth_only,7,7,13,19,13.817999999999994,14.906999999999982,-1.088999999999988,25.886504493887077,25.837737377490456,0.0487671163966219,8,1,0.0025460137022072834
horseshoe,1005,depth_only,7,8,15,12,15.414999999999997,28.15499999999987,-12.739999999999872,24.511537102584196,24.4789800029559,0.03255709962829556,3,7,0.0016997277649885814
horseshoe,1005,depth_only,8,5,15,10,8.36900000000002,17.47999999999993,-9.11099999999991,27.91080308057101,27.856164072903947,0.05463900766706331,9,2,0.0028525710042800125
horseshoe,1005,depth_only,8,8,13,17,14.501000000000012,18.170000000000012,-3.6690000000000005,23.009037594798528,22.99446084682576,0.01457674797276809,15,27,0.0007610169067708212
horseshoe,1005,depth_only,9,11,10,10,19.005000000000003,17.53999999999991,1.4650000000000922,19.684073806963116,19.761272701881737,0.0771988949186202,50,67,0.004030368387163491
horseshoe,1005,depth_only,9,19,15,14,11.039999999999978,21.554999999999968,-10.51499999999999,24.9892797196934,24.999497337029624,0.010217617336223839,115,4,0.0005334371942430162
horseshoe,1005,depth_only,11,8,7,14,13.473999999999922,7.677999999999996,5.795999999999926,22.200853250878833,22.22724658021387,0.026393329335036242,48,128,0.001377932162060878
horseshoe,1005,depth_only,11,20,5,14,11.252999999999984,7.251999999999995,4.000999999999989,26.924001049314978,26.889501701301466,0.03449934801351162,57,25,0.0018011278757031981
horseshoe,1005,depth_only,12,16,13,14,19.24999999999992,21.349999999999994,-2.100000000000076,20.838609006789287,20.800571990841924,0.03803701594736353,69,5,0.001985820998835453
horseshoe,1005,depth_only,14,9,6,15,18.234999999999918,10.323000000000004,7.911999999999914,24.91394300722104,24.925124369253854,0.011181362032814945,41,120,0.000583751983885172
horseshoe,1005,depth_only,14,14,12,8,25.899999999999885,16.044999999999927,9.854999999999958,22.649279259144798,22.691285593736577,0.04200633459177894,19,4,0.0021930495660305496
horseshoe,1005,depth_only,14,18,6,16,20.07999999999996,7.141999999999995,12.937999999999963,25.808747157258686,25.798781411546383,0.009965745712303686,28,119,0.000520287583335484
horseshoe,1005,depth_only,15,13,6,10,22.53499999999995,10.667999999999969,11.866999999999981,24.701190291493134,24.682979963816486,0.01821032767664832,9,65,0.0009507173524338781
horseshoe,1005,depth_only,16,8,17,15,20.774999999999903,24.359999999999975,-3.585000000000072,31.396287590125258,31.106479651194707,0.2898079389305508,17,1,0.015130174552964651
horseshoe,1005,depth_only,16,9,17,15,23.79499999999993,24.359999999999975,-0.5650000000000439,31.239677834054824,31.106479651194707,0.13319818286011653,19,1,0.006953956348636171
horseshoe,1005,depth_only,17,8,18,13,24.01499999999993,25.58999999999996,-1.5750000000000313,34.848404018094996,34.782009272098456,0.06639474599653994,11,0,0.0034663097913550695
horseshoe,1005,depth_only,17,16,16,10,23.01499999999996,23.544999999999927,-0.5299999999999656,32.09498254850808,32.17278822689922,0.07780567839114383,7,2,0.004062047090959582
horseshoe,1005,depth_only,18,17,18,12,25.414999999999925,22.909999999999915,2.5050000000000097,35.80768075647768,35.57318952319564,0.2344912332820428,7,1,0.012242222569159758
open_robustness,1001,depth_only,3,5,9,4,29.689999999999955,19.42999999999995,10.260000000000005,25.618154858576975,25.579624359043287,0.03853049953368881,3,5,0.0023957459096463807
open_robustness,1001,depth_only,4,5,22,13,25.62999999999994,2.070000000000001,23.55999999999994,24.78889184261272,24.700482701504843,0.08840914110787779,2,1,0.005497095567093733
open_robustness,1001,depth_only,5,5,9,21,27.569999999999922,13.794999999999945,13.774999999999977,23.87846935863071,23.858924795276142,0.019544563354568112,8,16,0.0012152400897785171
open_robustness,1001,depth_only,5,14,5,12,28.864999999999952,26.14999999999991,2.7150000000000425,19.420642692731086,19.405202430674596,0.015440262056490184,8,8,0.0009600432154626456
open_robustness,1001,depth_only,6,16,6,9,27.90499999999997,24.504999999999956,3.400000000000013,19.594870322795703,19.589659127782614,0.005211195013089309,6,0,0.00032402121145775546
open_robustness,1001,depth_only,7,13,16,12,26.304999999999957,9.601999999999956,16.703000000000003,17.202764809895296,17.21654716533441,0.013782355439115435,5,17,0.0008569580479921744
open_robustness,1001,depth_only,7,15,17,15,29.14499999999997,23.354999999999958,5.790000000000013,18.19400235850712,18.19468409729244,0.0006817387853210732,28,115,4.238909243707612e-05
open_robustness,1001,depth_only,8,8,7,17,25.824999999999964,27.754999999999963,-1.9299999999999997,19.637505594683958,19.650436130277754,0.012930535593795867,8,10,0.0008039936708136314
open_robustness,1001,depth_only,8,21,15,5,11.58899999999999,11.595999999999995,-0.007000000000005002,24.36621901408645,24.141728551676124,0.22449046241032633,6,8,0.01395834763584946
open_robustness,1001,depth_only,9,2,15,3,20.97499999999995,6.020999999999997,14.953999999999954,29.348797881601122,29.142428952155587,0.2063689294455351,3,2,0.012831588600738547
open_robustness,1001,depth_only,10,5,21,13,22.44499999999994,2.737999999999999,19.70699999999994,23.138158161391647,23.12684308026481,0.011315081126838322,11,26,0.0007035480893061917
open_robustness,1001,depth_only,10,9,11,17,24.240000000000013,22.689999999999962,1.5500000000000504,17.46229345558947,17.442975916585866,0.019317539003605333,19,86,0.0012011241902497903
open_robustness,1001,depth_only,11,5,8,20,19.549999999999926,14.289999999999957,5.25999999999997,22.767810391085952,22.742856850278667,0.02495354080728518,11,6,0.001551558999850945
open_robustness,1001,depth_only,11,6,17,8,16.924999999999994,8.448999999999991,8.476000000000003,21.05914166858869,21.090284580679253,0.03114291209056219,8,4,0.0019364011668264547
open_robustness,1001,depth_only,11,10,9,15,20.48999999999998,26.53499999999998,-6.044999999999998,16.613886495323563,16.59483355134052,0.01905294398304136,17,64,0.0011846722250300119
open_robustness,1001,depth_only,12,2,11,2,16.67499999999998,3.187999999999999,13.48699999999998,28.749108039447858,28.693112086366874,0.05599595308098415,2,1,0.0034817112981684476
open_robustness,1001,depth_only,12,4,11,4,6.6649999999999965,19.78999999999996,-13.124999999999964,24.581238924241415,24.610081688011736,0.0288427637703208,5,6,0.00179338275293384
open_robustness,1001,depth_only,12,5,8,6,15.656000000000018,22.549999999999976,-6.8939999999999575,22.72019223897993,22.702083522312012,0.01810871666791769,12,7,0.0011259621445648977
open_robustness,1001,depth_only,12,6,8,7,18.56499999999995,24.11499999999994,-5.54999999999999,20.988521000857638,20.906111862722145,0.08240913813549255,20,8,0.00512402792579856
open_robustness,1001,depth_only,12,7,17,17,20.799999999999986,19.49999999999999,1.2999999999999972,19.47234833825593,19.49543114432684,0.023082806070910067,12,41,0.0014352406248767133
open_robustness,1001,depth_only,13,19,10,7,15.868999999999966,23.33500000000002,-7.466000000000053,19.955193959193476,19.922549944909054,0.032644014284421985,97,18,0.002029736563056043
open_robustness,1001,depth_only,14,4,9,22,7.923999999999997,10.155999999999976,-2.231999999999979,25.798491398861234,25.869043546405898,0.07055214754466377,7,1,0.004386785038930279
open_robustness,1001,depth_only,15,4,10,3,6.650999999999998,20.42000000000001,-13.76900000000001,27.05670717944955,26.877674192236807,0.17903298721274297,7,5,0.01113189686086684
open_robustness,1001,depth_only,15,7,5,9,7.632999999999997,29.1099999999999,-21.476999999999904,20.702990945318625,20.676305550571467,0.026685394747158142,9,3,0.0016592420572410498
open_robustness,1001,depth_only,16,6,13,5,8.72399999999999,5.694999999999994,3.0289999999999955,22.88650143832427,22.880021798387247,0.006479639937023052,4,2,0.0004028904650335874
open_robustness,1001,depth_only,16,11,14,17,10.64599999999995,19.004999999999978,-8.359000000000028,17.753798999404495,17.7659169896635,0.01211799025900362,33,308,0.0007534713005928992
open_robustness,1001,depth_only,16,13,16,14,15.346999999999987,15.496999999999975,-0.14999999999998792,17.040055916704535,17.084529147035934,0.04447323033139838,75,85,0.0027652524868526803
open_robustness,1001,depth_only,19,16,5,9,13.176999999999998,29.1099999999999,-15.932999999999902,20.679717237827237,20.676305550571467,0.003411687255770346,44,3,0.00021213158113504423
open_robustness,1001,depth_only,20,13,4,10,7.462999999999998,29.079999999999995,-21.616999999999997,21.817377665059457,21.803287488920187,0.014090176139269772,21,1,0.0008760976956018414
open_robustness,1001,depth_only,20,17,18,19,4.379999999999997,13.461000000000006,-9.081000000000008,22.583040024781088,22.587273946741114,0.0042339219600258104,21,35,0.0002632564160925302
open_robustness,1002,depth_only,3,3,4,2,32.079999999999956,27.559999999999913,4.520000000000042,43.538149901821264,44.372375695264836,0.8342257934435722,17,1,0.14304363385429156
open_robustness,1002,depth_only,3,4,4,3,31.299999999999923,32.27999999999995,-0.9800000000000288,41.69276514081989,41.63257663219109,0.06018850862879788,17,21,0.01032044688404374
open_robustness,1002,depth_only,5,4,22,8,28.78999999999995,0.22799999999998813,28.561999999999962,37.19019665586756,37.1094549988084,0.08074165705915703,6,6,0.013844669057143051
open_robustness,1002,depth_only,5,8,21,13,33.72999999999993,6.441999999999998,27.287999999999933,32.72415291961582,32.73982302428871,0.01567010467289265,8,21,0.002686932881846091
open_robustness,1002,depth_only,6,6,20,8,28.244999999999955,1.4610000000000003,26.783999999999956,31.555335285607025,31.645707214216124,0.09037192860909826,17,3,0.015495959449185302
open_robustness,1002,depth_only,6,8,20,13,29.014999999999958,12.894999999999946,16.12000000000001,29.901287046711843,29.832153350944488,0.06913369576735562,20,103,0.01185426672498171
open_robustness,1002,depth_only,6,9,20,10,28.54999999999997,11.47299999999993,17.07700000000004,29.715971824661715,29.62285869737664,0.09311312728507559,4,69,0.01596598929339545
open_robustness,1002,depth_only,8,8,18,14,28.390000000000015,19.599999999999945,8.79000000000007,25.80130170114502,25.829234505157757,0.027932804012735346,21,472,0.004789602312855923
open_robustness,1002,depth_only,8,12,18,9,25.62999999999989,10.891999999999971,14.737999999999918,25.728878124243085,25.723168445052668,0.005709679190417205,10,49,0.0009790314156652255
open_robustness,1002,depth_only,9,6,16,6,23.689999999999895,12.266999999999985,11.42299999999991,26.338100034988113,26.43593362302396,0.09783358803584719,31,12,0.01677540068364947
open_robustness,1002,depth_only,9,10,14,7,27.48499999999997,6.5499999999999945,20.934999999999977,23.029871588598517,23.001405096460424,0.028466492138093713,8,5,0.004881113135700445
open_robustness,1002,depth_only,9,12,13,16,27.62499999999993,28.71499999999996,-1.0900000000000318,23.526736842205104,23.50282697299871,0.02390986920639193,32,33,0.004099794807524698
open_robustness,1002,depth_only,11,13,12,14,28.73999999999995,25.39,3.349999999999948,21.192117888726575,21.262663366685093,0.07054547795851818,56,4,0.012096343218446458
open_robustness,1002,depth_only,12,7,15,15,22.619999999999955,21.51499999999995,1.105000000000004,22.687734692610295,22.68348891877211,0.004245773838185585,46,54,0.0007280174301858593
open_robustness,1002,depth_only,12,16,17,14,25.119999999999948,21.878999999999973,3.240999999999975,24.000858132395066,23.971106543767696,0.02975158862737004,10,212,0.005101466993282185
open_robustness,1002,depth_only,13,8,16,12,24.334999999999937,24.90499999999993,-0.5699999999999932,21.381829782976776,21.431811185609405,0.0499814026326284,58,122,0.00857024742449326
open_robustness,1002,depth_only,13,9,15,11,23.92999999999999,24.394999999999936,-0.46499999999994657,20.27713011586621,20.280033535997934,0.002903420131723067,28,54,0.0004978457505287694
open_robustness,1002,depth_only,13,15,16,9,28.92999999999998,17.205,11.72499999999998,22.325323937484544,22.362703608245198,0.03737967076065374,18,27,0.006409444517184654
open_robustness,1002,depth_only,17,8,18,13,18.629999999999967,21.974999999999955,-3.344999999999988,25.025404694110826,25.02783723752046,0.002432543409632615,25,398,0.0004171051189700406
open_robustness,1002,depth_only,18,8,7,10,12.974999999999985,28.86999999999993,-15.894999999999945,26.8232992637699,26.837875065316354,0.014575801546452993,21,1,0.0024992941190863194
open_robustness,1002,depth_only,19,10,7,9,13.04300000000001,28.87499999999996,-15.831999999999951,27.107725025076913,27.037943897376913,0.06978112770000067,56,8,0.01196528105353246
open_robustness,1003,depth_only,3,10,4,8,28.019999999999957,27.444999999999943,0.5750000000000135,25.274700313823836,25.200856957156066,0.0738433566677692,12,1,0.02036437541172786
open_robustness,1003,depth_only,4,9,13,21,28.999999999999957,1.2479999999999865,27.75199999999997,24.053651198994714,24.13555951720151,0.08190831820679634,21,24,0.022588514614944512
open_robustness,1003,depth_only,4,10,5,8,28.059999999999935,31.09999999999996,-3.040000000000024,23.355147187168935,23.457957742480463,0.10281055531152816,26,3,0.028352892380987982
open_robustness,1003,depth_only,4,11,20,16,25.58499999999994,14.72999999999997,10.85499999999997,22.909531158662332,22.830747759703275,0.0787833989590574,15,36,0.021726730541685203
open_robustness,1003,depth_only,5,10,8,7,28.639999999999983,25.60999999999996,3.0300000000000225,21.478349235175884,21.496106266298074,0.017757031122190625,45,2,0.004896999057030399
open_robustness,1003,depth_only,6,7,7,18,27.52499999999991,14.100999999999958,13.423999999999952,23.63743125543157,23.591369839572167,0.04606141585940193,5,0,0.012702726513054026
open_robustness,1003,depth_only,7,6,13,21,30.779999999999895,1.2479999999999865,29.531999999999908,23.995595508610243,24.13555951720151,0.13996400859126723,7,24,0.03859899852476433
open_robustness,1003,depth_only,7,7,19,11,28.659999999999954,12.63399999999999,16.025999999999964,22.546595041033264,22.61513564877924,0.0685406077459767,8,0,0.018901993761833942
open_robustness,1003,depth_only,8,5,21,17,27.17000000000001,8.672000000000002,18.498000000000005,25.34526446334195,25.36556761657938,0.020303153237428262,5,15,0.005599163597465397
open_robustness,1003,depth_only,8,16,10,18,17.519999999999936,7.297000000000001,10.222999999999935,19.35505508455188,19.37868295006261,0.023627865510732704,21,31,0.006516046197672312
open_robustness,1003,depth_only,9,7,6,9,30.664999999999992,31.029999999999944,-0.36499999999995225,20.765898302108027,20.855971606755194,0.09007330464716645,18,7,0.024840238488379147
open_robustness,1003,depth_only,9,9,17,15,26.500000000000018,18.615000000000034,7.884999999999984,17.844124799505572,17.826517967148057,0.017606832357515145,16,74,0.004855577537637791
open_robustness,1003,depth_only,9,10,16,15,23.70499999999998,19.324999999999974,4.380000000000006,16.78609863214379,16.77578704169176,0.010311590452030117,14,64,0.002843710098416815
open_robustness,1003,depth_only,10,6,20,14,26.389999999999958,14.35899999999997,12.030999999999988,22.382803516965243,22.350394651227916,0.032408865737327375,3,6,0.008937653139368824
open_robustness,1003,depth_only,10,10,14,11,23.689999999999987,15.933999999999994,7.755999999999993,16.235409821039106,16.16322359008023,0.07218623095887722,58,24,0.019907376548686857
open_robustness,1003,depth_only,12,8,11,8,22.109999999999992,19.45899999999999,2.6510000000000034,18.70648339566671,18.700794198027683,0.005689197639025423,5,3,0.0015689557157305962
open_robustness,1003,depth_only,14,9,11,8,14.676999999999994,19.45899999999999,-4.781999999999995,18.702083191634205,18.700794198027683,0.0012889936065221264,4,3,0.0003554761171628983
open_robustness,1003,depth_only,16,13,8,12,18.944999999999993,25.03499999999995,-6.089999999999957,16.605038826401838,16.61200233333112,0.006963506929281493,43,84,0.0019203822210854626
open_robustness,1003,depth_only,18,12,10,18,16.26099999999994,7.297000000000001,8.963999999999938,19.33143159574666,19.37868295006261,0.04725135431595007,17,31,0.013030885396120821
open_robustness,1003,depth_only,18,13,18,14,15.569999999999938,15.699999999999985,-0.13000000000004697,18.865141305517042,18.886816227089827,0.021674921572785166,14,51,0.005977467166259177
open_robustness,1003,depth_only,19,13,16,19,13.133999999999983,6.246999999999989,6.886999999999993,21.190710389540147,21.20009042736945,0.009380037829302523,10,33,0.002586808351515532
open_robustness,1003,depth_only,21,13,4,8,8.668999999999993,27.444999999999943,-18.77599999999995,25.27856406477462,25.200856957156066,0.07770710761855426,2,1,0.021429913036367706
open_robustness,1003,depth_only,21,15,19,19,12.448999999999964,8.797000000000002,3.651999999999962,24.518212288143438,24.60943198045517,0.0912196923117321,5,64,0.0251563870198391
open_robustness,1003,depth_only,21,19,8,4,8.084999999999988,30.62499999999994,-22.53999999999995,27.638815599574237,27.696460510663123,0.05764491108888592,64,2,0.015897200005022614
