sample_index,evaluation,source,fitness,final_x,final_y,latent_0,latent_1,path_length,loop_score,is_loop,is_near_still
0,23,bootstrap_random,1.296000000000001,-0.7232843225881552,-0.7306609252002693,-4.775406360626221,3.52933669090271,0.0,0.0,False,True
1,37,bootstrap_random,1.296000000000001,-0.7299708928056236,-0.7323658279637856,-4.846268653869629,3.587202787399292,0.0,0.0,False,True
2,122,bootstrap_random,1.296000000000001,-0.7255347198735485,-0.7116790809480573,-4.771142482757568,3.426802158355713,0.0,0.0,False,True
3,161,bootstrap_random,5.820999999999996,0.6968061221014248,0.1344155531582708,-3.041062355041504,-4.631725788116455,6.517719745635986,7.627030609238602,True,False
4,196,bootstrap_random,6.968999999999999,-0.21140822665506825,0.47041141094607714,9.297232627868652,3.3930740356445312,6.451618194580078,10.305532701905827,True,False
5,253,bootstrap_random,4.310000000000001,-0.4861305182643197,-0.43537287915775297,-3.9991495609283447,3.044678211212158,0.632994532585144,3.2715898820327025,False,False
6,345,bootstrap_random,5.764999999999996,-0.6119018510259072,0.14734086475508107,-0.15468533337116241,1.7370729446411133,6.766397476196289,2.0862888710794727,True,False
7,365,bootstrap_random,1.296000000000001,-0.7126579466220453,-0.7107856423536218,-4.638113975524902,3.33027720451355,0.0,0.0,False,True
8,370,bootstrap_random,-1.714999999999998,0.38043385341768954,-0.9691246519706851,-0.09042742848396301,0.8193326592445374,2.5119001865386963,0.5484219949611514,False,False
9,413,bootstrap_random,5.624999999999984,0.9747562974281738,0.5053397915362804,7.357161521911621,-4.307950496673584,4.2417755126953125,1.6225282851364817,True,False
10,422,bootstrap_random,7.300999999999996,0.10806803980178842,0.740851535851951,-1.418679118156433,0.31836968660354614,9.442754745483398,2.7345527499440916,True,False
11,452,bootstrap_random,-1.903999999999998,0.9749771967362437,-0.30389104560089913,-0.020982638001441956,0.7527914047241211,2.3592755794525146,0.4210471631674176,False,False
12,560,bootstrap_random,6.349000000000002,0.3186693501727438,-0.04047308609326347,-1.7531242370605469,2.6366770267486572,1.9554307460784912,2.160982909150843,True,False
13,719,bootstrap_random,4.638000000000001,-0.5926543690484256,-0.570616308160092,-3.861442804336548,1.3439874649047852,1.5970396995544434,6.87673523960459,True,False
14,722,bootstrap_random,1.296000000000001,-0.7256721047984813,-0.7116012877777552,-4.772438049316406,3.42728853225708,0.0,0.0,False,True
15,727,bootstrap_random,1.460000000000001,-0.5603502355901923,-0.9694468989430848,-3.605762481689453,2.87376070022583,0.34839263558387756,0.3085338553974991,False,False
16,759,bootstrap_random,1.3200000000000005,0.5534510414648788,0.21103705934742015,-1.087188959121704,2.069246292114258,2.086073637008667,4.089247612901011,True,False
17,778,bootstrap_random,1.1210000000000024,-0.506263343113614,-0.9524930153894681,-3.9408929347991943,2.873440980911255,1.2245886325836182,2.997975539521623,True,False
18,832,bootstrap_random,1.337000000000001,-0.7681379206389647,-0.9484708789004814,-4.569630146026611,3.2609691619873047,1.9546396732330322,9.51889404748016,True,False
19,837,bootstrap_random,4.511000000000001,-0.46578749539286074,-0.4727359019495915,-4.00926399230957,3.510688304901123,1.4528279304504395,4.2654060842586805,True,False
20,1031,bootstrap_random,1.296000000000001,-0.7261730813125217,-0.7120103947790414,-4.77815055847168,3.4333786964416504,0.0,0.0,False,True
21,1040,bootstrap_random,1.722000000000001,-0.4741355988829968,-0.006778760799149406,-3.1922340393066406,3.337902545928955,0.7877296805381775,0.21845475930243222,False,False
22,1109,bootstrap_random,1.296000000000001,-0.7148110963973465,-0.7287860078503797,-4.686021327972412,3.4577925205230713,0.0,0.0,False,True
23,1126,bootstrap_random,1.5540000000000007,-0.8983660965501935,-0.5373640545249727,-4.855762481689453,4.747678279876709,2.2600343227386475,7.283898297791169,True,False
24,1140,bootstrap_random,1.423000000000001,-0.8529066998780758,-0.9286094121423311,-4.995360851287842,3.705094814300537,0.3026806116104126,5.150762828796377,False,False
25,1228,bootstrap_random,7.070000000000001,-0.6400648407548188,-0.442171510756053,-4.0327911376953125,3.7184667587280273,0.5052275657653809,1.1514564370329368,False,False
26,1310,bootstrap_random,1.296000000000001,-0.7281238852904092,-0.7114502750499948,-4.797303676605225,3.4436633586883545,0.0,0.0,False,True
27,1311,bootstrap_random,5.652999999999997,-0.9617630150545468,-0.26344864994343925,-3.5596673488616943,1.7142704725265503,6.764557838439941,6.643693435019239,True,False
28,1337,bootstrap_random,5.437999999999999,-0.7623627267814337,-0.03651542496330962,-7.102865219116211,-5.746425628662109,5.540031433105469,7.454938377166814,True,False
29,1355,bootstrap_random,1.296000000000001,-0.7203720220993921,-0.7154783375540554,-4.723784923553467,3.4140424728393555,0.0,0.0,False,True
30,1424,bootstrap_random,0.305,-0.9736220535560917,-0.9103830505755334,-5.557613372802734,4.037042617797852,0.4050051271915436,6.51920185374714,False,False
31,1502,bootstrap_random,1.296000000000001,-0.7135515182877754,-0.7145705309192627,-4.652698040008545,3.3602042198181152,0.0,0.0,False,True
32,1574,bootstrap_random,1.5940000000000005,0.12858712306747513,-0.8013291141582857,-2.9121689796447754,2.503079414367676,2.308424234390259,8.168840070391292,True,False
33,1625,bootstrap_random,1.3570000000000013,-0.973924484067503,-0.9691371280294164,-4.961797714233398,3.7066638469696045,0.7085269689559937,3.5810955025943656,False,False
34,1719,bootstrap_random,1.296000000000001,-0.7314510316071202,-0.7075657640603108,-4.825758934020996,3.4429268836975098,0.0,0.0,False,True
35,1843,bootstrap_random,3.5119999999999982,0.6529945473066406,-0.6040516567910275,-2.471250057220459,0.9845736026763916,6.1261210441589355,4.126517374908084,True,False
36,1852,bootstrap_random,1.296000000000001,-0.705346576651711,-0.7244240759520423,-4.585247993469238,3.3620388507843018,0.0,0.0,False,True
37,1871,bootstrap_random,1.071000000000001,-0.3409492800324393,0.27394479202425465,-1.577723741531372,0.5036689043045044,4.87102746963501,2.8413893546855786,True,False
38,1942,bootstrap_random,5.838999999999998,0.6427520541066039,0.9681758368242676,-0.727917492389679,-2.117551326751709,6.219526767730713,5.858899235233438,True,False
39,1997,bootstrap_random,6.201999999999997,-0.33511901354850115,-0.03753450117537361,-1.576925277709961,2.5846190452575684,8.667555809020996,4.656996918265556,True,False
40,2257,mutated_elite,7.813999999999951,0.24045294160949515,-0.05155919510939149,6.145416736602783,-5.977848529815674,3.8791685104370117,3.135656064299035,True,False
41,2326,mutated_elite,4.944000000000002,0.40934390479618576,0.2153268031228422,-1.539025068283081,2.729491710662842,3.641218423843384,1.8169623695473454,True,False
42,2332,mutated_elite,11.587999999999983,0.8304556489666659,0.7352991109782834,5.890106201171875,0.6868589520454407,10.061264991760254,3.166752853116232,True,False
43,2333,mutated_elite,0.06799999999999948,0.9280100004358641,-0.06763413990839333,-1.563376545906067,1.8309030532836914,3.9902093410491943,1.4646502838554156,True,False
44,2398,mutated_elite,2.297999999999987,0.8457281875947351,0.22112601706531526,-2.040633201599121,-3.463261604309082,3.6379899978637695,2.1680160308301955,True,False
45,2459,mutated_elite,10.480999999999938,0.48640963836485923,-0.0734344547119177,-2.019322395324707,-3.050088405609131,7.22644567489624,10.72053863864336,True,False
46,2477,mutated_elite,12.909999999999993,0.8361612261623804,-0.906894430540181,0.3910015821456909,-1.0511395931243896,10.052878379821777,1.5981300905112883,True,False
47,2530,mutated_elite,4.995999999999998,-0.2533393633558043,-0.7099852491923585,-6.348986625671387,-4.109185695648193,3.777789831161499,7.849352963158554,True,False
48,2569,mutated_elite,1.9310000000000007,0.5699480984088672,-0.44566551281099936,-0.7995601892471313,1.5454916954040527,1.3200392723083496,0.20117754915116492,False,False
49,2614,mutated_elite,1.8490000000000009,-0.6805866331596667,-0.05386693283662425,-4.440177917480469,1.1439217329025269,1.081317663192749,0.5234927151824942,False,False
50,2655,mutated_elite,6.535999999999995,0.10939778764346993,-0.2432034556857863,-3.230602264404297,-2.676340103149414,8.069272994995117,5.570097587647881,True,False
51,2662,mutated_elite,1.3390000000000017,-0.9749189825892202,0.6347457416517374,0.5773641467094421,1.6043741703033447,4.786993980407715,0.9494569315334039,False,False
52,2712,mutated_elite,8.229999999999988,-0.0756635180726279,-0.15139264983586706,-0.5873273015022278,2.4358317852020264,10.146450996398926,4.194787392392085,True,False
53,2754,mutated_elite,4.900999999999989,0.37851509371491227,0.9749781830484124,1.7238138914108276,-0.5220354795455933,6.683904647827148,2.792449076116677,True,False
54,2824,mutated_elite,4.2259999999999955,-0.7579622364285273,0.10609670265337777,-6.89290714263916,-1.4955697059631348,2.543246269226074,2.125446345591156,True,False
55,2870,mutated_elite,1.7940000000000005,-0.3600159679430292,-0.8391074792109692,-3.455084800720215,3.098644733428955,3.498018264770508,2.200628969861154,True,False
56,2884,mutated_elite,2.1149999999999967,0.6507784086151237,0.3651862172878741,-1.3003758192062378,3.0114831924438477,4.24212646484375,2.0273816769097253,True,False
57,2916,mutated_elite,3.1759999999999815,0.0640762952878196,-0.9684276320348147,1.1976691484451294,0.06982886791229248,5.03537130355835,1.216956281571562,True,False
58,2951,mutated_elite,8.289999999999983,-0.5687953379778666,-0.4791194463061207,-6.105834007263184,-3.5764341354370117,6.747879981994629,12.837356937492974,True,False
59,2984,mutated_elite,1.242000000000002,-0.8795305661823093,-0.9365953249084786,-5.306431770324707,3.5584938526153564,1.9916068315505981,6.0060549019914555,True,False
60,3046,mutated_elite,9.956999999999985,0.5351421858075742,-0.15859565216111737,8.625925064086914,-5.237053871154785,8.898545265197754,6.343084363524491,True,False
61,3076,mutated_elite,-0.11699999999999874,-0.0637358862770512,-0.4476399347556979,0.35319334268569946,1.6414873600006104,3.4516923427581787,2.4154848645444114,True,False
62,3130,mutated_elite,15.719999999999935,0.1495016436117904,-0.033734159825393274,6.4824371337890625,-7.448513031005859,5.510116100311279,6.398392503347586,True,False
63,3141,mutated_elite,1.723000000000001,-0.7929785620115067,0.45068358925765023,-7.770906448364258,1.1895854473114014,2.684678792953491,6.536500749749022,True,False
64,3414,mutated_elite,5.531999999999997,-0.4820552001122462,0.3997562330392352,-7.732590198516846,-4.880624771118164,4.82984733581543,6.956895553959713,True,False
65,3428,mutated_elite,1.2980000000000012,-0.952932058009312,-0.9065830406485403,-4.805323600769043,4.160032749176025,2.707659959793091,7.633524449537487,True,False
66,3431,mutated_elite,1.4379999999999997,-0.5360989225520945,-0.2308015573023809,-3.202336311340332,1.1943378448486328,5.199243068695068,3.580598871950715,True,False
67,3444,mutated_elite,-2.6040000000000005,0.971490005407095,-0.9748760528544236,-0.27785664796829224,0.7796900868415833,1.7083256244659424,0.15162448877722703,False,False
68,3463,mutated_elite,17.785999999999998,0.7133401628279846,0.6290071234908707,-2.4926517009735107,0.005177423357963562,15.5706148147583,3.3533314610716736,True,False
69,3503,mutated_elite,6.440999999999997,0.7701371190264822,0.46103811651005155,7.229927062988281,1.5496716499328613,8.245122909545898,2.2984844829720004,True,False
70,3546,mutated_elite,3.9119999999999955,-0.17411563268045038,0.3746322494907416,-1.204877495765686,0.30834901332855225,7.254260063171387,2.000763215458333,True,False
71,3711,mutated_elite,15.274999999999988,0.5686529072764904,-0.6410595620235746,-1.5477557182312012,-0.2938429117202759,12.813081741333008,8.914636622091988,True,False
72,3744,mutated_elite,21.024999999999938,-0.2806454352351931,0.7837246638946275,5.0532097816467285,-20.31174087524414,14.276834487915039,2.4606395487113284,True,False
73,3850,mutated_elite,10.252999999999965,0.3812436051982263,0.40423544368333014,18.671140670776367,-7.15177583694458,10.579421997070312,7.219730947268623,True,False
74,3852,mutated_elite,1.876000000000001,-0.7329506385195396,-0.8006305980269303,-4.702190399169922,3.833606719970703,2.6125638484954834,3.227164206723198,True,False
75,3910,mutated_elite,1.603,-0.24911031553957458,-0.2268875383566602,0.8550004959106445,0.9052806496620178,4.508354187011719,1.4830433761623338,True,False
76,3938,mutated_elite,2.2820000000000005,-0.4559282469885202,-0.5498053276473819,-3.0948657989501953,1.3815853595733643,3.397865056991577,2.234804200828267,True,False
77,3952,mutated_elite,12.571999999999976,-0.24246097590837962,0.5378202908394489,-1.8638861179351807,0.017664462327957153,9.683877944946289,8.349198956306537,True,False
78,3953,mutated_elite,6.348999999999997,-0.9509584350317728,-0.36318439377307477,-3.9227840900421143,-2.5773508548736572,7.50924015045166,4.667611032235756,True,False
79,3956,mutated_elite,15.23600000000002,0.765147723048446,0.08830835283957482,1.7046643495559692,-5.318267345428467,12.914007186889648,2.488785392243117,True,False
80,4021,mutated_elite,-0.7859999999999999,0.9727100144488873,0.8469724230157083,11.914469718933105,1.8792750835418701,3.350773334503174,1.180884914199863,True,False
81,4023,mutated_elite,5.636999999999999,-0.15213861981482593,-0.1754303403341344,8.05813217163086,-2.3209688663482666,3.3733022212982178,1.1912029015240473,True,False
82,4055,mutated_elite,6.905999999999995,0.8033920273564629,0.05692629025879723,6.035215377807617,7.89456844329834,7.778505802154541,1.5013705950892566,True,False
83,4074,mutated_elite,1.1100000000000005,-0.7364517197682662,-0.9020942851954477,-3.940333127975464,3.5287721157073975,2.8783769607543945,8.538347840337646,True,False
84,4107,mutated_elite,2.736999999999999,-0.9359260319576915,-0.9566735066000907,1.8315216302871704,1.5783019065856934,5.921769142150879,1.010210857072741,True,False
85,4173,mutated_elite,13.429999999999923,-0.9592507047445683,0.3667469634772828,22.211530685424805,-7.589682102203369,13.14632511138916,7.609669179060319,True,False
86,4188,mutated_elite,8.346999999999987,-0.15369570739790162,-0.39885993138746745,-3.4216957092285156,1.3083226680755615,7.340859889984131,4.0190803206475625,True,False
87,4189,mutated_elite,22.779999999999923,-0.07809905574067766,-0.4498252307147591,5.450199604034424,-20.095840454101562,11.527777671813965,3.3626308395176365,True,False
88,4241,mutated_elite,1.5150000000000006,-0.07880539648288079,-0.46830457369152473,0.09812547266483307,1.0196884870529175,5.402161598205566,2.670729033827788,True,False
89,4287,mutated_elite,3.9119999999999973,0.2145476432978914,-0.030646607470489695,5.275779724121094,1.5867114067077637,7.013513565063477,2.511601866838517,True,False
90,4393,mutated_elite,2.9769999999999994,-0.6628464694746805,0.06374301356902662,6.2696123123168945,1.9897207021713257,5.941786766052246,2.2295085274917836,True,False
91,4433,mutated_elite,6.579999999999997,-0.6283008108515852,0.4557297616371904,24.048227310180664,-1.662200689315796,8.185708045959473,6.942435588140851,True,False
92,4454,mutated_elite,9.789999999999951,0.27448926030152826,-0.11095441690985677,15.133148193359375,-13.256027221679688,6.341611862182617,12.44205230196139,True,False
93,4498,mutated_elite,2.180999999999995,-0.7094108065365606,0.21421799699134741,-0.4791662096977234,5.742109775543213,5.652194023132324,2.5873855477554764,True,False
94,4503,mutated_elite,0.249000000000002,0.0010834328639312254,-0.4530723805192705,-1.6798951625823975,0.7688803672790527,3.1412136554718018,1.935735261100365,True,False
95,4636,mutated_elite,5.985999999999995,0.8799324828757641,0.4580671896995493,-3.7580935955047607,-5.737205982208252,6.457281589508057,5.882062987002638,True,False
96,4701,mutated_elite,8.473,0.12135352413337774,0.18294068996648888,-1.5889984369277954,-0.3030357360839844,10.440176010131836,3.323917023738041,True,False
97,4737,mutated_elite,5.190999999999995,-0.597500419179282,-0.07077665493630025,-2.5183870792388916,-0.4317064881324768,7.760606288909912,3.7135598877936298,True,False
98,4869,mutated_elite,3.930999999999994,-0.8055339488062255,-0.5983777518240467,-6.141081809997559,-2.3315439224243164,3.9526429176330566,2.7857469909390975,True,False
99,4928,mutated_elite,4.963,-0.6667453373545263,-0.33514880151107057,-4.480146884918213,-2.1117050647735596,4.221469402313232,9.371392924932122,True,False
100,5055,mutated_elite,8.063999999999997,0.6977178503381634,-0.20791233532245132,-1.5818724632263184,-0.8684501051902771,7.983412742614746,5.717508855262838,True,False
101,5106,mutated_elite,8.361999999999993,-0.44398230729159976,-0.5224360808491325,-5.918633937835693,-3.1336348056793213,6.926650047302246,13.158758319077094,True,False
102,5116,mutated_elite,11.218999999999964,0.6876264686989617,0.4751239084197012,4.757714748382568,-4.635716438293457,9.163945198059082,10.650876780388492,True,False
103,5129,mutated_elite,0.46199999999998886,0.9749917268542329,0.9743328380208839,1.1674004793167114,0.29272550344467163,2.524400234222412,1.375737461533876,True,False
104,5133,mutated_elite,5.621999999999998,-0.569131604297365,0.7615223146690046,17.451383590698242,-4.445815563201904,5.86503267288208,6.770838165328934,True,False
105,5141,mutated_elite,14.615999999999952,-0.7178247911198256,-0.6195856908031303,4.198437690734863,-7.018838405609131,9.301743507385254,7.439295119019742,True,False
106,5181,mutated_elite,-3.2110000000000034,-0.07486511329846458,-0.4453594870414904,-0.24053014814853668,1.8899692296981812,0.8851690888404846,0.6460291168591817,False,False
107,5240,mutated_elite,2.995999999999998,0.12995525518522755,0.5710436509741684,2.838442087173462,1.4517879486083984,5.032344341278076,3.907007844670325,True,False
108,5271,mutated_elite,9.545999999999939,0.30904626561643606,0.13669003386627757,11.624784469604492,-6.5273661613464355,6.225903034210205,12.391881678649996,True,False
109,5294,mutated_elite,-0.45099999999999835,0.9749956985420888,0.4880325956703814,1.7615429162979126,0.7989116311073303,3.330728530883789,0.7755193341298592,False,False
110,5317,mutated_elite,12.101000000000004,0.20918695610840368,0.1970398973905287,-1.8922661542892456,0.27061888575553894,12.38198184967041,2.6311479358055823,True,False
111,5379,mutated_elite,-2.272999999999999,-0.9743366815871247,-0.1978658806596332,-4.6635894775390625,0.5888268947601318,1.4632487297058105,0.6352591607394195,False,False
112,5458,mutated_elite,9.148999999999955,-0.5078811901763775,-0.3571728517664521,-5.820098876953125,-4.031474590301514,8.68795394897461,8.331327538670227,True,False
113,5464,mutated_elite,1.8510000000000006,-0.9245956938170667,-0.03143083760835426,-6.674272537231445,2.8785533905029297,2.5851662158966064,7.781627235860412,True,False
114,5466,mutated_elite,5.093999999999994,-0.6619228223190986,-0.20656181753521255,-2.9140334129333496,-0.7218977808952332,7.252205848693848,4.111407175080237,True,False
115,5581,mutated_elite,1.3720000000000026,-0.1718608692542188,0.18468775289400607,4.0386247634887695,6.683717250823975,4.8266425132751465,1.6752209178534068,True,False
116,5647,mutated_elite,-1.0759999999999992,0.09660857839803458,-0.9741120529284856,-1.6890180110931396,1.8429042100906372,0.9676927924156189,2.132032317552845,False,False
117,5751,mutated_elite,15.598999999999961,-0.008265826240098443,-0.7821916179534234,13.094482421875,-10.45313549041748,10.208971977233887,14.38119582745759,True,False
118,5811,mutated_elite,5.3489999999999975,-0.49990779040876004,-0.38404407303505267,-2.2753512859344482,2.664370536804199,7.419036388397217,4.302743237465565,True,False
119,5841,mutated_elite,3.5129999999999955,-0.5861632280816335,0.30592861510036595,-1.4832905530929565,-0.22787337005138397,6.711184501647949,2.0030888189797316,True,False
120,6107,mutated_elite,11.565999999999995,0.03762850719578327,-0.1516621984665058,0.9507348537445068,1.6074762344360352,11.691041946411133,4.0337412458100035,True,False
121,6121,mutated_elite,19.72499999999999,0.3838598160464143,-0.7200052322400894,0.19195200502872467,3.916726589202881,14.869874000549316,3.3591453180931885,True,False
122,6129,mutated_elite,7.573999999999999,0.8509435079059409,0.15763808256804848,-0.45824533700942993,1.3052469491958618,5.825360298156738,6.108049357957348,True,False
123,6169,mutated_elite,9.722999999999965,-0.26409897952415945,-0.510754419945941,-5.9570722579956055,-3.8153018951416016,10.778769493103027,6.383523940434376,True,False
124,6175,mutated_elite,5.682999999999997,-0.5444156431239718,-0.7233102693865244,-6.612241744995117,-3.6955904960632324,6.740921974182129,8.874124189830956,True,False
125,6177,mutated_elite,13.11499999999994,0.74931016383861,0.6130183847556517,20.681489944458008,-14.854035377502441,8.639623641967773,14.401632967710121,True,False
126,6263,mutated_elite,6.6439999999999975,-0.5908592302411173,-0.8732529474204802,-0.7603138089179993,-0.13830123841762543,7.988434314727783,3.2274477354647444,True,False
127,6409,mutated_elite,19.129999999999956,0.5955941463763653,-0.02913818334116438,2.9057204723358154,4.547326564788818,12.994038581848145,9.073267006655627,True,False
128,6505,mutated_elite,7.061999999999998,0.13448984586003734,-0.8194102970596665,3.3826186656951904,-0.18045680224895477,7.278326511383057,4.05781386808476,True,False
129,6517,mutated_elite,4.236999999999997,0.3871359634780991,0.8408274246850443,7.289166450500488,0.21266032755374908,7.433391571044922,3.396681002131947,True,False
130,6560,mutated_elite,19.36499999999997,0.9406147134716205,0.042812890220203126,-0.06113728880882263,-7.1258463859558105,13.969575881958008,7.229540313172614,True,False
131,6580,mutated_elite,11.039999999999974,0.30222976847140487,-0.06449420968434591,-3.6037425994873047,-1.1548634767532349,10.482126235961914,5.994115731322273,True,False
132,6609,mutated_elite,8.877999999999988,-0.10599853474544388,0.4387691012735309,-6.394803047180176,-2.3471946716308594,8.048494338989258,9.533799038068944,True,False
133,6630,mutated_elite,1.5590000000000004,-0.031610288995526065,-0.44663690242369863,-1.197850227355957,1.6169395446777344,2.4026670455932617,2.4911434771085688,True,False
134,6635,mutated_elite,18.144999999999936,0.04246650503699575,0.5437499753376762,20.80995750427246,-16.27920913696289,14.92099380493164,7.065116713936952,True,False
135,6687,mutated_elite,5.149,0.39110675317275706,0.21621052292837573,2.5744004249572754,-2.6325266361236572,7.193005084991455,4.455475374225943,True,False
136,6749,mutated_elite,1.5820000000000027,-0.5769736201679162,0.14838287318248355,-0.07235071063041687,1.381772518157959,5.16152811050415,1.8513988173047156,True,False
137,6754,mutated_elite,10.694999999999974,-0.11657126948614162,-0.033721729609365016,-0.5213961601257324,-3.1570839881896973,8.650583267211914,8.646788173496251,True,False
138,6842,mutated_elite,6.0759999999999925,-0.41128137387103714,-0.7776389038911885,-0.3564913272857666,3.5165786743164062,7.829183101654053,1.59792928294969,True,False
139,6921,mutated_elite,1.7899999999999985,-0.9632005259547104,-0.9611335784698447,5.906349182128906,7.350037097930908,5.512078285217285,1.2654765035065079,True,False
140,7014,mutated_elite,17.014999999999905,-0.59836626335968,0.35951405037831263,22.65456771850586,-15.961420059204102,12.043792724609375,8.750409125176496,True,False
141,7105,mutated_elite,6.2979999999999965,0.675378658984006,0.3571624828014939,5.012590408325195,-3.402905225753784,8.224842071533203,5.281719108226902,True,False
142,7161,mutated_elite,8.657999999999952,-0.8027339634071936,-0.5743076089842352,-6.538373947143555,-4.066816806793213,7.939218044281006,8.389463073245745,True,False
143,7167,mutated_elite,0.2519999999999898,0.38359961800976633,0.9685204572524099,1.3304201364517212,0.06254436075687408,2.2390756607055664,0.47488392846131056,False,False
144,7188,mutated_elite,13.200000000000061,0.45087892624411,0.20822897322439862,3.419663667678833,-8.829391479492188,8.040914535522461,3.755703976356387,True,False
145,7212,mutated_elite,4.304999999999997,0.2511972257387399,-0.6143428726458439,-1.4214894771575928,-0.07062219083309174,7.286534309387207,3.104404457860651,True,False
146,7366,mutated_elite,16.97299999999999,-0.5228456681176029,0.7375075636239753,1.4808262586593628,-3.30853533744812,14.441666603088379,2.4888550601726513,True,False
147,7395,mutated_elite,8.567999999999937,0.333535494778148,-0.006691212437709676,10.189478874206543,-6.942392826080322,8.511823654174805,7.141963324070748,True,False
148,7526,mutated_elite,6.810999999999997,0.3284618053726214,-0.2703655486432704,-1.2332494258880615,0.21500352025032043,7.843840599060059,3.0567643437457566,True,False
149,7528,mutated_elite,8.523000000000039,-0.920307059350594,0.04768443742236092,3.0907349586486816,2.3824729919433594,6.220541477203369,3.469488086608615,True,False
150,7536,mutated_elite,6.196999999999997,-0.7753689883845957,0.4310515287947638,12.340261459350586,-4.616753101348877,5.76887321472168,10.399263539667894,True,False
151,7537,mutated_elite,9.055999999999976,0.03172248272256772,-0.5173857473758466,-3.887190103530884,-1.7775547504425049,10.487578392028809,5.0729463318004395,True,False
152,7546,mutated_elite,-1.577999999999999,0.9740986573273013,0.1327208491642808,0.5415263175964355,0.6614002585411072,2.7836451530456543,0.8810798318614155,False,False
153,7547,mutated_elite,2.61,-0.450863842573101,0.152335039019685,-0.09759871661663055,1.579489827156067,5.629974365234375,2.2211697772070873,True,False
154,7615,mutated_elite,15.419999999999973,0.5038415980938422,-0.3420738252878434,1.0709601640701294,5.7319536209106445,14.736048698425293,2.6976059799937695,True,False
155,7634,mutated_elite,-2.396,-0.8237562441332773,-0.9747157604040285,-1.5258077383041382,1.9323399066925049,2.17205810546875,0.5619464525366936,False,False
156,7776,mutated_elite,7.308999999999995,0.31847998999754484,0.26740629847450226,0.997357964515686,4.731889247894287,8.109557151794434,3.094039569904166,True,False
157,7779,mutated_elite,21.86999999999997,0.8597155298158204,-0.6369867906360794,2.4225800037384033,-16.66263198852539,15.365530014038086,2.648346048571711,True,False
158,7846,mutated_elite,10.87499999999999,-0.6197875920507929,0.14532633678425538,-0.14945250749588013,1.6023633480072021,8.501531600952148,4.07159172567851,True,False
159,7910,mutated_elite,3.8059999999999867,-0.672105101736045,0.9747134722093643,7.559759140014648,-0.28794121742248535,6.257628440856934,2.7218883649670356,True,False
160,8011,mutated_elite,3.4809999999999985,-0.3877815310647914,-0.24807883042442508,1.3909212350845337,3.5149359703063965,5.1022419929504395,1.0524092835848955,True,False
161,8044,mutated_elite,7.126999999999995,0.9499813436634797,0.1789542284127924,7.203492641448975,-3.486778736114502,9.142739295959473,4.096393812156623,True,False
162,8130,mutated_elite,-0.7360000000000009,-0.16281380365746248,-0.4022438877830221,-0.6135470867156982,1.424451231956482,3.163409471511841,3.253886335267993,True,False
163,8158,mutated_elite,3.948999999999997,0.5136454693001783,0.19026630733687913,7.221798419952393,7.932971000671387,7.69934606552124,1.5136420165160647,True,False
164,8166,mutated_elite,13.860999999999999,0.7836278693922188,-0.6415023210251378,-1.7071712017059326,0.37925195693969727,9.92687702178955,3.530176897677865,True,False
165,8175,mutated_elite,5.608999999999996,0.12222188004748666,0.1462366839676918,-2.590290069580078,-0.5956241488456726,8.088375091552734,3.4703696363574914,True,False
166,8198,mutated_elite,9.585000000000024,-0.9310988748336776,0.9668606639039167,1.1914528608322144,2.1290371417999268,9.477546691894531,2.2557777386036157,True,False
167,8332,mutated_elite,21.11499999999997,0.08117508479457479,0.7695830701810618,-1.029367446899414,-6.696413516998291,13.158422470092773,7.2821886255509245,True,False
168,8389,mutated_elite,2.775,-0.13265062181769255,-0.5924096862873202,-1.9068742990493774,0.7337895631790161,5.777704238891602,2.237693826193127,True,False
169,8429,mutated_elite,2.794,0.709864631113433,-0.09246804894336658,1.1488251686096191,3.3782858848571777,5.989768028259277,1.9403316748478205,True,False
170,8483,mutated_elite,1.3790000000000022,-0.961279181515781,0.5975865268737889,3.70247220993042,5.848562717437744,4.720421314239502,1.3367947585260944,True,False
171,8509,mutated_elite,10.57599999999997,-0.7398265559795718,0.39359653321666677,14.559198379516602,-4.528285026550293,7.87354850769043,12.035604440471902,True,False
172,8584,mutated_elite,16.96999999999993,0.03462815874043561,0.16599842434605377,19.820783615112305,-17.50255012512207,9.09213924407959,14.664820495216242,True,False
173,8642,mutated_elite,7.689999999999998,-0.5404564999932328,0.6930135885673443,14.253684997558594,-1.67999267578125,8.931029319763184,5.321923119501412,True,False
174,8683,mutated_elite,11.948999999999986,-0.24575643049231957,-0.21850327226958183,-0.46866416931152344,2.08730149269104,12.697423934936523,3.923061824859486,True,False
175,8721,mutated_elite,-1.7289999999999976,-0.27771577170658973,0.9749596387750891,17.06848907470703,2.7085957527160645,2.2833921909332275,1.0371755332240622,True,False
176,8749,mutated_elite,-0.41399999999999937,-0.8803045830383301,0.2940076110825114,12.435346603393555,2.148303747177124,3.349109172821045,0.7424566650875508,False,False
177,8839,mutated_elite,7.377999999999992,0.4111886485840205,0.5930574978040245,0.8278952836990356,-0.008744433522224426,8.539859771728516,2.59599522887725,True,False
178,8982,mutated_elite,8.293999999999995,0.5616176598982625,-0.34913402292745443,5.891407012939453,0.5229938626289368,9.917098045349121,3.952744005608583,True,False
179,8994,mutated_elite,1.481000000000001,-0.6257885633796831,-0.8327851963227776,-4.089654922485352,3.1381521224975586,1.3473204374313354,3.9913497526173103,True,False
180,9102,mutated_elite,10.292999999999958,-0.5952644159773081,-0.37726365914107934,-0.9644037485122681,-4.303412914276123,10.65046501159668,6.525825619422237,True,False
181,9103,mutated_elite,12.167999999999973,0.3155592458239987,0.11745305408516596,0.7307508587837219,2.767700433731079,10.179238319396973,10.240123167646228,True,False
182,9215,mutated_elite,17.03499999999996,0.11326042428751157,-0.4724775033070956,5.46750020980835,3.4326798915863037,12.088667869567871,5.436768045153749,True,False
183,9222,mutated_elite,3.760999999999997,0.8895330468341253,-0.3134748341877484,-1.4978405237197876,-0.015270635485649109,6.9733076095581055,3.1941376617925,True,False
184,9247,mutated_elite,16.589999999999925,-0.5082253212513139,0.30511550285568106,8.717588424682617,-14.567602157592773,6.111832141876221,6.366032584879881,True,False
185,9255,mutated_elite,18.479999999999944,-0.2457623262555576,0.9457956384581436,8.446236610412598,-11.410781860351562,14.673928260803223,6.105704022778347,True,False
186,9396,mutated_elite,3.1559999999999975,0.9718091087750462,-0.7685937513554533,8.587608337402344,8.415691375732422,6.338393211364746,1.7860431656485685,True,False
187,9424,mutated_elite,6.06199999999999,0.26446003282384006,-0.9741518510927735,2.1887905597686768,-0.0011884719133377075,7.4725422859191895,3.4524948795175865,True,False
188,9425,mutated_elite,7.982999999999991,-0.9698445147576606,0.6421494630782153,0.9162334203720093,-0.5963775515556335,9.818890571594238,1.7222631627429525,True,False
189,9427,mutated_elite,1.6320000000000014,-0.44455075011506534,-0.3874450849327008,-2.1186306476593018,2.451791763305664,2.1073172092437744,2.4627479522171205,True,False
190,9452,mutated_elite,2.2969999999999984,0.2492196196249047,-0.23271018105186714,-1.8335233926773071,1.5691289901733398,4.793403148651123,2.1316408718224125,True,False
191,9508,mutated_elite,15.98499999999996,-0.7120547809881446,0.005648948176813762,3.449659585952759,6.031929969787598,8.07516098022461,2.9524585517647317,True,False
192,9603,mutated_elite,2.712999999999998,0.9698325858129169,0.50749345775569,4.855227470397949,3.2408852577209473,5.362020492553711,2.36614661361987,True,False
193,9658,mutated_elite,12.756,-0.6335224846232346,0.13772118209035866,-0.2036350518465042,3.033705234527588,12.891884803771973,2.9195722533849913,True,False
194,9715,mutated_elite,8.735999999999999,-0.0966496293580678,-0.7694165299712185,3.330705404281616,0.2751535177230835,9.976086616516113,3.5944073895047386,True,False
195,9753,mutated_elite,11.697999999999992,0.6997311063349758,-0.3616615111045139,-1.5632295608520508,0.07121433317661285,10.437858581542969,3.1180657468925657,True,False
196,9821,mutated_elite,4.3939999999999975,0.194091426940724,0.7387402229146338,4.636917591094971,3.4699292182922363,7.658182144165039,1.418218657877669,True,False
197,9882,mutated_elite,20.174999999999958,-0.34934074998601056,0.4255878305856532,-0.5249760150909424,-17.086576461791992,11.0536527633667,9.743385669480508,True,False
198,9934,mutated_elite,-2.5570000000000004,0.7663539314454018,-0.9749903294061808,-0.3277859091758728,0.8344336152076721,1.5169811248779297,0.24881441892620346,False,False
199,9988,mutated_elite,9.192000000000002,0.5035687559062539,-0.39653888913688984,2.428217887878418,-0.48826324939727783,10.348462104797363,2.9594897002783247,True,False
200,10043,mutated_elite,2.364999999999999,-0.9739445026802297,0.849375367091075,0.4813418984413147,1.4209587574005127,5.706114768981934,1.0865202348828193,True,False
201,10070,mutated_elite,19.179999999999986,-0.1348266999036417,0.11863397092050813,10.18172836303711,-11.111668586730957,16.319446563720703,6.410438528531784,True,False
202,10075,mutated_elite,8.422999999999979,-0.73902153203477,-0.9430584689594876,-5.274478912353516,-3.5695409774780273,5.485625267028809,10.372009567059727,True,False
203,10112,mutated_elite,12.397999999999987,0.9298586465494961,0.2388311940454799,4.206226348876953,-4.141664981842041,7.820501804351807,4.185402105344561,True,False
204,10132,mutated_elite,5.829999999999993,-0.8144499863803902,-0.3267508377895761,-4.754254341125488,-1.982146978378296,8.160917282104492,5.020065185862422,True,False
205,10205,mutated_elite,19.68999999999998,0.7931488536858734,-0.36680081084590443,3.3983519077301025,-13.514074325561523,15.569334983825684,2.6186939206549624,True,False
206,10265,mutated_elite,7.260999999999995,0.5918583797149922,-0.549752004158971,-0.29138004779815674,1.4064172506332397,8.698722839355469,4.60460845663967,True,False
207,10287,mutated_elite,19.884999999999966,0.676667216187284,0.3869855095634486,1.818280816078186,-12.739465713500977,13.48890209197998,6.291906514983493,True,False
208,10306,mutated_elite,16.84999999999993,-0.5594954036116755,0.7054348492616401,-2.0836474895477295,-14.5706787109375,9.205904006958008,10.192133347845829,True,False
209,10328,mutated_elite,-0.9979999999999998,0.8448133430891748,0.9536128253961785,0.28526055812835693,0.8353375196456909,3.2482614517211914,0.5208888952889038,False,False
210,10399,mutated_elite,2.992999999999997,-0.3867137502659459,-0.8623303272018694,-2.0555691719055176,0.6167661547660828,6.761556148529053,3.0505564607001228,True,False
211,10448,mutated_elite,22.604999999999986,-0.18275922365788705,0.9241307822410609,0.16732661426067352,-23.79558563232422,13.968547821044922,7.7460550035350595,True,False
212,10492,mutated_elite,6.886999999999997,0.3710381796426391,0.7442136270099362,6.523368835449219,-3.6835665702819824,7.827479839324951,4.878727626021404,True,False
213,10518,mutated_elite,5.872999999999988,-0.9367504212729758,0.1748797349558695,0.7575821876525879,-0.030686363577842712,7.1930437088012695,1.2089789241849502,True,False
214,10571,mutated_elite,3.354999999999997,0.8267036049983145,0.3155694033174092,-2.0086746215820312,-0.4603492021560669,6.283891677856445,4.21599862075055,True,False
215,10618,mutated_elite,15.021999999999956,-0.18592599097635093,0.16360123924076037,2.088977098464966,-0.9908384680747986,8.987049102783203,4.997396850481021,True,False
216,10767,mutated_elite,6.9159999999999915,0.9743949956570263,-0.5136122034344304,-1.794905662536621,0.1553756147623062,8.350025177001953,3.350886556912772,True,False
217,10819,mutated_elite,15.791999999999978,-0.1647083089142408,-0.367036741493406,22.940351486206055,-6.464828968048096,14.382286071777344,5.8305366470319875,True,False
218,10873,mutated_elite,16.126000000000012,-0.11049066223556735,0.5118496265176296,0.6480256915092468,-4.83644437789917,14.113038063049316,3.5172031810223983,True,False
219,10930,mutated_elite,9.145999999999974,-0.9747683474996883,0.3998887301896041,19.968643188476562,-4.392317771911621,10.18934440612793,6.897133523669843,True,False
220,11014,mutated_elite,-2.9750000000000023,-0.9688514076131173,-0.14070040456478547,-5.082325458526611,1.0219063758850098,0.8535976409912109,0.6721297740804961,False,False
221,11098,mutated_elite,4.506999999999995,-0.5061168232444752,0.1252775342486367,-5.723300457000732,-2.5155255794525146,7.004950523376465,5.263482806706931,True,False
222,11146,mutated_elite,6.321999999999993,0.12083584567807654,0.5446423738644525,0.7156878709793091,-2.7881758213043213,7.354346752166748,3.8659189444433437,True,False
223,11172,mutated_elite,6.782999999999998,-0.9520457561180169,-0.2510521365262271,0.012677803635597229,2.799992084503174,6.92646598815918,2.682386193575239,True,False
224,11212,mutated_elite,2.298000000000001,0.24498939166762568,-0.9041328880980816,2.888577699661255,3.214925527572632,5.748185634613037,2.4908159315923712,True,False
225,11296,mutated_elite,10.233000000000015,0.297716190848767,0.2031746533453485,0.39289331436157227,1.6168837547302246,9.963902473449707,4.4996029497236725,True,False
226,11331,mutated_elite,2.999999999999998,0.28271325065618397,-0.010796504024276645,1.0292725563049316,3.3395891189575195,4.9672746658325195,2.414035194838571,True,False
227,11380,mutated_elite,9.462999999999962,0.3336939841385615,0.23682306374351095,17.88667106628418,-5.079284191131592,8.293059349060059,8.163496130384674,True,False
228,11426,mutated_elite,4.792999999999997,-0.6508095866621947,0.4697176356401286,12.521990776062012,1.5201388597488403,8.204219818115234,2.5854873622941392,True,False
229,11433,mutated_elite,-1.9319999999999973,-0.4375790522717091,0.9696471070380741,17.906518936157227,2.7282979488372803,1.976509690284729,6.91310220238537,True,False
230,11438,mutated_elite,8.434999999999997,-0.09473573292788795,0.013383445774512202,-1.7299456596374512,0.419522225856781,9.300823211669922,5.296319927724648,True,False
231,11478,mutated_elite,4.1919999999999975,0.29809273622055543,-0.7715818629285134,-0.12951257824897766,0.8045448660850525,7.415713787078857,2.8808982044845637,True,False
232,11527,mutated_elite,4.172999999999987,0.4570652121719734,-0.031627678599455845,6.370568752288818,-2.6961231231689453,6.663205623626709,3.21293677090008,True,False
233,11544,mutated_elite,0.9719999999999869,-0.6054427411357175,0.3106947375103487,1.344890832901001,-0.9765065312385559,2.8421390056610107,4.813157202861356,True,False
234,11663,mutated_elite,4.056999999999997,-0.36185158119336336,-0.6418126802530674,-2.2323720455169678,0.1388201266527176,7.07662296295166,3.6993916469433183,True,False
235,11721,mutated_elite,10.475999999999997,0.3036918345086948,-0.7649921504571127,-2.3292696475982666,-2.327920436859131,9.752805709838867,6.558645133730093,True,False
236,11753,mutated_elite,12.733000000000054,0.028934308582075227,-0.2885270377741253,1.5735832452774048,-4.721071243286133,11.032975196838379,2.8151219649575254,True,False
237,11907,mutated_elite,5.701999999999998,-0.1338427516250092,-0.5196884181484009,-1.8328607082366943,2.84080171585083,7.307680130004883,5.840803787392351,True,False
238,11949,mutated_elite,6.497999999999996,0.420616319657344,0.5226729270113891,3.1276257038116455,-2.972362756729126,6.97534704208374,5.0994125559243315,True,False
239,11961,mutated_elite,2.032999999999999,-0.6537939519155967,-0.9604912946835713,2.4230904579162598,5.848582744598389,5.3079328536987305,1.6072300274334872,True,False
240,12051,mutated_elite,1.296000000000001,-0.7193952152383221,-0.7291635106504897,-4.73346471786499,3.4925262928009033,0.0,0.0,False,True
241,12070,mutated_elite,19.17999999999996,-0.36911129484330363,0.8141130964691844,-0.25666165351867676,-12.93834400177002,11.167492866516113,11.756494375972649,True,False
242,12096,mutated_elite,0.6410000000000022,0.06517038221375264,0.9742919970619042,0.6702736616134644,1.2619702816009521,3.82035756111145,0.5984657285359639,False,False
243,12165,mutated_elite,6.726999999999995,0.17115741287847766,-0.8986290393276033,-4.355692386627197,-2.2846059799194336,8.435758590698242,5.907079693202672,True,False
244,12255,mutated_elite,5.487999999999998,-0.15996590678140268,-0.5695397771536564,-3.9621241092681885,-3.0079009532928467,5.312727928161621,8.588582212081292,True,False
245,12276,mutated_elite,13.600000000000001,0.11969722708505014,-0.26444530898333946,6.432681083679199,-0.9841558337211609,12.576261520385742,4.2765778452291165,True,False
246,12348,mutated_elite,6.4639999999999995,0.6863569731438071,-0.15732955397504939,-0.2334212362766266,1.1268668174743652,5.7701640129089355,5.329699821108408,True,False
247,12384,mutated_elite,11.593000000000016,-0.4061606302314792,0.3071213733082544,0.4047203063964844,-2.761401414871216,12.185190200805664,2.945278656909214,True,False
248,12451,mutated_elite,5.10099999999999,-0.4047326862624851,-0.9748265356688857,-2.460514783859253,0.17244268953800201,6.91066837310791,1.9341693263966535,True,False
249,12464,mutated_elite,21.009999999999977,0.4607942073765861,-0.5228154879832414,-1.3786942958831787,-19.050121307373047,12.754088401794434,9.187159348591718,True,False
250,12517,mutated_elite,18.59499999999996,-0.9355386195821302,-0.0761687894409988,4.200569152832031,-6.380630970001221,11.114855766296387,4.9128075379041,True,False
251,12525,mutated_elite,10.533999999999994,0.6477713370474425,-0.0049057752586908095,14.717353820800781,1.2587556838989258,10.852880477905273,4.953060422976671,True,False
252,12734,mutated_elite,15.806999999999977,-0.14943805845286498,-0.3215338431240722,1.1181315183639526,-7.6242289543151855,13.425813674926758,8.135329037375467,True,False
253,12758,mutated_elite,10.233999999999968,-0.9138612134742161,0.40700472737642324,24.956457138061523,-3.6665916442871094,9.85408878326416,7.667883640266245,True,False
254,12788,mutated_elite,-1.175,-0.4568338364600703,0.9687028275326078,11.980359077453613,3.2075915336608887,2.859632968902588,1.2747918190605343,True,False
255,12824,mutated_elite,8.051999999999994,0.5137142811532488,-0.055968543022618306,2.7504465579986572,-0.005379527807235718,9.797986030578613,3.807681715940184,True,False
256,12860,mutated_elite,2.2479999999999998,-0.9730109664562564,0.8382826758574216,0.4775615334510803,1.28496515750885,5.450394153594971,0.9325516062096961,False,False
257,12904,mutated_elite,21.32999999999997,-0.7670030913482896,0.4078647408676907,14.655279159545898,-20.45216941833496,14.319358825683594,6.696074611110012,True,False
258,12909,mutated_elite,19.974999999999934,-0.6314065049359675,0.7393733606905597,-2.498154878616333,-13.880904197692871,10.101729393005371,10.153414978606786,True,False
259,12970,mutated_elite,7.9309999999999965,0.6944001606402821,0.6222955996395889,6.19446325302124,-2.0043129920959473,9.203489303588867,6.042756999387509,True,False
260,13026,mutated_elite,14.938999999999965,0.8745410856943783,-0.5787954394023846,11.251296043395996,-6.792385578155518,11.560624122619629,9.106941964211531,True,False
261,13047,mutated_elite,8.111999999999995,-0.6968814133680525,0.49347628276029054,-3.343535900115967,1.5340843200683594,9.94785213470459,4.514299695433761,True,False
262,13106,mutated_elite,9.608999999999941,0.6531164605596921,-0.7689974639200347,6.045313358306885,-4.894903182983398,6.226831912994385,9.815532502337408,True,False
263,13150,mutated_elite,15.624999999999936,0.07959356858573981,-0.04941461243448454,0.6540601849555969,-9.572683334350586,11.366536140441895,6.788624585055574,True,False
264,13184,mutated_elite,0.6060000000000005,0.9197435411582824,-0.10509445886311644,6.689841270446777,1.2785860300064087,3.8637099266052246,0.8003146663097934,False,False
265,13203,mutated_elite,8.351999999999995,0.1521139139769677,-0.668205760289576,-3.16902494430542,0.7343663573265076,6.051663875579834,9.845971468046542,True,False
266,13297,mutated_elite,4.233999999999987,0.2651440474960637,-0.9656414334880212,5.589096546173096,-3.0433340072631836,6.116122722625732,1.1463740173805395,True,False
267,13473,mutated_elite,19.729999999999972,-0.6650371603478903,0.4015695001531681,-0.36614930629730225,-7.3079400062561035,13.689496040344238,6.371806978586191,True,False
268,13527,mutated_elite,16.854999999999936,-0.64559060583723,-0.01263568928726444,13.922636032104492,-10.41234016418457,14.838024139404297,7.679603637754061,True,False
269,13542,mutated_elite,2.9199999999999986,-0.41681943997873433,0.4030114680793542,-1.3712104558944702,3.0751752853393555,5.700435161590576,2.692722850083155,True,False
270,13608,mutated_elite,11.847,-0.969786374411492,0.3598559584630599,18.680856704711914,-9.072639465332031,9.058327674865723,5.5554463765322595,True,False
271,13659,mutated_elite,18.34999999999997,-0.1419926634010849,0.15527151174623452,0.9063670635223389,-4.521883010864258,11.05763053894043,11.1261195214542,True,False
272,13669,mutated_elite,19.219999999999963,-0.9317772083607498,-0.29790293272088963,-2.405198812484741,-11.350272178649902,11.922104835510254,5.194901029032815,True,False
273,13776,mutated_elite,6.643999999999996,0.08296390712632705,0.7981633754413604,17.712453842163086,-6.337437629699707,7.365053653717041,7.4621091651034375,True,False
274,13808,mutated_elite,6.604999999999997,-0.6124895243513734,0.31101711323886183,-2.308600664138794,-2.1460602283477783,7.677725315093994,4.8560917719840555,True,False
275,13821,mutated_elite,6.337999999999996,-0.04314246215586661,0.3167698702579849,-7.182577610015869,-4.17601203918457,7.924426078796387,7.082263220829352,True,False
276,13847,mutated_elite,11.31699999999999,-0.6299436026816472,-0.6484121455354726,0.21313072741031647,0.8063479065895081,10.478727340698242,3.6629764174924047,True,False
277,13932,mutated_elite,7.083999999999995,0.6536870266602084,-0.035973873840275464,-1.462396502494812,-2.228348970413208,7.614019870758057,3.352234380908988,True,False
278,13960,mutated_elite,3.377999999999998,-0.35671809466776294,0.36013731438988716,4.997207164764404,-0.14614452421665192,6.080090045928955,5.505369250921504,True,False
279,13977,mutated_elite,6.099999999999997,-0.6277241284900759,-0.576416187754557,-6.42093563079834,-5.683922290802002,8.324581146240234,6.809645175245205,True,False
280,14005,mutated_elite,6.613999999999996,0.7571845414436006,-0.035794782025483037,-1.5655568838119507,-1.8816986083984375,6.366711139678955,4.893123236280086,True,False
281,14112,mutated_elite,7.1850000000000005,0.4355737046061639,0.5402672396671119,0.40632277727127075,0.8007749915122986,8.023433685302734,4.929634999071269,True,False
282,14167,mutated_elite,3.538999999999996,0.95411529862582,-0.03445781977723629,-0.7068209052085876,6.403875350952148,6.326504230499268,2.767199232792974,True,False
283,14189,mutated_elite,12.34,0.0003648693922326668,0.8158241653778302,1.1448880434036255,-3.2183732986450195,12.690320014953613,2.385441594461193,True,False
284,14224,mutated_elite,10.10399999999998,0.16324086171975202,0.031066314806961245,9.429533004760742,-6.2817888259887695,10.488507270812988,5.567667254559209,True,False
285,14259,mutated_elite,7.125999999999998,0.198523957554599,0.018860093597092606,6.116708755493164,0.7693657279014587,8.686083793640137,3.6612773699908683,True,False
286,14361,mutated_elite,7.357000000000004,0.5813781961672149,-0.3729889077480582,4.514633655548096,-2.2501533031463623,2.368692398071289,5.414144637238888,True,False
287,14366,mutated_elite,11.237999999999966,0.6537469169009563,-0.7598824488121214,-2.565720796585083,-3.1640701293945312,9.036234855651855,5.507236776422568,True,False
288,14441,mutated_elite,5.4369999999999985,-0.5884733244214538,-0.5462020626489335,-3.0163748264312744,2.7677783966064453,4.628000736236572,6.4864770513957755,True,False
289,14463,mutated_elite,8.950999999999967,-0.46933932709909154,-0.32116582611332445,-5.18787145614624,-2.790480852127075,10.29555892944336,5.996057326430335,True,False
290,14500,mutated_elite,6.7899999999999965,0.14997256467006798,0.346838572187177,5.212497711181641,-0.863077700138092,6.921278953552246,7.998791430919171,True,False
291,14530,mutated_elite,20.164999999999967,0.18140290391844083,-0.8495365856452036,1.2493029832839966,9.327173233032227,14.380840301513672,2.6250578355776355,True,False
292,14545,mutated_elite,20.74499999999995,0.16940580499404748,-0.8402787697694447,2.355318307876587,-22.809955596923828,10.364204406738281,8.330025249268479,True,False
293,14581,mutated_elite,7.106999999999995,0.274628143706817,0.9747507447743158,-4.942346096038818,0.1432061642408371,8.78718090057373,3.389716334126276,True,False
294,14656,mutated_elite,2.5739999999999963,0.008958393564200778,0.4447451508925006,-1.0785253047943115,0.3258271813392639,5.8728790283203125,2.6712511638443397,True,False
295,14763,mutated_elite,2.1550000000000002,-0.15023296918232307,0.800807384295408,-5.549508094787598,5.756118297576904,2.9830665588378906,3.8097140766732167,True,False
296,14820,mutated_elite,19.55499999999997,-0.3618349746387642,-0.5321692326188648,-0.07688288390636444,-4.386378288269043,13.76085376739502,6.231433537892015,True,False
297,14821,mutated_elite,2.8069999999999986,0.48746392008170447,0.09176421655558092,2.9312689304351807,1.513001799583435,5.8238348960876465,3.543612942249151,True,False
298,14854,mutated_elite,0.8090000000000005,-0.9102864237750374,-0.380764685388523,-6.097483158111572,4.027388095855713,0.9130740165710449,5.8560390555729995,False,False
299,14927,mutated_elite,19.009999999999962,-0.8701623233618245,0.4438820127830219,-0.31489765644073486,-4.157193660736084,12.405930519104004,7.579939338769014,True,False
300,15012,mutated_elite,22.579999999999977,0.09886616344371009,0.4170607811029362,-0.1368192583322525,-14.154365539550781,13.5212984085083,6.921503638628448,True,False
301,15043,mutated_elite,12.148999999999997,0.6240126988692143,0.5323984949226096,7.833454132080078,-3.35131573677063,11.656472206115723,5.650442468892575,True,False
302,15200,mutated_elite,16.321999999999974,0.04929082056903166,0.2756268031685616,2.024646520614624,-2.3465023040771484,12.809415817260742,5.32760158699538,True,False
303,15213,mutated_elite,3.8459999999999965,0.3429561869035461,-0.9273963376806916,6.91478157043457,2.2613983154296875,7.207203388214111,2.1232077131451885,True,False
304,15281,mutated_elite,-3.2370000000000037,-0.08179994625887058,-0.4472722025798505,-0.24663569033145905,1.8343000411987305,1.026924967765808,0.5867884956214516,False,False
305,15282,mutated_elite,0.9470000000000015,-0.3830097687624663,0.9735821944523889,0.4574849009513855,1.1320189237594604,4.627416610717773,0.6037075572144902,False,False
306,15319,mutated_elite,8.207,0.044598860777272605,0.5293098870902564,0.2306077927350998,-0.16191406548023224,9.314083099365234,3.512619365179412,True,False
307,15362,mutated_elite,15.099999999999927,-0.44141171713305233,-0.39000240433622924,0.3837238550186157,-11.814634323120117,4.7779741287231445,8.39360672134222,True,False
308,15382,mutated_elite,13.818999999999946,-0.7228431170257653,0.013281802683155056,-4.437788009643555,-2.8980488777160645,9.759902000427246,12.519589823675226,True,False
309,15387,mutated_elite,20.729999999999993,-0.019548151372701723,0.5471793631980473,-0.9954848289489746,-9.832529067993164,15.359481811523438,5.48500982304353,True,False
310,15397,mutated_elite,12.79899999999998,-0.11078619367006873,0.9465854973940157,24.358171463012695,-10.117095947265625,12.741991996765137,6.729035586224677,True,False
311,15431,mutated_elite,6.136999999999996,-0.17162801223536253,-0.10762051359907672,-2.4626166820526123,-0.5721091032028198,7.8296685218811035,5.457151758148772,True,False
312,15496,mutated_elite,13.839999999999943,-0.9424464586818717,0.7027218461194443,25.108261108398438,-10.960606575012207,13.23760986328125,7.185913314650056,True,False
313,15542,mutated_elite,7.641999999999997,-0.2635622401278209,0.3162720262498004,-2.4547295570373535,0.4356846213340759,9.081799507141113,2.8813462648941166,True,False
314,15574,mutated_elite,3.6819999999999977,-0.14843069889805044,0.025288601791960772,-4.3729143142700195,0.166007861495018,7.339235782623291,3.0832156932354557,True,False
315,15706,mutated_elite,13.976999999999927,-0.4692329774209735,-0.5433169485321462,4.919163703918457,-5.434286594390869,7.1034417152404785,8.321215215931051,True,False
316,15742,mutated_elite,10.60899999999998,0.4837677380196995,0.1836374747731288,11.014229774475098,-7.152663707733154,9.760306358337402,7.164839904330844,True,False
317,15761,mutated_elite,3.3519999999999976,0.7650317055962095,-0.37910553470907354,0.544898271560669,1.416322946548462,6.003395080566406,1.7799146645792885,True,False
318,15894,mutated_elite,6.348999999999997,-0.6384373599133473,0.8409985472454471,12.642265319824219,-5.507187366485596,7.582455635070801,7.530918008621962,True,False
319,15916,mutated_elite,10.560999999999972,-0.13945573429581568,-0.25445950083363894,13.439094543457031,-6.976028919219971,10.195544242858887,5.797890164183106,True,False
320,16060,mutated_elite,14.111999999999925,-0.7071474856150335,0.8109334213828847,13.864948272705078,-7.7664055824279785,12.49573040008545,8.423760336926028,True,False
321,16218,mutated_elite,10.575999999999967,-0.9198840984565815,0.8936352476984627,25.269441604614258,-5.241551876068115,10.448243141174316,6.33850601183284,True,False
322,16273,mutated_elite,4.444999999999997,0.031889747374443514,-0.1084466566355747,-1.4292447566986084,-0.03341619670391083,6.941117286682129,2.393981607653432,True,False
323,16324,mutated_elite,2.65,-0.5983797282469663,-0.2569608722470442,-2.4667868614196777,3.656714916229248,5.992979526519775,3.01243307682878,True,False
324,16330,mutated_elite,9.711000000000036,-0.05913047032780772,-0.4455489837145463,-0.22367529571056366,1.1981556415557861,8.527134895324707,3.777862627843724,True,False
325,16332,mutated_elite,1.518000000000001,0.9646287179744635,0.24662233520784654,-0.43615829944610596,0.7705852389335632,2.9819414615631104,0.7185126021511726,False,False
326,16336,mutated_elite,14.245000000000024,0.042330577934158044,-0.9749908874794311,10.968558311462402,-15.05874252319336,7.906591415405273,3.773114583896694,True,False
327,16350,mutated_elite,10.477999999999968,0.21106952682755964,0.7565490071895001,10.034894943237305,-5.347715377807617,9.305147171020508,6.203697505710427,True,False
328,16437,mutated_elite,6.072999999999995,-0.8670598277081112,0.4866339970430713,-4.915487289428711,-1.785492181777954,7.92391300201416,5.336309015713275,True,False
329,16447,mutated_elite,3.6989999999999927,0.44373917608045377,0.9732296601409256,-0.2398364394903183,2.3773927688598633,5.592291355133057,2.6811342957913666,True,False
330,16482,mutated_elite,3.188999999999999,-0.5266702785148503,-0.965524858071347,-3.1505448818206787,3.073897361755371,6.144975662231445,5.427668411795513,True,False
331,16527,mutated_elite,6.241999999999997,-0.535129077468205,-0.7587898996517328,-4.528826713562012,-3.0550947189331055,6.110225677490234,9.02703239368994,True,False
332,16582,mutated_elite,3.920000000000002,0.3103172384649938,-0.007051641077249272,0.5954576730728149,-4.51861572265625,3.40852952003479,4.014472219687527,True,False
333,16643,mutated_elite,17.924999999999983,-0.14070446119485977,-0.5266099751283085,9.51088809967041,-7.77504301071167,11.351110458374023,11.35077628225048,True,False
334,16677,mutated_elite,6.505999999999996,0.08635892237006901,0.9557613406630227,-1.1734858751296997,-1.7972774505615234,5.3696513175964355,3.8351724684395774,True,False
335,16723,mutated_elite,24.569999999999915,-0.8106963667315468,-0.4320346391475579,9.093456268310547,-22.738182067871094,12.065632820129395,4.937288150145277,True,False
336,16751,mutated_elite,2.2700000000000005,0.6884669178396577,-0.8251259994755115,-0.9063594937324524,1.4361228942871094,2.9611072540283203,6.741829593013983,True,False
337,16831,mutated_elite,6.402,-0.678364609471234,0.8770022462967086,-1.1698648929595947,3.864056348800659,2.6088786125183105,0.5056819344478151,False,False
338,16884,mutated_elite,3.163999999999999,0.929680930097878,0.3850537279231984,0.8268113136291504,2.5918049812316895,5.076335430145264,1.6126732328560427,True,False
339,16959,mutated_elite,12.447000000000019,-0.5209679216026684,-0.6261233915908606,0.6073651313781738,-3.8979172706604004,11.179106712341309,2.9838337087361024,True,False
340,17037,mutated_elite,7.883999999999996,0.011499885852990714,0.9433403678804346,-4.523176193237305,0.13785941898822784,10.23129940032959,3.451453958688077,True,False
341,17063,mutated_elite,2.989999999999993,-0.2996186445748693,-0.9740564947136259,-2.527259588241577,-0.12788741290569305,1.7034692764282227,2.1413137857249844,True,False
342,17113,mutated_elite,2.0319999999999987,0.30225408343779264,-0.016073269534370965,-1.9782941341400146,-0.3283594250679016,5.726501941680908,4.092860631189966,True,False
343,17149,mutated_elite,23.154999999999927,-0.863290159802122,0.7386697654608855,2.7203357219696045,-22.29525375366211,15.08027458190918,2.8066458519795208,True,False
344,17174,mutated_elite,21.86999999999999,0.05165633304457147,-0.6593172063785607,7.3157758712768555,-15.375883102416992,15.91022777557373,6.7940529158439364,True,False
345,17188,mutated_elite,19.63999999999994,-0.6027250373144409,0.14912327702208053,2.542449712753296,-14.045465469360352,10.23536491394043,5.306044295718967,True,False
346,17215,mutated_elite,-2.739000000000001,-0.9706861616337358,0.24440354967341144,-6.6651105880737305,0.33748847246170044,1.1631085872650146,0.4325497709121499,False,False
347,17308,mutated_elite,5.313999999999994,-0.67310362422813,-0.1064559011396557,-2.8880860805511475,-0.7229859232902527,7.482856750488281,3.5368346625168305,True,False
348,17326,mutated_elite,4.257999999999997,0.3492459088080476,-0.8375699687230358,0.03949669003486633,0.6464748978614807,6.997056484222412,2.833096290777331,True,False
349,17330,mutated_elite,3.0669999999999997,0.11364458410420929,0.08616858413911886,15.359620094299316,2.336312770843506,6.013253688812256,2.782144597388851,True,False
350,17379,mutated_elite,13.08000000000003,-0.974952453804998,0.197493298677546,1.3434234857559204,1.983650803565979,8.729512214660645,6.455393315828991,True,False
351,17384,mutated_elite,20.429999999999993,0.3039378425522015,0.2963137033227129,2.7153823375701904,-6.064916133880615,15.7029447555542,4.287659751266472,True,False
352,17425,mutated_elite,10.203999999999954,0.2171583262626455,-0.020360159014412064,-0.48009687662124634,-2.8667008876800537,9.597153663635254,6.581929703956611,True,False
353,17491,mutated_elite,4.783999999999996,-0.4482683863374468,-0.5989035876193518,-3.5170226097106934,-2.7994656562805176,4.535757541656494,5.459342275706586,True,False
354,17538,mutated_elite,10.750999999999985,-0.43582316427780493,-0.03790490376278023,-1.1617753505706787,2.634549140930176,10.79416275024414,5.7819785554926435,True,False
355,17691,mutated_elite,11.563000000000002,-0.899992339532409,0.2726578842173071,-2.995701313018799,-0.5398712754249573,11.706424713134766,4.692309299838485,True,False
356,17716,mutated_elite,-0.2680000000000004,0.974951337381858,-0.09052733485094955,-0.3367495536804199,0.8771524429321289,3.180007219314575,2.3300385908996253,True,False
357,17958,mutated_elite,10.220000000000086,0.6156580661579041,0.37323320727021214,1.0697213411331177,-3.0004842281341553,8.243452072143555,1.6807741652125903,True,False
358,17971,mutated_elite,3.9649999999999976,0.9338408302368145,-0.778518918496685,11.447134017944336,8.608829498291016,7.230597972869873,1.0548734640554545,True,False
359,17989,mutated_elite,12.091999999999924,-0.4232396804945301,-0.7027431294249988,-6.211209774017334,-4.33709192276001,11.157395362854004,8.85607670509604,True,False
360,18003,mutated_elite,8.054999999999996,-0.8510395660323815,0.2802304114910494,18.663625717163086,1.54762864112854,10.160064697265625,3.719579257618171,True,False
361,18061,mutated_elite,4.936999999999998,-0.9630370150065185,0.2113662782206801,-8.149438858032227,-1.5016529560089111,5.723649501800537,9.405083060686183,True,False
362,18075,mutated_elite,8.151999999999996,0.4574461060782756,-0.4947240932172477,-2.8738009929656982,-3.3929786682128906,5.4716901779174805,9.28429253125234,True,False
363,18155,mutated_elite,18.509999999999923,-0.6286595708113688,-0.4202858138518618,6.639602184295654,-17.224119186401367,4.063228607177734,1.9510854282410517,True,False
364,18178,mutated_elite,15.850999999999996,0.04666904013282867,-0.44817985086971124,-2.4557840824127197,-2.8584113121032715,12.840486526489258,5.691611813569781,True,False
365,18190,mutated_elite,5.541999999999997,-0.7396120617130987,0.22923026404347494,-4.04429292678833,-3.078347682952881,4.761341094970703,7.403512213303991,True,False
366,18272,mutated_elite,6.211999999999996,-0.29287527355110576,-0.6868008573193103,-3.7363121509552,-1.8974952697753906,6.5550150871276855,5.375074740930563,True,False
367,18316,mutated_elite,15.179999999999936,-0.5879695725203583,-0.5243568742759284,5.0870747566223145,-7.989945888519287,14.051036834716797,5.660233620958779,True,False
368,18334,mutated_elite,8.772999999999984,0.21823851836914324,0.054688792485840444,20.5527286529541,-4.683552265167236,8.206315040588379,5.162019587676484,True,False
369,18425,mutated_elite,7.948999999999997,0.14171027227075528,0.5970466477445018,10.194259643554688,2.146562099456787,10.968484878540039,3.227030942143392,True,False
370,18472,mutated_elite,15.489999999999931,-0.45407827469526757,0.4496454413778754,8.36529541015625,-13.707796096801758,5.821091175079346,13.789605519122142,True,False
371,18476,mutated_elite,25.11499999999996,-0.890651753575305,0.5354870773490937,1.7809481620788574,-30.03046989440918,12.407504081726074,7.645265696502721,True,False
372,18579,mutated_elite,10.013999999999951,-0.4888320884735016,-0.719093032573534,8.39790153503418,-5.036050319671631,6.577901840209961,4.990855957767853,True,False
373,18623,mutated_elite,4.546000000000002,-0.03201158657370024,-0.09270089525401137,-1.5761250257492065,3.3544626235961914,5.18235969543457,5.658060102982899,True,False
374,18706,mutated_elite,24.739999999999966,-0.6034767309869213,-0.504881610772379,0.19573019444942474,-23.111862182617188,12.350790977478027,8.456933806814872,True,False
375,18716,mutated_elite,12.51499999999995,0.14794999023768818,0.9663698330365363,22.600770950317383,-7.038825511932373,11.609957695007324,6.9643231570091295,True,False
376,18770,mutated_elite,7.407999999999996,0.14091974220510348,0.5320652245997752,-2.1317012310028076,-0.4244391918182373,9.28109359741211,3.468611393883149,True,False
377,18870,mutated_elite,14.710999999999983,-0.49397680791279236,0.14799061406246994,7.921706199645996,-2.9314796924591064,12.410799026489258,6.94582943324844,True,False
378,18907,mutated_elite,7.514,-0.5621970394577706,-0.07515418539710539,-4.1429290771484375,1.4864728450775146,3.731049060821533,10.322850418873422,True,False
379,18977,mutated_elite,22.709999999999894,0.7388927968336437,-0.6994544195154675,7.398516654968262,-20.34230613708496,7.286437034606934,2.3069519443770563,True,False
380,19017,mutated_elite,24.66499999999996,0.34566612486719595,-0.6056888450483581,11.527459144592285,-24.83599853515625,14.49571704864502,5.848830018577024,True,False
381,19109,mutated_elite,17.23699999999999,-0.5532654559455839,-0.23776314060590556,6.11380672454834,-6.8071818351745605,14.929481506347656,4.779021131645484,True,False
382,19110,mutated_elite,20.829999999999963,0.6773608261984178,-0.5012431740494044,9.003461837768555,-11.379865646362305,8.285284996032715,7.885092762791544,True,False
383,19139,mutated_elite,16.859999999999925,-0.18952599415201768,0.2608098592272144,-0.8601930737495422,-3.851865291595459,10.538070678710938,9.81091833009811,True,False
384,19180,mutated_elite,-1.1659999999999995,-0.6989463223347014,-0.6655604307199269,-3.3783750534057617,2.7477023601531982,1.9934945106506348,2.725702646163534,True,False
385,19214,mutated_elite,6.5769999999999955,-0.11077538251527863,0.3792959815143009,12.07686996459961,-3.2453112602233887,10.167222023010254,4.046137887371596,True,False
386,19223,mutated_elite,7.217999999999995,0.40686637721371993,-0.4647299536642432,5.9969940185546875,-3.926651954650879,8.094481468200684,5.252095515322686,True,False
387,19319,mutated_elite,5.883999999999997,-0.1848508907415624,-0.2972009345941879,-2.907646894454956,-1.0423691272735596,8.663230895996094,4.179507500308858,True,False
388,19348,mutated_elite,10.944000000000004,0.8210760636635126,0.3660253494753376,7.016545295715332,-3.7954769134521484,11.027849197387695,4.147862474974282,True,False
389,19502,mutated_elite,7.804999999999994,0.2532070751086436,0.9005565693415388,17.59340476989746,4.045664310455322,9.402175903320312,4.633079113611988,True,False
390,19538,mutated_elite,14.917999999999942,0.05144698620201116,0.8561875590924638,13.477375030517578,-5.738338470458984,14.880450248718262,7.282844930839172,True,False
391,19601,mutated_elite,1.341000000000001,-0.7128188896130628,-0.6534885758781408,-4.803040027618408,3.4544553756713867,0.07584043592214584,0.7311186269563205,False,True
392,19632,mutated_elite,1.6959999999999873,-0.9739311527032788,-0.9736065605881352,-3.635918617248535,0.01080794632434845,4.07919979095459,1.6223992704521593,True,False
393,19636,mutated_elite,10.858999999999988,0.22133845596828028,0.9631961007433455,7.856939315795898,-6.5079474449157715,10.708779335021973,6.342539162646742,True,False
394,19682,mutated_elite,18.819999999999933,-0.9745728776961222,-0.43674554835424123,5.2279205322265625,-9.562470436096191,9.313356399536133,5.675928484979579,True,False
395,19833,mutated_elite,3.1479999999999984,-0.8633596554791136,0.7891745648290007,0.7301809787750244,2.3626601696014404,5.997253894805908,4.014818889733401,True,False
396,19857,mutated_elite,10.84999999999997,0.8745338930549194,0.416440966350088,18.036285400390625,-5.385948181152344,9.469830513000488,8.85818283187211,True,False
397,19874,mutated_elite,12.216999999999997,-0.7433330096475319,0.49309606665029343,-0.3563171625137329,-0.16664861142635345,12.596717834472656,5.049311145196528,True,False
398,19911,mutated_elite,19.61999999999993,-0.270723952325975,-0.9675886074348349,1.4908517599105835,-7.277339458465576,16.49372673034668,2.939033435496118,True,False
399,19968,mutated_elite,11.602000000000006,0.24614622996104624,0.09333485302049205,-3.97041916847229,-1.8931589126586914,11.609848976135254,6.434429795664426,True,False
