evaluation,event,filled_cells,coverage,qd_score,raw_qd_score,qd_score_fitness_floor,max_fitness,mean_fitness,occupancy_entropy,mean_pairwise_descriptor_euclidean,mean_pairwise_descriptor_knn_geodesic,pairwise_geodesic_k,pairwise_geodesic_finite_fraction,pairwise_geodesic_disconnected_pairs
2000,bootstrap,118,0.1888,1307.6549999999984,717.6549999999986,-5.0,20.339999999999943,6.081822033898293,0.7410482547367301,22.24638686345902,24.851377166608142,5,1.0,0
2100,log,127,0.2032,1466.683999999998,831.6839999999984,-5.0,26.344999999999867,6.548692913385814,0.7524656665898164,nan,nan,5,nan,-1
2200,log,131,0.2096,1545.417999999998,890.4179999999981,-5.0,26.344999999999867,6.797083969465634,0.7572826024440955,nan,nan,5,nan,-1
2300,log,134,0.2144,1638.987999999998,968.9879999999976,-5.0,26.344999999999867,7.231253731343266,0.7607997428964904,nan,nan,5,nan,-1
2400,log,141,0.2256,1782.7779999999975,1077.777999999997,-5.0,26.344999999999867,7.643815602836859,0.7687093506598378,nan,nan,5,nan,-1
2500,log,145,0.232,1868.466999999997,1143.466999999997,-5.0,26.344999999999867,7.885979310344807,0.7730546335418749,nan,nan,5,nan,-1
2600,log,149,0.2384,1951.6339999999968,1206.6339999999968,-5.0,26.344999999999867,8.09821476510065,0.7772816626361083,nan,nan,5,nan,-1
2700,log,151,0.2416,2008.3699999999967,1253.3699999999967,-5.0,26.344999999999867,8.300463576158918,0.7793528097686653,nan,nan,5,nan,-1
2800,log,152,0.2432,2045.3869999999965,1285.3869999999965,-5.0,26.344999999999867,8.456493421052608,0.7803781186638324,nan,nan,5,nan,-1
2900,log,153,0.2448,2069.3769999999968,1304.3769999999963,-5.0,26.344999999999867,8.525339869281021,0.7813967041736396,nan,nan,5,nan,-1
3000,log,154,0.2464,2089.9819999999963,1319.9819999999963,-5.0,26.344999999999867,8.571311688311665,0.7824086539001348,24.335779674560275,27.01113754586633,5,1.0,0
3100,log,156,0.2496,2147.5429999999965,1367.542999999996,-5.0,26.344999999999867,8.766301282051257,0.7844129879499635,nan,nan,5,nan,-1
3200,log,159,0.2544,2208.332999999996,1413.3329999999962,-5.0,26.344999999999867,8.888886792452807,0.7873718151938622,nan,nan,5,nan,-1
3300,log,164,0.2624,2336.7099999999955,1516.7099999999955,-5.0,26.344999999999867,9.248231707317046,0.7921812932987274,nan,nan,5,nan,-1
3400,log,166,0.2656,2392.5209999999956,1562.5209999999956,-5.0,26.344999999999867,9.412777108433708,0.794064149487012,nan,nan,5,nan,-1
3500,log,171,0.2736,2522.9559999999956,1667.9559999999954,-5.0,26.344999999999867,9.754128654970733,0.7986737973517803,nan,nan,5,nan,-1
3600,log,173,0.2768,2567.4439999999954,1702.4439999999954,-5.0,26.344999999999867,9.840716763005753,0.8004800239084688,nan,nan,5,nan,-1
3700,log,176,0.2816,2627.3609999999953,1747.360999999995,-5.0,26.344999999999867,9.928187499999972,0.8031505836746375,nan,nan,5,nan,-1
3800,log,178,0.2848,2683.671999999995,1793.671999999995,-5.0,26.344999999999867,10.076808988764016,0.8049057857807015,nan,nan,5,nan,-1
3900,log,180,0.288,2730.7239999999947,1830.723999999995,-5.0,26.344999999999867,10.170688888888861,0.8066413762796892,nan,nan,5,nan,-1
4000,log,185,0.296,2839.0959999999945,1914.0959999999948,-5.0,26.344999999999867,10.346464864864837,0.8108973612382323,26.927929875991904,29.6009399336272,5,1.0,0
4100,log,188,0.3008,2899.908999999994,1959.9089999999946,-5.0,26.344999999999867,10.425047872340397,0.813396081075038,nan,nan,5,nan,-1
4200,log,190,0.304,2951.336999999994,2001.3369999999943,-5.0,26.344999999999867,10.533352631578918,0.8150398396271359,nan,nan,5,nan,-1
4300,log,194,0.3104,3040.5479999999943,2070.5479999999943,-5.0,26.344999999999867,10.672927835051517,0.8182760761327326,nan,nan,5,nan,-1
4400,log,194,0.3104,3059.658999999994,2089.658999999994,-5.0,26.344999999999867,10.771438144329867,0.8182760761327326,nan,nan,5,nan,-1
4500,log,197,0.3152,3152.1069999999936,2167.106999999994,-5.0,26.344999999999867,11.000543147208091,0.8206597607651288,nan,nan,5,nan,-1
4600,log,200,0.32,3201.6149999999934,2201.614999999994,-5.0,26.344999999999867,11.00807499999997,0.8230074185550448,nan,nan,5,nan,-1
4700,log,207,0.3312,3398.772999999993,2363.7729999999933,-5.0,26.344999999999867,11.419193236714943,0.8283511206095876,nan,nan,5,nan,-1
4800,log,207,0.3312,3408.418999999993,2373.4189999999935,-5.0,26.344999999999867,11.46579227053137,0.8283511206095876,nan,nan,5,nan,-1
4900,log,209,0.3344,3479.580999999993,2434.5809999999933,-5.0,26.344999999999867,11.648712918660255,0.8298447257100322,nan,nan,5,nan,-1
5000,log,213,0.3408,3554.4819999999927,2489.481999999993,-5.0,26.344999999999867,11.687708920187761,0.8327895292340064,28.018210244871906,30.60393314904036,5,1.0,0
5100,log,216,0.3456,3628.888999999992,2548.8889999999924,-5.0,26.344999999999867,11.800412037037002,0.8349620644195339,nan,nan,5,nan,-1
5200,log,221,0.3536,3741.292999999992,2636.2929999999924,-5.0,26.344999999999867,11.92892760180992,0.8385167672224175,nan,nan,5,nan,-1
5300,log,225,0.36,3852.510999999992,2727.510999999992,-5.0,26.344999999999867,12.122271111111075,0.8413030972429927,nan,nan,5,nan,-1
5400,log,226,0.3616,3887.289999999992,2757.289999999992,-5.0,26.344999999999867,12.200398230088458,0.8419919397627329,nan,nan,5,nan,-1
5500,log,228,0.3648,3952.9079999999917,2812.9079999999917,-5.0,26.344999999999867,12.337315789473648,0.8433605277669806,nan,nan,5,nan,-1
5600,log,233,0.3728,4067.152999999991,2902.152999999991,-5.0,26.344999999999867,12.455592274678073,0.846730155207043,nan,nan,5,nan,-1
5700,log,236,0.3776,4142.943999999991,2962.9439999999913,-5.0,26.344999999999867,12.554847457627082,0.8487173942550784,nan,nan,5,nan,-1
5800,log,238,0.3808,4207.087999999991,3017.0879999999906,-5.0,26.344999999999867,12.676840336134415,0.8500282352295372,nan,nan,5,nan,-1
5900,log,241,0.3856,4284.306999999992,3079.3069999999907,-5.0,26.344999999999867,12.777207468879629,0.8519739859357939,nan,nan,5,nan,-1
6000,log,243,0.3888,4330.03299999999,3115.032999999991,-5.0,26.344999999999867,12.819065843621361,0.8532577431074816,29.33598171615502,32.127054128512945,5,1.0,0
6100,log,248,0.3968,4456.81499999999,3216.8149999999905,-5.0,26.344999999999867,12.971028225806414,0.8564214722993756,nan,nan,5,nan,-1
6200,log,251,0.4016,4529.04999999999,3274.04999999999,-5.0,26.344999999999867,13.044023904382431,0.8582892350869155,nan,nan,5,nan,-1
6300,log,254,0.4064,4608.15099999999,3338.15099999999,-5.0,26.344999999999867,13.142326771653503,0.8601348061081646,nan,nan,5,nan,-1
6400,log,254,0.4064,4625.39099999999,3355.3909999999896,-5.0,26.344999999999867,13.210200787401535,0.8601348061081646,nan,nan,5,nan,-1
6500,log,259,0.4144,4766.50299999999,3471.5029999999897,-5.0,26.344999999999867,13.403486486486447,0.8631628500187742,nan,nan,5,nan,-1
6600,log,262,0.4192,4855.571999999989,3545.571999999989,-5.0,26.344999999999867,13.532717557251868,0.8649517419624438,nan,nan,5,nan,-1
6700,log,265,0.424,4950.336999999989,3625.3369999999886,-5.0,28.92499999999988,13.680516981132033,0.8667202665723659,nan,nan,5,nan,-1
6800,log,268,0.4288,5024.131999999989,3684.131999999988,-5.0,28.92499999999988,13.746761194029805,0.8684688824148388,nan,nan,5,nan,-1
6900,log,270,0.432,5067.239999999988,3717.239999999988,-5.0,28.92499999999988,13.76755555555551,0.8696237853828374,nan,nan,5,nan,-1
7000,log,273,0.4368,5143.690999999988,3778.690999999988,-5.0,28.92499999999988,13.841358974358931,0.8713401976938089,31.053149152179394,34.44689107830389,5,1.0,0
7100,log,275,0.44,5222.508999999988,3847.508999999988,-5.0,28.92499999999988,13.990941818181776,0.8724740256012447,nan,nan,5,nan,-1
7200,log,277,0.4432,5287.461999999987,3902.4619999999877,-5.0,28.92499999999988,14.088310469314035,0.8735996372922553,nan,nan,5,nan,-1
7300,log,277,0.4432,5303.069999999988,3918.069999999988,-5.0,28.92499999999988,14.144657039711147,0.8735996372922553,nan,nan,5,nan,-1
7400,log,277,0.4432,5319.257999999987,3934.257999999988,-5.0,28.92499999999988,14.203097472924144,0.8735996372922553,nan,nan,5,nan,-1
7500,log,280,0.448,5402.144999999988,4002.1449999999877,-5.0,28.92499999999988,14.293374999999957,0.8752729073355867,nan,nan,5,nan,-1
7600,log,284,0.4544,5483.7779999999875,4063.7779999999875,-5.0,28.92499999999988,14.309077464788688,0.8774762596492066,nan,nan,5,nan,-1
7700,log,285,0.456,5516.587999999987,4091.587999999987,-5.0,28.92499999999988,14.356449122806971,0.878022248730284,nan,nan,5,nan,-1
7800,log,286,0.4576,5561.076999999987,4131.076999999987,-5.0,28.92499999999988,14.444325174825128,0.8785663254113634,nan,nan,5,nan,-1
7900,log,288,0.4608,5611.710999999987,4171.710999999987,-5.0,28.92499999999988,14.485107638888842,0.879648794834734,nan,nan,5,nan,-1
8000,log,289,0.4624,5637.978999999987,4192.978999999987,-5.0,28.92499999999988,14.508577854671234,0.8801872138612941,31.6736985315969,35.345079113507815,5,1.0,0
8100,log,289,0.4624,5653.561999999986,4208.561999999986,-5.0,28.92499999999988,14.562498269896146,0.8801872138612941,nan,nan,5,nan,-1
8200,log,290,0.464,5694.097999999987,4244.097999999987,-5.0,28.92499999999988,14.634820689655129,0.8807237730602232,nan,nan,5,nan,-1
8300,log,293,0.4688,5769.0719999999865,4304.0719999999865,-5.0,28.92499999999988,14.689665529010194,0.8823224190777299,nan,nan,5,nan,-1
8400,log,293,0.4688,5777.639999999987,4312.639999999987,-5.0,28.92499999999988,14.718907849829305,0.8823224190777299,nan,nan,5,nan,-1
8500,log,295,0.472,5832.640999999986,4357.640999999986,-5.0,28.92499999999988,14.771664406779614,0.8833791152183819,nan,nan,5,nan,-1
8600,log,296,0.4736,5867.405999999986,4387.405999999985,-5.0,28.92499999999988,14.822317567567518,0.8839047797932771,nan,nan,5,nan,-1
8700,log,296,0.4736,5880.682999999986,4400.682999999985,-5.0,28.92499999999988,14.867172297297248,0.8839047797932771,nan,nan,5,nan,-1
8800,log,296,0.4736,5882.492999999986,4402.492999999986,-5.0,28.92499999999988,14.873287162162114,0.8839047797932771,nan,nan,5,nan,-1
8900,log,296,0.4736,5888.717999999986,4408.717999999986,-5.0,28.92499999999988,14.894317567567521,0.8839047797932771,nan,nan,5,nan,-1
9000,log,297,0.4752,5924.4689999999855,4439.4689999999855,-5.0,28.92499999999988,14.947707070707022,0.8844286714657336,31.93648998299332,35.27670675408289,5,1.0,0
9100,log,298,0.4768,5952.311999999985,4462.311999999985,-5.0,28.92499999999988,14.97420134228183,0.8849508021544567,nan,nan,5,nan,-1
9200,log,300,0.48,6013.736999999986,4513.736999999986,-5.0,28.92499999999988,15.045789999999954,0.8859898276581929,nan,nan,5,nan,-1
9300,log,301,0.4816,6046.835999999985,4541.835999999986,-5.0,28.92499999999988,15.089156146179354,0.8865067457180579,nan,nan,5,nan,-1
9400,log,302,0.4832,6085.743999999986,4575.743999999986,-5.0,28.92499999999988,15.151470198675451,0.8870219492870135,nan,nan,5,nan,-1
9500,log,303,0.4848,6122.0759999999855,4607.0759999999855,-5.0,28.92499999999988,15.204871287128665,0.8875354497005677,nan,nan,5,nan,-1
9600,log,304,0.4864,6145.911999999986,4625.911999999986,-5.0,28.92499999999988,15.216815789473637,0.8880472581821808,nan,nan,5,nan,-1
9700,log,304,0.4864,6151.6339999999855,4631.6339999999855,-5.0,28.92499999999988,15.23563815789469,0.8880472581821808,nan,nan,5,nan,-1
9800,log,306,0.4896,6207.760999999986,4677.760999999986,-5.0,28.92499999999988,15.286800653594725,0.8890658436919879,nan,nan,5,nan,-1
9900,log,307,0.4912,6244.967999999985,4709.967999999985,-5.0,28.92499999999988,15.341915309446206,0.8895726426199878,nan,nan,5,nan,-1
10000,retrain,210,0.336,3731.228999999993,2681.228999999993,-5.0,28.92499999999988,12.767757142857109,0.8305861769203865,19.50398388245625,21.746907754274478,5,1.0,0
10000,log,210,0.336,3731.228999999993,2681.228999999993,-5.0,28.92499999999988,12.767757142857109,0.8305861769203865,19.50398388245625,21.746907754274478,5,1.0,0
10100,log,210,0.336,3736.290999999993,2686.290999999993,-5.0,28.92499999999988,12.791861904761872,0.8305861769203865,nan,nan,5,nan,-1
10200,log,211,0.3376,3753.1589999999933,2698.1589999999933,-5.0,28.92499999999988,12.787483412322244,0.8313241057839196,nan,nan,5,nan,-1
10300,log,211,0.3376,3767.3029999999926,2712.302999999993,-5.0,28.92499999999988,12.854516587677692,0.8313241057839196,nan,nan,5,nan,-1
10400,log,212,0.3392,3786.8379999999925,2726.8379999999925,-5.0,28.92499999999988,12.862443396226379,0.8320585456090624,nan,nan,5,nan,-1
10500,log,213,0.3408,3811.808999999993,2746.8089999999925,-5.0,28.92499999999988,12.895816901408415,0.8327895292340064,nan,nan,5,nan,-1
10600,log,213,0.3408,3816.254999999993,2751.2549999999924,-5.0,28.92499999999988,12.916690140845034,0.8327895292340064,nan,nan,5,nan,-1
10700,log,214,0.3424,3853.9669999999924,2783.9669999999924,-5.0,28.92499999999988,13.009191588785011,0.8335170890355121,nan,nan,5,nan,-1
10800,log,215,0.344,3892.7879999999923,2817.7879999999923,-5.0,29.864999999999945,13.105990697674383,0.8342412569375159,nan,nan,5,nan,-1
10900,log,216,0.3456,3925.842999999992,2845.8429999999926,-5.0,29.864999999999945,13.17519907407404,0.8349620644195339,nan,nan,5,nan,-1
11000,log,217,0.3472,3935.3919999999925,2850.3919999999925,-5.0,29.864999999999945,13.135447004608261,0.8356795425248726,19.83438100855207,22.00611157936237,5,1.0,0
11100,log,217,0.3472,3942.233999999992,2857.233999999992,-5.0,29.864999999999945,13.166976958525309,0.8356795425248726,nan,nan,5,nan,-1
11200,log,218,0.3488,3970.001999999992,2880.001999999992,-5.0,29.864999999999945,13.211018348623817,0.8363937218686529,nan,nan,5,nan,-1
11300,log,219,0.3504,4007.063999999993,2912.063999999992,-5.0,29.864999999999945,13.297095890410922,0.8371046326456475,nan,nan,5,nan,-1
11400,log,220,0.352,4044.9219999999923,2944.9219999999923,-5.0,29.864999999999945,13.386009090909056,0.8378123046379412,nan,nan,5,nan,-1
11500,log,221,0.3536,4054.0799999999917,2949.0799999999917,-5.0,29.864999999999945,13.34425339366512,0.8385167672224175,nan,nan,5,nan,-1
11600,log,223,0.3568,4114.803999999992,2999.803999999992,-5.0,29.864999999999945,13.452035874439426,0.8399161796931883,nan,nan,5,nan,-1
11700,log,223,0.3568,4125.238999999992,3010.2389999999923,-5.0,29.864999999999945,13.498829596412522,0.8399161796931883,nan,nan,5,nan,-1
11800,log,223,0.3568,4132.519999999992,3017.5199999999923,-5.0,29.864999999999945,13.531479820627768,0.8399161796931883,nan,nan,5,nan,-1
11900,log,224,0.3584,4170.742999999992,3050.742999999992,-5.0,29.864999999999945,13.619388392857108,0.8406111863722832,nan,nan,5,nan,-1
12000,log,225,0.36,4199.640999999992,3074.6409999999923,-5.0,29.864999999999945,13.665071111111077,0.8413030972429927,20.093988867025157,22.48635268040589,5,1.0,0
12100,log,225,0.36,4205.182999999993,3080.1829999999927,-5.0,29.864999999999945,13.68970222222219,0.8413030972429927,nan,nan,5,nan,-1
12200,log,225,0.36,4212.914999999993,3087.9149999999922,-5.0,29.864999999999945,13.724066666666632,0.8413030972429927,nan,nan,5,nan,-1
12300,log,226,0.3616,4246.669999999992,3116.669999999992,-5.0,29.864999999999945,13.790575221238901,0.8419919397627329,nan,nan,5,nan,-1
12400,log,226,0.3616,4257.238999999992,3127.238999999992,-5.0,29.864999999999945,13.837340707964566,0.8419919397627329,nan,nan,5,nan,-1
12500,log,226,0.3616,4264.557999999992,3134.557999999992,-5.0,29.864999999999945,13.869725663716778,0.8419919397627329,nan,nan,5,nan,-1
12600,log,227,0.3632,4283.671999999991,3148.6719999999923,-5.0,29.864999999999945,13.870801762114503,0.8426777410252432,nan,nan,5,nan,-1
12700,log,228,0.3648,4317.020999999992,3177.0209999999915,-5.0,29.864999999999945,13.93430263157891,0.8433605277669806,nan,nan,5,nan,-1
12800,log,228,0.3648,4324.400999999992,3184.4009999999917,-5.0,29.864999999999945,13.966671052631542,0.8433605277669806,nan,nan,5,nan,-1
12900,log,228,0.3648,4325.691999999992,3185.691999999992,-5.0,29.864999999999945,13.972333333333298,0.8433605277669806,nan,nan,5,nan,-1
13000,log,230,0.368,4368.259999999992,3218.259999999992,-5.0,29.864999999999945,13.992434782608662,0.8447171628849433,20.38909801690951,22.77777038409774,5,1.0,0
13100,log,231,0.3696,4380.462999999992,3225.4629999999916,-5.0,29.864999999999945,13.963043290043254,0.8453910630032827,nan,nan,5,nan,-1
13200,log,231,0.3696,4393.413999999992,3238.4139999999916,-5.0,29.864999999999945,14.019108225108189,0.8453910630032827,nan,nan,5,nan,-1
13300,log,231,0.3696,4396.652999999992,3241.652999999992,-5.0,29.864999999999945,14.033129870129835,0.8453910630032827,nan,nan,5,nan,-1
13400,log,231,0.3696,4410.833999999992,3255.8339999999916,-5.0,29.864999999999945,14.094519480519445,0.8453910630032827,nan,nan,5,nan,-1
13500,log,231,0.3696,4414.310999999992,3259.310999999992,-5.0,29.864999999999945,14.109571428571394,0.8453910630032827,nan,nan,5,nan,-1
13600,log,231,0.3696,4426.460999999992,3271.460999999992,-5.0,29.864999999999945,14.162168831168797,0.8453910630032827,nan,nan,5,nan,-1
13700,log,232,0.3712,4440.825999999992,3280.825999999992,-5.0,29.864999999999945,14.14149137931031,0.8460620520969198,nan,nan,5,nan,-1
13800,log,233,0.3728,4472.693999999992,3307.693999999992,-5.0,29.864999999999945,14.196111587982797,0.846730155207043,nan,nan,5,nan,-1
13900,log,233,0.3728,4480.647999999992,3315.647999999992,-5.0,29.864999999999945,14.230248927038591,0.846730155207043,nan,nan,5,nan,-1
14000,log,234,0.3744,4515.024999999991,3345.024999999992,-5.0,29.864999999999945,14.294978632478598,0.8473953970531116,20.56578789663841,23.188099004858664,5,1.0,0
14100,log,235,0.376,4554.664999999992,3379.664999999992,-5.0,29.864999999999945,14.381553191489326,0.8480578020383415,nan,nan,5,nan,-1
14200,log,237,0.3792,4601.236999999992,3416.236999999992,-5.0,29.864999999999945,14.414502109704607,0.8493741974900547,nan,nan,5,nan,-1
14300,log,239,0.3824,4628.308999999992,3433.308999999991,-5.0,29.864999999999945,14.365309623430925,0.8506795306643662,nan,nan,5,nan,-1
14400,log,241,0.3856,4704.848999999991,3499.848999999991,-5.0,32.10499999999992,14.522195020746851,0.8519739859357939,nan,nan,5,nan,-1
14500,log,241,0.3856,4707.596999999992,3502.5969999999907,-5.0,32.10499999999992,14.533597510373406,0.8519739859357939,nan,nan,5,nan,-1
14600,log,242,0.3872,4717.6369999999915,3507.6369999999906,-5.0,32.10499999999992,14.494367768595003,0.8526171907208374,nan,nan,5,nan,-1
14700,log,242,0.3872,4720.471999999992,3510.4719999999907,-5.0,32.10499999999992,14.50608264462806,0.8526171907208374,nan,nan,5,nan,-1
14800,log,242,0.3872,4729.022999999991,3519.022999999991,-5.0,32.10499999999992,14.541417355371864,0.8526171907208374,nan,nan,5,nan,-1
14900,log,242,0.3872,4733.1009999999915,3523.1009999999906,-5.0,32.10499999999992,14.558268595041284,0.8526171907208374,nan,nan,5,nan,-1
15000,log,242,0.3872,4744.149999999991,3534.149999999991,-5.0,32.10499999999992,14.603925619834673,0.8526171907208374,21.055333044819456,23.188313609331093,5,1.0,0
15100,log,245,0.392,4809.200999999992,3584.200999999991,-5.0,32.10499999999992,14.629391836734657,0.8545309775610839,nan,nan,5,nan,-1
15200,log,245,0.392,4813.289999999992,3588.289999999991,-5.0,32.10499999999992,14.646081632653024,0.8545309775610839,nan,nan,5,nan,-1
15300,log,247,0.3952,4871.438999999991,3636.4389999999903,-5.0,32.10499999999992,14.722425101214535,0.8557938604005583,nan,nan,5,nan,-1
15400,log,247,0.3952,4873.883999999991,3638.88399999999,-5.0,32.10499999999992,14.732323886639636,0.8557938604005583,nan,nan,5,nan,-1
15500,log,248,0.3968,4883.696999999991,3643.696999999991,-5.0,32.10499999999992,14.692326612903189,0.8564214722993756,nan,nan,5,nan,-1
15600,log,248,0.3968,4885.9669999999915,3645.966999999991,-5.0,32.10499999999992,14.701479838709641,0.8564214722993756,nan,nan,5,nan,-1
15700,log,249,0.3984,4901.704999999991,3656.704999999991,-5.0,32.10499999999992,14.685562248995947,0.85704655859016,nan,nan,5,nan,-1
15800,log,251,0.4016,4970.814999999991,3715.8149999999914,-5.0,32.10499999999992,14.80404382470116,0.8582892350869155,nan,nan,5,nan,-1
15900,log,251,0.4016,4977.082999999991,3722.0829999999905,-5.0,32.10499999999992,14.829015936254942,0.8582892350869155,nan,nan,5,nan,-1
16000,log,253,0.4048,5044.550999999991,3779.5509999999913,-5.0,32.10499999999992,14.938936758893247,0.8595220489678395,21.426898513184472,23.545813828314913,5,1.0,0
16100,log,255,0.408,5111.445999999991,3836.4459999999904,-5.0,32.10499999999992,15.044886274509766,0.8607451555521433,nan,nan,5,nan,-1
16200,log,255,0.408,5126.445999999991,3851.4459999999913,-5.0,32.10499999999992,15.103709803921534,0.8607451555521433,nan,nan,5,nan,-1
16300,log,255,0.408,5147.749999999992,3872.7499999999914,-5.0,32.10499999999992,15.18725490196075,0.8607451555521433,nan,nan,5,nan,-1
16400,log,256,0.4096,5158.361999999992,3878.361999999991,-5.0,32.10499999999992,15.149851562499965,0.8613531161467861,nan,nan,5,nan,-1
16500,log,257,0.4112,5186.583999999992,3901.5839999999916,-5.0,32.10499999999992,15.181260700389073,0.8619587065186697,nan,nan,5,nan,-1
16600,log,260,0.416,5238.204999999991,3938.204999999991,-5.0,32.10499999999992,15.146942307692273,0.8637614393284672,nan,nan,5,nan,-1
16700,log,260,0.416,5245.885999999991,3945.885999999991,-5.0,32.10499999999992,15.176484615384581,0.8637614393284672,nan,nan,5,nan,-1
16800,log,261,0.4176,5276.8909999999905,3971.890999999991,-5.0,32.10499999999992,15.217973180076594,0.8643577307848677,nan,nan,5,nan,-1
16900,log,261,0.4176,5292.560999999991,3987.560999999991,-5.0,32.10499999999992,15.278011494252839,0.8643577307848677,nan,nan,5,nan,-1
17000,log,262,0.4192,5335.905999999991,4025.905999999991,-5.0,32.10499999999992,15.36605343511447,0.8649517419624438,21.773996325779933,23.878871881954964,5,1.0,0
17100,log,264,0.4224,5396.213999999991,4076.213999999991,-5.0,32.10499999999992,15.440204545454511,0.8661329927777857,nan,nan,5,nan,-1
17200,log,264,0.4224,5397.477999999991,4077.477999999991,-5.0,32.10499999999992,15.44499242424239,0.8661329927777857,nan,nan,5,nan,-1
17300,log,264,0.4224,5404.818999999991,4084.818999999991,-5.0,32.10499999999992,15.472799242424207,0.8661329927777857,nan,nan,5,nan,-1
17400,log,264,0.4224,5406.800999999991,4086.800999999991,-5.0,32.10499999999992,15.480306818181784,0.8661329927777857,nan,nan,5,nan,-1
17500,log,264,0.4224,5428.026999999991,4108.026999999991,-5.0,32.10499999999992,15.560708333333299,0.8661329927777857,nan,nan,5,nan,-1
17600,log,265,0.424,5444.943999999992,4119.94399999999,-5.0,32.10499999999992,15.546958490566002,0.8667202665723659,nan,nan,5,nan,-1
17700,log,267,0.4272,5516.129999999991,4181.129999999991,-5.0,32.10499999999992,15.65966292134828,0.8678881948838495,nan,nan,5,nan,-1
17800,log,267,0.4272,5522.159999999991,4187.159999999991,-5.0,32.10499999999992,15.682247191011202,0.8678881948838495,nan,nan,5,nan,-1
17900,log,267,0.4272,5536.172999999992,4201.172999999991,-5.0,32.229999999999954,15.734730337078616,0.8678881948838495,nan,nan,5,nan,-1
18000,log,267,0.4272,5536.172999999992,4201.172999999991,-5.0,32.229999999999954,15.734730337078616,0.8678881948838495,21.93611229308585,24.265980465057417,5,1.0,0
18100,log,267,0.4272,5541.923999999992,4206.923999999991,-5.0,32.229999999999954,15.756269662921314,0.8678881948838495,nan,nan,5,nan,-1
18200,log,267,0.4272,5546.218999999991,4211.218999999991,-5.0,32.229999999999954,15.772355805243413,0.8678881948838495,nan,nan,5,nan,-1
18300,log,267,0.4272,5551.833999999991,4216.833999999991,-5.0,32.229999999999954,15.793385767790227,0.8678881948838495,nan,nan,5,nan,-1
18400,log,267,0.4272,5553.948999999991,4218.948999999991,-5.0,32.229999999999954,15.801307116104837,0.8678881948838495,nan,nan,5,nan,-1
18500,log,267,0.4272,5562.2569999999905,4227.2569999999905,-5.0,32.229999999999954,15.832423220973748,0.8678881948838495,nan,nan,5,nan,-1
18600,log,268,0.4288,5606.158999999991,4266.158999999991,-5.0,32.229999999999954,15.918503731343248,0.8684688824148388,nan,nan,5,nan,-1
18700,log,268,0.4288,5613.735999999991,4273.735999999991,-5.0,32.229999999999954,15.946776119402951,0.8684688824148388,nan,nan,5,nan,-1
18800,log,268,0.4288,5624.58599999999,4284.58599999999,-5.0,32.229999999999954,15.987261194029815,0.8684688824148388,nan,nan,5,nan,-1
18900,log,268,0.4288,5626.721999999991,4286.721999999991,-5.0,32.229999999999954,15.995231343283548,0.8684688824148388,nan,nan,5,nan,-1
19000,log,269,0.4304,5646.896999999991,4301.896999999991,-5.0,32.229999999999954,15.992182156133795,0.8690474072312061,21.96403053191898,24.06356950161111,5,1.0,0
19100,log,269,0.4304,5646.94399999999,4301.94399999999,-5.0,32.229999999999954,15.992356877323385,0.8690474072312061,nan,nan,5,nan,-1
19200,log,269,0.4304,5654.73799999999,4309.73799999999,-5.0,32.229999999999954,16.02133085501855,0.8690474072312061,nan,nan,5,nan,-1
19300,log,270,0.432,5664.824999999992,4314.824999999991,-5.0,32.229999999999954,15.9808333333333,0.8696237853828374,nan,nan,5,nan,-1
19400,log,270,0.432,5674.7749999999905,4324.7749999999905,-5.0,32.229999999999954,16.01768518518515,0.8696237853828374,nan,nan,5,nan,-1
19500,log,270,0.432,5683.47899999999,4333.47899999999,-5.0,32.229999999999954,16.049922222222186,0.8696237853828374,nan,nan,5,nan,-1
19600,log,270,0.432,5686.770999999992,4336.770999999992,-5.0,32.229999999999954,16.062114814814784,0.8696237853828374,nan,nan,5,nan,-1
19700,log,271,0.4336,5720.49499999999,4365.494999999991,-5.0,32.229999999999954,16.10883763837635,0.8701980327416148,nan,nan,5,nan,-1
19800,log,272,0.4352,5765.559999999991,4405.559999999991,-5.0,32.59999999999995,16.19691176470585,0.8707701650040401,nan,nan,5,nan,-1
19900,log,272,0.4352,5779.1229999999905,4419.1229999999905,-5.0,32.59999999999995,16.246775735294083,0.8707701650040401,nan,nan,5,nan,-1
20000,log,272,0.4352,5780.06699999999,4420.06699999999,-5.0,32.59999999999995,16.250246323529375,0.8707701650040401,22.140593953745817,24.479866049647537,5,1.0,0
